customer_id,name,age,gender,city,customer_type,signup_date
CUST000001,Aryan Maharaj,56,Female,Indore,Regular,2023-09-13
CUST000002,Liam Chaudry,56,Male,Kolkata,New,2025-07-15
CUST000003,Pahal Balay,41,Male,Indore,Regular,2022-10-14
CUST000004,Tejas Kaul,39,Male,Indore,Regular,2024-10-22
CUST000005,Rushil Saini,55,Male,Hyderabad,Regular,2023-08-06
CUST000006,Arunima Ahuja,39,Male,Jaipur,Regular,2025-11-19
CUST000007,Pahal Oak,59,Male,Mumbai,Regular,2023-11-03
CUST000008,Tanveer Nayar,69,Female,Mumbai,Premium,2023-02-03
CUST000009,Lajita Chatterjee,24,Male,Kolkata,New,2024-03-08
CUST000010,Aishani Bassi,42,Other,Bengaluru,Regular,2025-10-05
CUST000011,Jeet Radhakrishnan,43,Male,Delhi,New,2022-12-29
CUST000012,Janaki Handa,24,Female,Indore,New,2025-08-27
CUST000013,Chakradev Kari,31,Male,Bengaluru,Regular,2025-12-11
CUST000014,Fariq Kaul,19,Male,Pune,Regular,2026-05-06
CUST000015,Lajita Mall,46,Other,Ahmedabad,Regular,2024-08-02
CUST000016,Nicholas Prabhakar,27,Female,Indore,Regular,2024-03-02
CUST000017,Amara Bora,57,Female,Bengaluru,Regular,2025-04-01
CUST000018,Yash Gade,41,Male,Jaipur,Regular,2024-08-16
CUST000019,Anamika Kanda,62,Male,Kolkata,Regular,2025-07-27
CUST000020,Daksh Karnik,18,Male,Indore,New,2026-02-25
CUST000021,Diya Rattan,68,Female,Mumbai,Regular,2023-10-18
CUST000022,Siddharth Murty,22,Female,Ahmedabad,New,2023-07-25
CUST000023,Meghana Shanker,24,Female,Bengaluru,New,2023-04-07
CUST000024,Liam Koshy,40,Female,Hyderabad,Regular,2025-10-29
CUST000025,Priya Rastogi,57,Male,Mumbai,Regular,2024-03-13
CUST000026,Lakshit Upadhyay,54,Other,Mumbai,Regular,2024-10-03
CUST000027,Champak Choudhary,43,Male,Kolkata,New,2023-04-23
CUST000028,Pahal Bhatt,32,Male,Ahmedabad,Regular,2024-04-17
CUST000029,Upadhriti Wadhwa,68,Male,Kolkata,Regular,2023-09-23
CUST000030,Ishwar Yadav,49,Female,Hyderabad,New,2025-11-07
CUST000031,Harini Choudhury,62,Female,Delhi,Premium,2023-11-27
CUST000032,Nakul Setty,24,Male,Pune,Premium,2022-09-03
CUST000033,Xiti Gokhale,59,Female,Jaipur,New,2024-10-25
CUST000034,Chanchal Tripathi,45,Female,Delhi,Premium,2025-04-01
CUST000035,Michael Prakash,28,Male,Kolkata,Premium,2025-11-25
CUST000036,Aadi Naik,56,Female,Chennai,New,2024-09-26
CUST000037,Isaac Patil,69,Male,Mumbai,New,2026-05-25
CUST000038,Wriddhish Bhardwaj,25,Female,Hyderabad,Regular,2023-09-07
CUST000039,Frederick Sunder,59,Male,Pune,New,2026-02-16
CUST000040,Jeremiah Dave,41,Female,Chennai,New,2025-06-18
CUST000041,Noah Lanka,69,Male,Kolkata,Regular,2024-11-25
CUST000042,Siddharth Zacharia,66,Male,Indore,New,2025-11-14
CUST000043,Devika Rastogi,66,Other,Pune,New,2025-07-07
CUST000044,Raksha Varughese,49,Female,Mumbai,Regular,2024-07-30
CUST000045,Yug Kar,61,Male,Pune,New,2022-12-06
CUST000046,Ansh Karpe,21,Male,Indore,New,2025-02-28
CUST000047,Abhimanyu Bobal,55,Male,Delhi,Premium,2025-09-01
CUST000048,Veer Bir,39,Female,Chennai,New,2026-07-05
CUST000049,Ganga Bobal,23,Female,Mumbai,Regular,2024-11-04
CUST000050,Arya Sunder,53,Male,Mumbai,Regular,2023-07-27
CUST000051,Urvashi Kibe,37,Female,Delhi,Premium,2025-12-29
CUST000052,Niharika Gupta,57,Male,Bengaluru,Regular,2023-01-22
CUST000053,Raagini Pandya,28,Male,Jaipur,New,2024-06-17
CUST000054,Unni Bhagat,48,Female,Mumbai,New,2025-07-10
CUST000055,Darsh Rau,33,Female,Jaipur,Regular,2025-10-03
CUST000056,Ikbal Kothari,66,Male,Hyderabad,Premium,2023-06-22
CUST000057,Saumya Dey,26,Male,Mumbai,Regular,2024-06-14
CUST000058,Arya Shere,20,Female,Pune,Regular,2023-09-21
CUST000059,Saanvi Chaudhari,41,Female,Chennai,New,2022-11-15
CUST000060,Girik Khalsa,55,Female,Mumbai,Regular,2023-05-14
CUST000061,Vedika Srivastava,42,Female,Bengaluru,New,2023-07-27
CUST000062,Daniel Gala,35,Female,Mumbai,Regular,2024-04-08
CUST000063,Madhavi Lanka,58,Male,Delhi,New,2026-08-07
CUST000064,Bhavika Sampath,38,Male,Indore,Regular,2025-08-15
CUST000065,Mohammed Gupta,24,Female,Chennai,Regular,2023-12-02
CUST000066,Dalbir Bhat,68,Female,Pune,New,2025-11-02
CUST000067,Dakshesh Bedi,55,Other,Mumbai,Premium,2025-02-21
CUST000068,Yadavi Wali,44,Male,Hyderabad,Regular,2023-04-30
CUST000069,Yashoda Buch,45,Female,Chennai,New,2026-04-12
CUST000070,Ekapad Bir,65,Male,Mumbai,Regular,2025-07-12
CUST000071,Netra Dar,34,Other,Hyderabad,Premium,2026-06-12
CUST000072,Balveer Bumb,58,Female,Chennai,Regular,2024-06-10
CUST000073,Advika Jayaraman,48,Other,Chennai,New,2025-07-04
CUST000074,William Lanka,38,Male,Chennai,Regular,2024-05-04
CUST000075,Charita Shankar,35,Female,Pune,Regular,2024-01-02
CUST000076,Aditya Shanker,57,Male,Bengaluru,Regular,2025-04-19
CUST000077,Ethan Yogi,39,Male,Ahmedabad,Premium,2023-07-26
CUST000078,Kevin Palla,34,Female,Jaipur,Regular,2026-05-28
CUST000079,Yash Pingle,65,Female,Ahmedabad,Regular,2023-11-14
CUST000080,Raksha Mittal,52,Male,Indore,Premium,2025-04-05
CUST000081,Chandani Chawla,24,Female,Delhi,Regular,2026-08-26
CUST000082,Aishani D’Alia,63,Female,Mumbai,Regular,2026-06-11
CUST000083,Nachiket Magar,45,Female,Kolkata,Regular,2023-11-09
CUST000084,Hemal Jani,68,Male,Pune,Regular,2025-07-31
CUST000085,Yashasvi Suresh,39,Male,Ahmedabad,Regular,2023-09-23
CUST000086,George Sampath,60,Male,Chennai,Regular,2026-03-09
CUST000087,Chaitanya Aggarwal,61,Other,Kolkata,New,2024-01-29
CUST000088,Adweta Edwin,62,Male,Mumbai,Regular,2025-10-23
CUST000089,Prisha Andra,69,Male,Bengaluru,Regular,2023-02-18
CUST000090,Manthan Banik,47,Male,Indore,Regular,2026-03-17
CUST000091,Manbir Sani,45,Female,Ahmedabad,New,2023-03-14
CUST000092,Darika Patla,40,Male,Hyderabad,New,2026-06-25
CUST000093,Ishita Kade,18,Male,Pune,Regular,2025-07-23
CUST000094,Harshil Pandya,57,Female,Chennai,Premium,2025-12-22
CUST000095,Mohammed Khalsa,56,Female,Hyderabad,Regular,2026-05-03
CUST000096,Peter Sachar,20,Male,Mumbai,Regular,2022-10-06
CUST000097,Gaurangi Sabharwal,46,Male,Hyderabad,New,2026-01-26
CUST000098,Amara Dutta,47,Female,Delhi,New,2026-01-03
CUST000099,Lavanya Barad,33,Male,Hyderabad,Regular,2026-04-23
CUST000100,Tristan Iyengar,50,Male,Hyderabad,Regular,2026-02-17
CUST000101,Inaya Mody,27,Female,Delhi,New,2026-02-23
CUST000102,Udant Bajwa,48,Male,Mumbai,Regular,2025-06-19
CUST000103,Mohini Narasimhan,18,Female,Delhi,Regular,2023-11-04
CUST000104,Arya Panchal,33,Female,Chennai,Premium,2025-05-21
CUST000105,Garima Bala,49,Female,Indore,Regular,2023-02-24
CUST000106,Pranav Lanka,52,Female,Chennai,Regular,2022-10-27
CUST000107,Radha Pai,60,Female,Mumbai,Regular,2025-10-03
CUST000108,Rajata Vaidya,57,Female,Bengaluru,New,2023-02-24
CUST000109,Ranveer Kumar,67,Female,Chennai,Regular,2022-11-05
CUST000110,Aarav Venkatesh,46,Female,Ahmedabad,Regular,2026-08-05
CUST000111,Januja Sankar,68,Male,Delhi,Regular,2022-12-15
CUST000112,Dipta Dash,67,Female,Indore,Regular,2025-09-20
CUST000113,Yashica More,38,Other,Delhi,New,2025-06-29
CUST000114,Eta Rau,26,Female,Mumbai,Premium,2025-08-16
CUST000115,Joshua Handa,65,Male,Chennai,Regular,2024-06-12
CUST000116,Owen Mitra,41,Female,Hyderabad,New,2024-05-20
CUST000117,Daksha Mangat,30,Female,Mumbai,New,2023-07-21
CUST000118,Ekanta Shroff,34,Female,Delhi,Regular,2024-07-15
CUST000119,Tanay Vaidya,39,Male,Mumbai,Regular,2024-09-02
CUST000120,Frado Mander,29,Female,Mumbai,New,2024-11-06
CUST000121,Girik Keer,24,Female,Delhi,Regular,2025-07-09
CUST000122,Umang Issac,64,Male,Hyderabad,Regular,2023-04-14
CUST000123,Chakradhar Konda,42,Female,Hyderabad,Regular,2024-09-05
CUST000124,Tamanna Sachdeva,40,Female,Kolkata,New,2026-06-05
CUST000125,Leena Talwar,59,Other,Ahmedabad,Regular,2024-05-10
CUST000126,Manbir Ahluwalia,40,Female,Bengaluru,Premium,2026-06-15
CUST000127,Pavani Kanda,26,Female,Chennai,New,2023-05-29
CUST000128,Chandresh Krish,24,Male,Indore,New,2026-07-24
CUST000129,Tanmayi Deol,67,Female,Bengaluru,New,2026-01-24
CUST000130,Edhitha Savant,54,Male,Indore,Regular,2025-04-06
CUST000131,Sanaya Dutt,18,Female,Chennai,Premium,2025-10-27
CUST000132,Shivani Lad,42,Female,Delhi,Regular,2025-11-08
CUST000133,Aradhana Verma,48,Female,Pune,Regular,2024-09-19
CUST000134,Anvi Sarraf,27,Female,Kolkata,Regular,2022-12-27
CUST000135,Wahab Magar,62,Male,Ahmedabad,Regular,2024-02-01
CUST000136,Faris Devi,25,Male,Jaipur,Regular,2023-04-20
CUST000137,Leela Dua,20,Female,Jaipur,Regular,2025-08-30
CUST000138,Devansh Sachdeva,66,Male,Chennai,New,2024-05-23
CUST000139,Unnati Sagar,23,Female,Hyderabad,New,2022-12-03
CUST000140,Osha Ramachandran,38,Other,Hyderabad,Regular,2026-07-04
CUST000141,Lajita Sood,36,Other,Bengaluru,New,2022-09-07
CUST000142,Chanchal Ramakrishnan,66,Female,Chennai,Regular,2026-04-15
CUST000143,Thomas Sura,20,Female,Jaipur,Premium,2023-08-04
CUST000144,Rajata Sunder,27,Female,Indore,Regular,2022-10-13
CUST000145,Gayathri Ravel,41,Female,Indore,New,2025-09-26
CUST000146,Unni Datta,53,Male,Ahmedabad,New,2025-04-21
CUST000147,Meera Bala,45,Male,Jaipur,Regular,2023-01-06
CUST000148,Krishna Shenoy,44,Female,Chennai,Regular,2023-06-07
CUST000149,Abha Raghavan,37,Female,Mumbai,Regular,2024-01-19
CUST000150,Suhani Narain,35,Male,Hyderabad,Regular,2024-02-04
CUST000151,Arunima Sama,19,Male,Bengaluru,Regular,2023-09-24
CUST000152,Upma Bahl,22,Male,Chennai,Regular,2025-11-04
CUST000153,Inaya Kapur,35,Other,Chennai,Regular,2025-06-03
CUST000154,Banjeet Balasubramanian,43,Male,Pune,Regular,2023-09-17
CUST000155,Anmol Dua,66,Female,Bengaluru,New,2023-09-03
CUST000156,Urvashi Contractor,18,Male,Kolkata,Premium,2025-01-21
CUST000157,Udyati Kunda,34,Female,Hyderabad,Premium,2025-12-02
CUST000158,Oliver Contractor,40,Female,Hyderabad,Regular,2025-12-19
CUST000159,Deepa Chokshi,36,Male,Jaipur,New,2025-02-12
CUST000160,Devika Prashad,68,Male,Delhi,New,2024-05-06
CUST000161,Faqid Kibe,66,Female,Bengaluru,Regular,2023-02-03
CUST000162,Jai Barman,25,Male,Ahmedabad,Regular,2024-02-19
CUST000163,Kamala Biswas,20,Female,Chennai,Regular,2024-10-22
CUST000164,Advik Salvi,22,Male,Jaipur,Regular,2026-02-26
CUST000165,Hitesh Sant,64,Male,Hyderabad,Regular,2024-03-13
CUST000166,Michael Saran,19,Female,Kolkata,New,2023-05-29
CUST000167,Veda Shroff,51,Male,Bengaluru,Regular,2024-07-05
CUST000168,Ekantika Korpal,32,Male,Bengaluru,Regular,2026-03-11
CUST000169,Arya Seshadri,55,Male,Kolkata,Regular,2023-09-11
CUST000170,Ladli Nayar,34,Female,Delhi,Regular,2022-10-12
CUST000171,Ekta Gopal,34,Female,Delhi,Regular,2024-09-24
CUST000172,Isha Kuruvilla,51,Female,Bengaluru,Regular,2024-02-08
CUST000173,Anya Anne,60,Female,Mumbai,Regular,2024-11-08
CUST000174,Frederick Khurana,40,Male,Pune,Regular,2025-09-20
CUST000175,Vrinda Khosla,21,Male,Indore,Regular,2025-08-05
CUST000176,Vritti Sem,49,Male,Bengaluru,Regular,2026-01-11
CUST000177,Girik Menon,68,Male,Hyderabad,Regular,2023-08-08
CUST000178,Yagnesh Mohan,59,Male,Hyderabad,Regular,2025-06-25
CUST000179,Urvashi Wali,22,Male,Ahmedabad,Premium,2024-02-14
CUST000180,Ganga Pandey,66,Female,Jaipur,New,2025-08-24
CUST000181,Anika Mohan,64,Female,Indore,Premium,2023-09-23
CUST000182,Jai Hans,65,Male,Ahmedabad,Premium,2024-01-01
CUST000183,Qasim Handa,25,Female,Delhi,New,2023-07-31
CUST000184,Aradhana Vohra,39,Male,Kolkata,Regular,2025-03-13
CUST000185,Harish Hari,19,Female,Indore,New,2023-12-02
CUST000186,Jalsa Gola,20,Female,Bengaluru,Regular,2023-12-11
CUST000187,Jonathan Mahal,52,Male,Jaipur,Regular,2022-11-07
CUST000188,Brinda Date,45,Male,Jaipur,Regular,2025-05-15
CUST000189,Harshil Arora,39,Male,Jaipur,Premium,2025-02-05
CUST000190,Upasna Srinivas,37,Male,Ahmedabad,Regular,2024-07-13
CUST000191,Qarin Behl,62,Male,Delhi,Regular,2023-09-25
CUST000192,Ishaan Bhattacharyya,51,Female,Indore,Regular,2024-05-12
CUST000193,Ethan Bera,36,Male,Hyderabad,Regular,2023-04-21
CUST000194,Daksha Chada,43,Female,Indore,Regular,2023-09-18
CUST000195,Omaja Kara,23,Female,Chennai,New,2025-12-15
CUST000196,Shravya Savant,38,Male,Kolkata,Regular,2023-12-03
CUST000197,Dalaja Bhasin,47,Male,Indore,Premium,2025-04-02
CUST000198,Sarthak Kakar,20,Female,Indore,Regular,2023-10-14
CUST000199,Naksh Khatri,41,Male,Bengaluru,Regular,2023-05-26
CUST000200,Naksh Agate,28,Female,Pune,Premium,2024-05-24
CUST000201,Upma Manne,47,Male,Mumbai,Regular,2022-10-18
CUST000202,Bhavya Mandal,19,Female,Indore,Regular,2025-08-25
CUST000203,Ekavir Kaur,62,Female,Pune,Premium,2026-08-03
CUST000204,Rudra Sandal,21,Male,Chennai,Regular,2023-02-23
CUST000205,Manthan Lata,29,Male,Ahmedabad,Regular,2026-03-05
CUST000206,Ekbal Bhasin,55,Female,Delhi,Regular,2023-05-13
CUST000207,Bhavya Sarna,20,Male,Bengaluru,Regular,2023-03-10
CUST000208,Daksha Rau,22,Male,Bengaluru,Regular,2023-10-25
CUST000209,Raksha Buch,19,Male,Hyderabad,New,2025-03-15
CUST000210,Rachana Naidu,26,Female,Indore,Regular,2025-03-23
CUST000211,Atharv Chand,52,Male,Chennai,Premium,2023-08-19
CUST000212,Amruta Baria,61,Male,Hyderabad,Regular,2025-11-26
CUST000213,Upma Venkataraman,26,Male,Mumbai,New,2025-06-06
CUST000214,Arunima Golla,57,Female,Indore,Regular,2025-02-23
CUST000215,Vyanjana Chand,54,Male,Mumbai,New,2024-08-28
CUST000216,Nilima Nath,22,Male,Ahmedabad,Premium,2024-01-09
CUST000217,Naveen Narayan,42,Female,Jaipur,Regular,2024-05-29
CUST000218,Bhavya Rattan,25,Male,Mumbai,Regular,2026-02-12
CUST000219,Suhani Chakrabarti,50,Female,Chennai,New,2023-12-30
CUST000220,Ekiya D’Alia,50,Male,Bengaluru,Regular,2025-12-11
CUST000221,Yoshita Agarwal,57,Male,Kolkata,New,2025-06-15
CUST000222,Odika Bhagat,23,Male,Mumbai,Regular,2023-06-16
CUST000223,Wishi Sathe,69,Female,Chennai,Regular,2025-11-21
CUST000224,Samar Loke,56,Female,Pune,Regular,2024-12-29
CUST000225,Bhavna Sarma,54,Female,Chennai,New,2026-05-28
CUST000226,Jairaj Balakrishnan,39,Female,Hyderabad,Premium,2025-05-03
CUST000227,Nathan Mukhopadhyay,50,Male,Delhi,Regular,2024-12-31
CUST000228,Nikita Chander,69,Male,Indore,New,2023-08-13
CUST000229,Triya Dalal,64,Male,Bengaluru,New,2025-05-31
CUST000230,Wishi Manne,68,Female,Delhi,Regular,2024-10-27
CUST000231,Ojasvi Subramanian,44,Male,Ahmedabad,Regular,2024-08-31
CUST000232,Tanmayi Dhillon,23,Male,Ahmedabad,Premium,2024-04-15
CUST000233,Yashoda Deshpande,29,Female,Indore,Regular,2026-05-02
CUST000234,Anya Sachdeva,42,Male,Indore,Premium,2024-02-07
CUST000235,Aarnav Mandal,29,Male,Delhi,Regular,2025-09-29
CUST000236,Vrishti Dixit,54,Female,Ahmedabad,Regular,2024-07-22
CUST000237,Hemani Natarajan,48,Female,Pune,New,2025-01-02
CUST000238,Tamanna Nagy,31,Female,Pune,Premium,2026-05-10
CUST000239,William Rajagopal,18,Male,Hyderabad,New,2023-08-26
CUST000240,Caleb Nadkarni,53,Male,Jaipur,Regular,2025-10-28
CUST000241,Lakshmi Raju,68,Female,Hyderabad,Regular,2025-06-25
CUST000242,Warhi Bansal,26,Male,Jaipur,New,2023-03-13
CUST000243,Harish Sarraf,58,Male,Delhi,Regular,2023-01-30
CUST000244,Alexander Dhawan,28,Female,Kolkata,Regular,2024-05-26
CUST000245,Falan Singh,51,Female,Mumbai,New,2025-12-25
CUST000246,Hamsini Rao,42,Female,Pune,New,2025-06-03
CUST000247,Falguni Walla,50,Male,Pune,New,2024-04-10
CUST000248,Vinaya Banik,67,Female,Kolkata,Premium,2025-04-14
CUST000249,Wahab Mani,58,Male,Pune,Premium,2023-08-17
CUST000250,Radha Chaudhari,57,Female,Chennai,Regular,2025-11-22
CUST000251,Sachi Ganesan,47,Female,Indore,Premium,2025-08-11
CUST000252,Ayush Batra,49,Male,Chennai,New,2024-01-14
CUST000253,Chaaya Parmer,47,Female,Mumbai,New,2024-04-02
CUST000254,Madhav Konda,31,Female,Bengaluru,Regular,2024-12-01
CUST000255,Pranit Garde,45,Female,Pune,Regular,2023-05-27
CUST000256,Lavanya Khosla,21,Male,Kolkata,Premium,2024-10-10
CUST000257,Vincent Shenoy,49,Male,Mumbai,Regular,2025-05-15
CUST000258,Tripti Kumer,50,Male,Bengaluru,Premium,2025-06-29
CUST000259,Udyati Mani,25,Male,Kolkata,Regular,2025-07-16
CUST000260,Ethan Sathe,40,Female,Indore,New,2024-02-16
CUST000261,Panini Krishna,64,Female,Mumbai,Regular,2024-08-07
CUST000262,Rushil Rajagopalan,64,Female,Mumbai,New,2026-04-15
CUST000263,Hredhaan Khalsa,31,Female,Delhi,Premium,2024-04-12
CUST000264,Chakrika Merchant,38,Male,Kolkata,Premium,2022-10-02
CUST000265,Anvi Anand,24,Female,Chennai,New,2025-01-24
CUST000266,Watika Mangat,36,Male,Mumbai,Regular,2025-12-16
CUST000267,Indira Kanda,35,Female,Hyderabad,Regular,2025-05-13
CUST000268,Zashil Devan,59,Female,Mumbai,Regular,2025-04-30
CUST000269,Balveer More,29,Female,Hyderabad,Regular,2026-01-05
CUST000270,Bahadurjit Patla,47,Male,Hyderabad,Regular,2025-10-09
CUST000271,Gautam Merchant,69,Other,Indore,New,2024-01-18
CUST000272,Parth Iyer,47,Female,Kolkata,Regular,2023-03-22
CUST000273,Yachana Mahajan,34,Female,Chennai,Regular,2026-03-11
CUST000274,Aarini Subramaniam,57,Female,Jaipur,Regular,2026-02-01
CUST000275,Hamsini Contractor,39,Female,Delhi,New,2024-08-25
CUST000276,Lohit Kara,46,Male,Kolkata,Regular,2026-04-26
CUST000277,Jasmit Chana,23,Female,Hyderabad,Regular,2026-01-08
CUST000278,Akshay Lalla,58,Male,Chennai,Regular,2024-12-09
CUST000279,Suhani Pillay,55,Female,Kolkata,New,2025-07-09
CUST000280,Lakshmi Prabhu,39,Male,Jaipur,Regular,2023-02-13
CUST000281,Urishilla Bakshi,44,Female,Jaipur,Regular,2025-04-17
CUST000282,Timothy Bhatnagar,27,Female,Ahmedabad,Regular,2025-05-12
CUST000283,Chasmum Rege,63,Male,Pune,Regular,2023-02-26
CUST000284,Chakradev Barad,68,Male,Mumbai,New,2023-12-14
CUST000285,Jack Chatterjee,38,Female,Delhi,Regular,2023-08-28
CUST000286,Lipika Setty,56,Female,Pune,Regular,2024-03-27
CUST000287,Mohammed Sachdeva,64,Female,Pune,Regular,2025-06-11
CUST000288,Vrishti Reddy,50,Male,Delhi,New,2026-08-26
CUST000289,Bachittar Prabhakar,69,Male,Bengaluru,Regular,2023-08-01
CUST000290,Sai Keer,19,Male,Jaipur,Regular,2026-04-18
CUST000291,Hardik Pillai,18,Female,Indore,Regular,2024-12-21
CUST000292,Darsh Rao,56,Male,Bengaluru,Regular,2023-10-31
CUST000293,Jason Sha,61,Other,Pune,Regular,2023-01-18
CUST000294,Ansh Bedi,36,Male,Chennai,New,2026-01-02
CUST000295,Yagnesh Dass,27,Female,Chennai,New,2026-01-02
CUST000296,Ekapad Johal,33,Female,Indore,Regular,2025-02-24
CUST000297,Viraj Narasimhan,34,Female,Pune,Regular,2025-12-13
CUST000298,Aarnav Malhotra,25,Male,Jaipur,Regular,2026-04-23
CUST000299,Kalpit Zachariah,43,Male,Ahmedabad,New,2023-09-22
CUST000300,Imaran Bal,27,Female,Chennai,New,2023-03-21
CUST000301,Ishita Khanna,38,Male,Kolkata,New,2025-02-28
CUST000302,Amol Ghosh,24,Male,Indore,Premium,2023-10-15
CUST000303,Jonathan Sama,40,Female,Delhi,Regular,2024-11-23
CUST000304,Devansh Soni,35,Female,Kolkata,New,2024-07-25
CUST000305,Yochana Chopra,48,Male,Bengaluru,Premium,2024-07-31
CUST000306,Caleb Verma,60,Male,Kolkata,Regular,2023-12-10
CUST000307,Azaan Bhat,56,Male,Chennai,Regular,2024-09-11
CUST000308,Pooja Chokshi,39,Male,Bengaluru,Regular,2024-09-28
CUST000309,Ethan Buch,62,Female,Bengaluru,New,2024-01-11
CUST000310,Dominic Date,59,Other,Kolkata,New,2023-10-30
CUST000311,Lakshmi Wali,35,Female,Mumbai,New,2023-11-30
CUST000312,Yashasvi Sani,63,Male,Chennai,Regular,2023-01-30
CUST000313,Tanveer Sani,61,Female,Indore,Regular,2024-07-30
CUST000314,Odika Nori,27,Male,Kolkata,Regular,2026-03-06
CUST000315,Mohini Sagar,18,Male,Mumbai,Regular,2025-10-05
CUST000316,Dhriti Sane,47,Female,Bengaluru,New,2023-12-27
CUST000317,Kavya Dua,42,Male,Hyderabad,Premium,2025-07-30
CUST000318,Ekalinga Chand,26,Male,Jaipur,Regular,2026-03-13
CUST000319,Girik Sankaran,29,Female,Hyderabad,Regular,2023-01-26
CUST000320,Kalpit Bhasin,60,Female,Kolkata,Premium,2025-02-25
CUST000321,Jason Roy,63,Female,Bengaluru,New,2024-02-29
CUST000322,Charan Mani,69,Male,Indore,Premium,2025-03-18
CUST000323,Indira Chawla,68,Female,Ahmedabad,New,2025-02-11
CUST000324,Mohammed Subramaniam,43,Male,Ahmedabad,Regular,2023-08-12
CUST000325,Inaya Pillai,23,Female,Pune,Premium,2023-02-23
CUST000326,Upkaar Sanghvi,66,Female,Delhi,Premium,2026-04-02
CUST000327,Amara Balakrishnan,59,Female,Bengaluru,Regular,2023-06-05
CUST000328,Dayamai Nori,41,Female,Mumbai,New,2024-02-25
CUST000329,Pratyush Dhar,64,Male,Delhi,Regular,2025-01-24
CUST000330,Ekaraj Dhar,51,Male,Indore,Regular,2025-10-23
CUST000331,Gavin Wali,45,Male,Mumbai,Premium,2023-07-29
CUST000332,Oni Setty,29,Male,Indore,Premium,2024-02-09
CUST000333,Kala Muni,28,Male,Indore,Regular,2025-09-22
CUST000334,Frado Ben,55,Male,Hyderabad,New,2023-04-27
CUST000335,Chandran Bumb,35,Male,Hyderabad,Premium,2023-10-25
CUST000336,Panini Sunder,67,Female,Mumbai,Regular,2025-03-29
CUST000337,Oeshi Mahajan,57,Female,Chennai,Premium,2023-07-29
CUST000338,Hemani Sani,36,Female,Chennai,New,2023-02-17
CUST000339,Vidhi Vyas,65,Female,Jaipur,Premium,2025-06-30
CUST000340,Chakradev Kannan,53,Female,Pune,New,2024-05-04
CUST000341,Abhimanyu Jayaraman,22,Female,Ahmedabad,Regular,2023-12-10
CUST000342,Laksh Kumer,48,Female,Ahmedabad,Regular,2023-11-21
CUST000343,Jagdish Amble,47,Female,Bengaluru,Regular,2024-10-09
CUST000344,Parth Dayal,31,Female,Kolkata,New,2024-04-10
CUST000345,Xiti Pandya,30,Female,Chennai,Regular,2022-12-18
CUST000346,Brijesh Sarin,57,Male,Indore,Regular,2022-09-27
CUST000347,Faras Munshi,65,Male,Kolkata,Regular,2025-02-08
CUST000348,Nidhi Sahni,49,Female,Hyderabad,New,2023-11-21
CUST000349,Nidhi Bail,21,Male,Delhi,New,2024-01-15
CUST000350,Triveni Pathak,44,Male,Pune,Regular,2023-01-12
CUST000351,Hitesh Kohli,18,Male,Indore,New,2024-07-05
CUST000352,Farhan Randhawa,67,Other,Delhi,Regular,2026-05-12
CUST000353,Harinakshi Kant,69,Female,Kolkata,New,2024-01-28
CUST000354,Faraj Uppal,50,Male,Mumbai,Regular,2025-05-08
CUST000355,Yashvi Hari,40,Male,Bengaluru,Premium,2026-07-06
CUST000356,Indali Divan,34,Male,Jaipur,New,2023-08-31
CUST000357,Madhav Kunda,46,Female,Delhi,Regular,2023-07-01
CUST000358,Michael Borra,64,Female,Pune,New,2023-05-31
CUST000359,Ucchal Sen,20,Female,Indore,Regular,2025-07-22
CUST000360,Diya Dora,38,Female,Hyderabad,Regular,2024-07-12
CUST000361,Upasna Sathe,23,Female,Hyderabad,Premium,2025-05-05
CUST000362,Anvi Bhalla,18,Male,Pune,New,2024-02-26
CUST000363,Dayita Shenoy,52,Male,Jaipur,Regular,2024-07-31
CUST000364,Dakshesh Pillay,35,Female,Indore,New,2026-03-12
CUST000365,Faraj Chana,42,Female,Hyderabad,New,2025-04-10
CUST000366,Turvi Barman,44,Female,Delhi,New,2024-07-27
CUST000367,Ekanta Soni,46,Male,Hyderabad,Premium,2024-10-15
CUST000368,David Seshadri,20,Male,Jaipur,New,2023-02-05
CUST000369,Frado Thaman,24,Male,Delhi,Regular,2025-05-28
CUST000370,Balveer Kota,55,Male,Pune,Regular,2025-09-01
CUST000371,Reva Viswanathan,19,Female,Chennai,New,2024-11-18
CUST000372,Januja Pradhan,35,Female,Bengaluru,Regular,2026-07-24
CUST000373,Lila Rege,48,Female,Jaipur,Premium,2025-12-14
CUST000374,Charles Natt,55,Female,Pune,Regular,2022-12-09
CUST000375,Girindra Raju,58,Male,Jaipur,Regular,2023-11-13
CUST000376,Mason Nath,32,Female,Pune,New,2023-01-02
CUST000377,Inaya Mukherjee,50,Female,Bengaluru,Regular,2025-06-13
CUST000378,Kai Chad,19,Female,Jaipur,Regular,2023-12-22
CUST000379,Falguni Datta,50,Female,Ahmedabad,Regular,2025-07-04
CUST000380,Pallavi Trivedi,19,Other,Ahmedabad,Regular,2024-03-13
CUST000381,Janani More,67,Female,Ahmedabad,New,2023-06-05
CUST000382,Harita Sunder,66,Female,Mumbai,Premium,2023-06-23
CUST000383,Laksh Dubey,26,Female,Kolkata,Regular,2022-12-26
CUST000384,Harrison Tripathi,58,Female,Indore,Premium,2025-12-08
CUST000385,Gayathri Deep,45,Female,Kolkata,Regular,2025-03-13
CUST000386,Mitesh Gaba,33,Female,Ahmedabad,Regular,2023-06-05
CUST000387,Raksha Bassi,20,Male,Ahmedabad,Regular,2024-05-28
CUST000388,Wazir Sawhney,35,Male,Kolkata,Regular,2025-04-03
CUST000389,Saumya Kaur,42,Female,Ahmedabad,Regular,2024-12-05
CUST000390,Dayamai Singh,63,Male,Indore,Premium,2026-07-03
CUST000391,Jhalak Sastry,49,Female,Bengaluru,New,2024-08-15
CUST000392,Lavanya Thakkar,36,Male,Indore,Premium,2024-11-25
CUST000393,Neel Iyengar,20,Male,Mumbai,Regular,2026-01-24
CUST000394,Zashil Ben,46,Male,Chennai,Regular,2025-05-21
CUST000395,Kamya Chauhan,66,Female,Ahmedabad,Regular,2025-09-07
CUST000396,Bhavani Chacko,37,Female,Delhi,Regular,2025-11-26
CUST000397,Anjali Sengupta,67,Female,Jaipur,Regular,2026-07-05
CUST000398,Rajeshri Chand,51,Female,Bengaluru,Regular,2026-07-13
CUST000399,Shravya Palla,53,Male,Ahmedabad,Premium,2026-08-13
CUST000400,Oeshi Bera,29,Male,Bengaluru,Regular,2024-05-05
CUST000401,Warinder Raju,32,Male,Ahmedabad,Regular,2023-01-02
CUST000402,Udarsh Bala,65,Female,Ahmedabad,New,2024-01-06
CUST000403,Gautami Dhingra,31,Female,Hyderabad,Premium,2023-03-30
CUST000404,Bhavini Sodhi,62,Male,Pune,Premium,2025-08-14
CUST000405,Upasna Sen,64,Female,Kolkata,Regular,2025-04-10
CUST000406,Fariq Bahl,19,Male,Chennai,Regular,2023-09-30
CUST000407,Mason Wable,45,Male,Hyderabad,New,2024-06-16
CUST000408,Bhavya Khanna,18,Female,Indore,Regular,2023-12-09
CUST000409,Champak Khare,40,Male,Ahmedabad,New,2024-06-11
CUST000410,Dev Choudhry,31,Male,Ahmedabad,Regular,2026-03-20
CUST000411,Amol Varma,58,Male,Delhi,Regular,2025-02-07
CUST000412,Maanas Manne,29,Female,Pune,New,2024-06-25
CUST000413,Ira Khosla,60,Female,Hyderabad,Regular,2025-01-31
CUST000414,Rachit Chada,66,Female,Indore,Regular,2024-11-19
CUST000415,Ekansh Vora,32,Female,Delhi,Regular,2024-12-21
CUST000416,Madhavi Singhal,19,Male,Hyderabad,Premium,2022-11-04
CUST000417,Kashvi Kulkarni,46,Female,Mumbai,Regular,2025-11-01
CUST000418,Ishanvi Bir,22,Male,Mumbai,New,2024-02-15
CUST000419,Hemang Natarajan,59,Male,Bengaluru,Premium,2023-03-24
CUST000420,Indira Nigam,60,Male,Jaipur,Regular,2026-02-12
CUST000421,Ucchal Srinivas,56,Male,Bengaluru,Regular,2025-05-06
CUST000422,Krishna Bhatnagar,55,Male,Delhi,Regular,2025-09-14
CUST000423,Balhaar Memon,59,Female,Indore,Premium,2023-07-08
CUST000424,Ryan Barman,18,Female,Pune,Premium,2024-01-01
CUST000425,Yutika Rao,39,Male,Chennai,Regular,2026-02-15
CUST000426,Zehaan Bansal,43,Male,Bengaluru,New,2025-11-11
CUST000427,Bhavika Parikh,43,Female,Indore,Regular,2026-04-29
CUST000428,Garima Mahajan,44,Female,Delhi,Regular,2023-03-10
CUST000429,Rajeshri Ratta,36,Female,Hyderabad,Regular,2025-10-26
CUST000430,Libni Nori,58,Male,Bengaluru,Premium,2023-06-15
CUST000431,Widisha Pillai,23,Male,Chennai,Regular,2026-08-03
CUST000432,Fitan Samra,65,Female,Hyderabad,Regular,2022-12-29
CUST000433,Pranit Memon,58,Male,Bengaluru,Regular,2024-01-09
CUST000434,Fariq Narang,63,Female,Mumbai,Regular,2025-06-20
CUST000435,Damini Sehgal,35,Female,Kolkata,Regular,2025-03-22
CUST000436,Ojas Sawhney,28,Male,Pune,Regular,2024-02-26
CUST000437,Brijesh Pandit,38,Male,Ahmedabad,Regular,2025-04-10
CUST000438,Anvi Bhandari,38,Male,Jaipur,Regular,2022-12-23
CUST000439,Januja Varghese,49,Male,Pune,New,2026-01-24
CUST000440,Azaan Dhar,52,Male,Ahmedabad,Regular,2026-04-08
CUST000441,Bakhshi Date,26,Male,Ahmedabad,Premium,2022-12-11
CUST000442,Jeevika Pathak,19,Male,Hyderabad,Regular,2024-04-14
CUST000443,Mitesh Sengupta,42,Male,Bengaluru,Regular,2024-03-27
CUST000444,Sachi Bose,32,Female,Kolkata,Regular,2025-02-05
CUST000445,Jeevika Rao,67,Female,Hyderabad,New,2023-12-30
CUST000446,Zaid Comar,33,Female,Jaipur,Regular,2022-10-08
CUST000447,Xalak Vasa,68,Male,Hyderabad,Regular,2024-04-21
CUST000448,Adweta Lad,36,Male,Delhi,Regular,2025-08-26
CUST000449,Tanish Mangal,69,Female,Mumbai,Regular,2025-08-11
CUST000450,Ryan Das,59,Female,Bengaluru,Regular,2023-03-27
CUST000451,Siya Gera,30,Male,Jaipur,Regular,2026-06-25
CUST000452,Gagan Nagarajan,24,Female,Ahmedabad,Regular,2025-07-01
CUST000453,Dhruv Mannan,48,Female,Indore,Regular,2026-06-13
CUST000454,Nakul Ghosh,59,Female,Delhi,Regular,2026-01-12
CUST000455,Yashoda Kapur,24,Female,Indore,Regular,2023-03-05
CUST000456,Liam Khalsa,64,Female,Kolkata,Regular,2026-01-07
CUST000457,Atharv Patel,38,Female,Jaipur,Regular,2025-01-05
CUST000458,Unni Dayal,32,Female,Ahmedabad,Regular,2025-04-05
CUST000459,Dominic More,59,Female,Chennai,New,2024-05-08
CUST000460,Nirja Rout,54,Male,Indore,Regular,2026-02-28
CUST000461,Jeremiah Nadig,56,Female,Bengaluru,Regular,2025-05-22
CUST000462,Shivani Shukla,27,Male,Bengaluru,New,2025-07-20
CUST000463,Kabir Gopal,66,Female,Bengaluru,Regular,2025-12-03
CUST000464,Rachita Thakkar,38,Male,Hyderabad,Regular,2026-07-13
CUST000465,Jeet Vasa,45,Male,Ahmedabad,Regular,2023-04-23
CUST000466,Nitesh Edwin,30,Female,Jaipur,Premium,2024-01-12
CUST000467,Hiral Venkataraman,52,Female,Bengaluru,Regular,2026-06-19
CUST000468,Farhan Krishna,56,Female,Kolkata,Regular,2023-06-29
CUST000469,Jeremiah Mitter,63,Male,Ahmedabad,Regular,2025-04-09
CUST000470,Yadavi Ganguly,49,Male,Delhi,New,2025-03-05
CUST000471,Onveer Nazareth,50,Female,Jaipur,Regular,2026-03-29
CUST000472,Ayush Bumb,23,Male,Delhi,Regular,2022-11-07
CUST000473,Shivansh Saha,19,Female,Hyderabad,Regular,2025-04-15
CUST000474,Widisha Mann,25,Female,Pune,New,2025-05-22
CUST000475,Vasudha Konda,20,Male,Bengaluru,Premium,2026-01-30
CUST000476,Chameli Setty,19,Male,Mumbai,Regular,2022-12-20
CUST000477,Nakul Sarraf,47,Male,Pune,Regular,2024-06-04
CUST000478,Ucchal Jani,53,Other,Jaipur,New,2024-02-08
CUST000479,Dhriti Nagar,59,Male,Jaipur,Regular,2025-10-12
CUST000480,Mohini De,29,Male,Indore,Regular,2025-11-22
CUST000481,Yutika Cherian,33,Male,Kolkata,Regular,2024-01-06
CUST000482,Unnati Das,57,Male,Delhi,Premium,2023-10-18
CUST000483,Yug Dhaliwal,61,Male,Hyderabad,New,2023-01-26
CUST000484,Bina Rajagopalan,39,Male,Kolkata,Premium,2026-05-02
CUST000485,Yuvraj Dutta,33,Female,Delhi,Regular,2026-02-12
CUST000486,Dhriti Gupta,31,Male,Kolkata,Regular,2025-11-26
CUST000487,Wishi Varma,19,Male,Bengaluru,Premium,2024-08-23
CUST000488,Darika Tank,26,Female,Mumbai,Regular,2022-10-04
CUST000489,Maya Tiwari,40,Female,Bengaluru,Regular,2024-08-08
CUST000490,Tanveer Pandit,52,Female,Pune,Regular,2022-11-12
CUST000491,Baghyawati Talwar,69,Male,Chennai,New,2025-03-14
CUST000492,Bhavika Yadav,35,Female,Indore,Regular,2022-09-10
CUST000493,Raagini Desai,31,Female,Kolkata,Regular,2026-05-30
CUST000494,Jasmit Rau,26,Male,Mumbai,New,2024-03-19
CUST000495,Nandini Behl,19,Male,Delhi,Regular,2025-01-30
CUST000496,Janani Mani,27,Female,Jaipur,Regular,2022-12-21
CUST000497,Yamini Seshadri,50,Female,Chennai,Regular,2025-11-28
CUST000498,Jagat Dave,63,Male,Mumbai,Premium,2023-01-26
CUST000499,Kashvi Nori,23,Male,Hyderabad,New,2025-01-11
CUST000500,Maanas Issac,38,Male,Jaipur,New,2025-03-21
CUST000501,Xiti Baria,62,Female,Delhi,Regular,2022-11-07
CUST000502,Laksh Nath,23,Male,Bengaluru,Regular,2026-01-28
CUST000503,Zilmil Shan,36,Male,Hyderabad,Regular,2023-04-17
CUST000504,Falak Nagar,27,Male,Bengaluru,New,2023-05-08
CUST000505,Chandani Nayar,32,Other,Mumbai,New,2024-10-25
CUST000506,Chandani Soman,38,Male,Mumbai,New,2026-02-16
CUST000507,Jyoti Narula,33,Male,Delhi,Regular,2025-07-10
CUST000508,Omaja Morar,57,Female,Kolkata,New,2026-01-17
CUST000509,Urvi Lanka,46,Female,Pune,Regular,2025-06-12
CUST000510,Charan Srinivasan,54,Female,Mumbai,Regular,2023-05-20
CUST000511,Manbir Kibe,45,Female,Kolkata,Regular,2022-10-17
CUST000512,Rayaan Bahl,39,Other,Kolkata,Regular,2024-07-14
CUST000513,Omya Doshi,44,Male,Pune,Regular,2024-05-31
CUST000514,Nirja Thaker,27,Female,Indore,Regular,2025-12-14
CUST000515,David Devi,18,Male,Ahmedabad,New,2024-11-11
CUST000516,Ekta Sridhar,38,Male,Hyderabad,Premium,2024-11-22
CUST000517,Dipta Ghose,53,Male,Chennai,Regular,2024-08-12
CUST000518,Irya Lalla,38,Female,Kolkata,New,2025-04-02
CUST000519,Rehaan Koshy,21,Female,Bengaluru,Regular,2023-11-05
CUST000520,Umang Mishra,58,Female,Pune,Regular,2025-12-08
CUST000521,Sarthak Suresh,59,Female,Jaipur,New,2024-01-03
CUST000522,Ikshita Mahal,26,Female,Bengaluru,Regular,2023-11-19
CUST000523,Ladli Rana,46,Male,Bengaluru,New,2026-02-20
CUST000524,Madhav Mannan,57,Male,Kolkata,Regular,2022-11-02
CUST000525,Farhan Pal,39,Female,Chennai,New,2026-08-03
CUST000526,Aahana Srinivas,41,Female,Hyderabad,Regular,2023-07-27
CUST000527,Anika Magar,18,Male,Indore,New,2023-03-30
CUST000528,Wriddhish Kibe,40,Female,Mumbai,New,2022-11-15
CUST000529,Viraj Ben,41,Male,Delhi,Regular,2023-01-31
CUST000530,Ganga Sodhi,48,Male,Delhi,Regular,2023-02-01
CUST000531,Abdul Dugar,24,Female,Mumbai,New,2024-05-22
CUST000532,Vansha Iyengar,22,Female,Pune,Regular,2025-11-15
CUST000533,Ekani Mangal,27,Male,Chennai,Regular,2025-05-28
CUST000534,Gaurav Kata,57,Female,Bengaluru,Regular,2024-12-07
CUST000535,Parth Sahni,20,Male,Delhi,Regular,2026-05-30
CUST000536,Balhaar Ranganathan,58,Female,Kolkata,New,2026-01-04
CUST000537,Quincy Mann,67,Male,Delhi,Regular,2026-05-21
CUST000538,Aditya Misra,57,Male,Hyderabad,Premium,2025-01-27
CUST000539,Gautami Mane,33,Female,Bengaluru,New,2024-08-03
CUST000540,Krish Thaman,32,Male,Bengaluru,New,2024-08-25
CUST000541,Reyansh Chowdhury,42,Male,Ahmedabad,Regular,2024-01-24
CUST000542,Tara Kurian,39,Male,Delhi,New,2025-09-18
CUST000543,Akshay Nazareth,49,Female,Chennai,Regular,2026-01-08
CUST000544,Reyansh Gill,52,Female,Kolkata,Premium,2025-04-04
CUST000545,Prisha Varma,29,Female,Bengaluru,Regular,2024-01-20
CUST000546,Nandini Chandran,38,Other,Indore,Regular,2023-06-12
CUST000547,Vansha Naik,40,Female,Pune,Regular,2026-08-21
CUST000548,Abeer Lal,42,Female,Bengaluru,New,2024-04-15
CUST000549,Sanya Loke,38,Female,Bengaluru,New,2024-01-23
CUST000550,Advay Lal,68,Male,Pune,Regular,2025-06-09
CUST000551,Warinder Bhatia,50,Female,Pune,Regular,2025-07-01
CUST000552,Udyati Mohanty,46,Male,Jaipur,Regular,2023-05-04
CUST000553,Yadavi Mukhopadhyay,64,Male,Ahmedabad,New,2025-08-05
CUST000554,Chakrika Pillai,18,Female,Mumbai,Premium,2025-04-09
CUST000555,Theodore Deol,57,Male,Ahmedabad,Regular,2024-09-09
CUST000556,Suhani Prakash,42,Female,Kolkata,Regular,2024-06-04
CUST000557,Tejas Kota,19,Male,Jaipur,Regular,2025-07-20
CUST000558,Sanya Wable,39,Female,Ahmedabad,New,2025-08-26
CUST000559,Faras Choudhury,34,Male,Jaipur,Premium,2022-12-02
CUST000560,Mason Gala,37,Male,Mumbai,Regular,2024-01-20
CUST000561,Jackson Jha,23,Female,Hyderabad,New,2025-09-15
CUST000562,Gavin Uppal,64,Male,Delhi,Regular,2024-07-21
CUST000563,Sudiksha Deo,52,Male,Pune,Regular,2024-11-03
CUST000564,Tanmayi Bhardwaj,57,Male,Ahmedabad,Regular,2025-01-13
CUST000565,Darika Bains,21,Male,Delhi,Regular,2024-05-05
CUST000566,Aarush Kamdar,24,Female,Mumbai,New,2025-02-12
CUST000567,Chakradev Sampath,33,Male,Delhi,Regular,2024-02-15
CUST000568,Darpan Biswas,41,Female,Bengaluru,Regular,2026-08-18
CUST000569,Azad Mangat,36,Female,Mumbai,New,2024-05-25
CUST000570,Krishna Salvi,62,Female,Ahmedabad,Regular,2024-04-01
CUST000571,Saumya Purohit,48,Female,Mumbai,Regular,2024-04-03
CUST000572,Kiaan Pall,53,Male,Chennai,Regular,2023-03-01
CUST000573,Maya Wadhwa,35,Male,Chennai,Regular,2023-03-14
CUST000574,Aarush Bajaj,64,Other,Pune,Regular,2023-12-05
CUST000575,Panini Wali,34,Female,Delhi,Regular,2024-04-09
CUST000576,Yug Sharma,44,Female,Kolkata,Regular,2024-02-17
CUST000577,Anya Gulati,33,Male,Delhi,Regular,2026-08-24
CUST000578,Azad Saini,67,Male,Chennai,Regular,2025-04-10
CUST000579,Wridesh Jhaveri,62,Female,Mumbai,Premium,2022-12-11
CUST000580,Bahadurjit Sekhon,59,Female,Ahmedabad,Premium,2025-03-14
CUST000581,Yash Basu,46,Male,Delhi,Regular,2024-05-14
CUST000582,Vivaan Zacharia,27,Female,Delhi,New,2023-08-01
CUST000583,Logan Thakur,21,Male,Kolkata,Regular,2023-11-21
CUST000584,Eiravati Nagi,18,Female,Delhi,Regular,2023-09-01
CUST000585,Luke Verma,63,Female,Jaipur,Regular,2023-08-07
CUST000586,Charita Maharaj,41,Male,Hyderabad,New,2022-12-01
CUST000587,Prisha Tandon,61,Male,Pune,Regular,2022-11-09
CUST000588,Lakshmi Vohra,52,Male,Indore,Premium,2024-01-06
CUST000589,Nilima Dixit,33,Female,Ahmedabad,Regular,2023-12-07
CUST000590,Qarin Yogi,23,Male,Delhi,New,2024-09-02
CUST000591,Umang Mital,37,Female,Jaipur,Regular,2026-04-22
CUST000592,Ubika Bhardwaj,67,Male,Kolkata,New,2025-01-18
CUST000593,Omaja Wagle,32,Male,Indore,Regular,2023-03-25
CUST000594,Xavier Kumer,41,Female,Kolkata,Regular,2023-07-10
CUST000595,Farhan Sengupta,43,Male,Jaipur,Regular,2026-04-05
CUST000596,George Wason,38,Male,Mumbai,Regular,2025-09-27
CUST000597,Charan Loyal,54,Female,Mumbai,Regular,2024-04-05
CUST000598,Elijah Guha,38,Female,Jaipur,New,2026-01-29
CUST000599,Varenya Joshi,50,Male,Delhi,Regular,2026-05-10
CUST000600,Chavvi Aurora,24,Female,Chennai,Regular,2023-07-24
CUST000601,Jacob Srinivas,51,Male,Jaipur,Regular,2026-07-19
CUST000602,Samarth Ranganathan,66,Female,Pune,New,2026-07-20
CUST000603,Ekanta Mandal,51,Female,Hyderabad,New,2024-04-11
CUST000604,Jagrati Morar,39,Female,Bengaluru,New,2023-10-09
CUST000605,Yochana Tank,33,Male,Kolkata,Regular,2024-08-21
CUST000606,Upasna Nagarajan,41,Female,Pune,Regular,2026-07-19
CUST000607,Kamala Munshi,27,Other,Mumbai,Regular,2024-06-02
CUST000608,Timothy Dhingra,49,Male,Delhi,Regular,2022-09-23
CUST000609,Omisha Merchant,21,Female,Pune,New,2023-04-22
CUST000610,Forum Karpe,57,Female,Pune,New,2024-04-10
CUST000611,Xalak Nazareth,31,Male,Jaipur,Regular,2023-10-02
CUST000612,Vritti Sharma,45,Female,Bengaluru,New,2023-05-17
CUST000613,Omkaar Dey,20,Female,Chennai,Regular,2025-09-20
CUST000614,Qarin Bhargava,52,Male,Delhi,Regular,2024-11-19
CUST000615,Falan Bava,67,Male,Hyderabad,Premium,2025-11-28
CUST000616,Nitara Devan,29,Female,Indore,Regular,2026-03-29
CUST000617,Ekansh Dora,58,Female,Hyderabad,Regular,2022-09-12
CUST000618,Yashasvi Shah,26,Male,Indore,Regular,2024-03-30
CUST000619,Vasudha Sura,37,Female,Bengaluru,Regular,2022-09-22
CUST000620,Nisha Arora,20,Male,Bengaluru,New,2022-09-23
CUST000621,Bhavini Badal,55,Male,Chennai,New,2024-10-17
CUST000622,Praneel Chhabra,25,Female,Hyderabad,Regular,2026-07-25
CUST000623,Manthan Khosla,23,Other,Mumbai,Premium,2023-06-23
CUST000624,Irya Loke,29,Female,Kolkata,Premium,2026-01-14
CUST000625,Farhan Prakash,62,Other,Hyderabad,Regular,2024-05-20
CUST000626,Yagnesh Kara,51,Male,Pune,Premium,2023-12-07
CUST000627,Azad Chander,44,Female,Mumbai,Regular,2024-05-19
CUST000628,Krishna Soni,42,Female,Ahmedabad,New,2022-11-24
CUST000629,Onveer Butala,22,Other,Jaipur,Regular,2024-10-13
CUST000630,Garima Chandran,67,Male,Jaipur,Regular,2026-06-19
CUST000631,Victor Kakar,64,Female,Jaipur,Regular,2026-06-29
CUST000632,Anika Batra,51,Female,Ahmedabad,New,2026-08-03
CUST000633,Avni Bali,45,Female,Chennai,New,2023-06-03
CUST000634,Amol Johal,69,Female,Mumbai,Regular,2025-02-25
CUST000635,Mitali Bose,28,Female,Pune,Regular,2023-12-06
CUST000636,Wridesh Ramachandran,61,Male,Mumbai,New,2025-07-15
CUST000637,Leena Dey,33,Male,Mumbai,Regular,2026-01-07
CUST000638,Xiti Pal,45,Female,Pune,Premium,2022-11-20
CUST000639,Rajeshri Kata,18,Female,Kolkata,New,2026-03-23
CUST000640,Harini Ranganathan,20,Female,Jaipur,New,2025-12-12
CUST000641,Ayushman Mahajan,32,Male,Mumbai,Regular,2025-12-28
CUST000642,Vritti Kari,63,Female,Delhi,Premium,2024-03-03
CUST000643,Rachana Grewal,56,Female,Bengaluru,Regular,2025-07-19
CUST000644,Frederick Merchant,23,Female,Kolkata,New,2026-01-19
CUST000645,Ethan Butala,51,Male,Pune,New,2023-10-19
CUST000646,Lajita Dube,25,Male,Mumbai,Premium,2025-10-21
CUST000647,Edhitha Patel,31,Male,Chennai,New,2023-02-10
CUST000648,Abdul Morar,41,Male,Pune,Regular,2024-07-19
CUST000649,Anamika Chaudry,65,Female,Mumbai,Regular,2023-03-22
CUST000650,Rachit Sankar,36,Female,Delhi,Premium,2024-07-26
CUST000651,Harshil Bal,31,Female,Kolkata,Regular,2023-01-15
CUST000652,Girik Nair,36,Female,Indore,Regular,2026-05-01
CUST000653,Advik Manne,53,Male,Jaipur,New,2024-06-01
CUST000654,Frado Kibe,69,Male,Hyderabad,Regular,2025-02-02
CUST000655,Lajita Gara,31,Female,Delhi,New,2023-04-01
CUST000656,Charvi Loyal,45,Female,Jaipur,Regular,2024-10-03
CUST000657,Dev Ganesh,39,Female,Kolkata,Regular,2024-07-04
CUST000658,Oviya Mistry,66,Male,Mumbai,Regular,2024-09-19
CUST000659,Jalsa Krishnamurthy,63,Female,Hyderabad,New,2023-09-16
CUST000660,Rohan Shankar,37,Male,Chennai,Regular,2023-02-11
CUST000661,Daksha Ahuja,26,Female,Delhi,Premium,2024-05-04
CUST000662,Lajita Narayan,51,Female,Chennai,New,2024-07-12
CUST000663,Qushi Deshpande,40,Male,Pune,Regular,2023-12-08
CUST000664,Sai Srinivas,64,Male,Mumbai,Premium,2023-12-30
CUST000665,Mitali Nagar,46,Male,Hyderabad,Regular,2023-11-24
CUST000666,Xavier Nanda,37,Female,Mumbai,New,2024-04-04
CUST000667,Maya Patla,24,Male,Delhi,Regular,2023-02-21
CUST000668,Pranit Bala,62,Other,Bengaluru,Regular,2025-10-01
CUST000669,Shaurya Sarma,44,Female,Chennai,Regular,2026-01-19
CUST000670,Ekapad Rege,55,Male,Jaipur,New,2025-07-09
CUST000671,Liam Mitter,29,Female,Indore,New,2023-09-08
CUST000672,Mitesh Sampath,59,Other,Chennai,Regular,2026-01-05
CUST000673,Ethan Sen,31,Female,Delhi,New,2025-03-14
CUST000674,Nandini Warrior,30,Female,Chennai,New,2024-10-23
CUST000675,Balhaar Parsa,25,Male,Chennai,Regular,2025-08-22
CUST000676,Ikbal Kothari,38,Male,Ahmedabad,Regular,2025-06-15
CUST000677,Ojas Basu,58,Male,Hyderabad,Regular,2025-01-19
CUST000678,Garima Sani,34,Male,Mumbai,Premium,2023-02-09
CUST000679,Guneet Kuruvilla,58,Male,Mumbai,Regular,2023-08-08
CUST000680,Sanaya Prasad,63,Male,Indore,Regular,2024-04-27
CUST000681,Xiti Dora,29,Female,Hyderabad,Regular,2024-02-15
CUST000682,Vasudha Cheema,65,Male,Ahmedabad,Premium,2023-11-30
CUST000683,Frederick D’Alia,22,Male,Kolkata,Regular,2026-03-12
CUST000684,Ijaya Muni,64,Male,Delhi,Regular,2024-02-12
CUST000685,Samuel Verma,19,Female,Chennai,Regular,2024-09-17
CUST000686,Vamakshi Chatterjee,35,Male,Indore,Regular,2024-07-09
CUST000687,Eiravati Bhavsar,50,Male,Mumbai,Regular,2023-12-08
CUST000688,Ishwar Bajaj,56,Male,Jaipur,Regular,2026-04-09
CUST000689,Ikbal Gala,68,Female,Ahmedabad,Regular,2026-08-12
CUST000690,Zaitra Ghosh,68,Female,Jaipur,New,2025-01-02
CUST000691,Ganga Sandhu,20,Female,Hyderabad,Premium,2024-08-15
CUST000692,Nidhi Gour,55,Female,Indore,Regular,2023-06-14
CUST000693,Meghana Balakrishnan,58,Male,Mumbai,Regular,2025-10-17
CUST000694,Shivani Sanghvi,62,Male,Hyderabad,New,2024-04-24
CUST000695,Tanish Jha,66,Male,Jaipur,Regular,2023-11-04
CUST000696,Harsh Yadav,55,Female,Pune,Premium,2023-06-15
CUST000697,Eshana Hegde,53,Female,Kolkata,Regular,2024-08-08
CUST000698,Adweta Suri,55,Female,Bengaluru,Regular,2024-11-25
CUST000699,Lipika Ramanathan,20,Female,Jaipur,Regular,2025-02-25
CUST000700,Ijaya Pandey,57,Female,Ahmedabad,Regular,2026-04-03
CUST000701,Orinder Mishra,53,Male,Indore,Regular,2026-07-26
CUST000702,Krish Munshi,45,Male,Delhi,New,2023-02-28
CUST000703,Dalaja Dada,18,Male,Delhi,Regular,2023-06-09
CUST000704,Lohit Vaidya,27,Female,Mumbai,Regular,2024-04-23
CUST000705,Lakshit Rajagopal,48,Female,Chennai,New,2024-06-16
CUST000706,Vidhi Yogi,22,Female,Delhi,Regular,2025-08-10
CUST000707,Ojas Suri,55,Male,Delhi,New,2023-11-20
CUST000708,Rachit Murty,67,Female,Indore,Premium,2026-03-28
CUST000709,Chatresh Parmer,20,Other,Delhi,New,2022-09-12
CUST000710,Laban Hayer,63,Male,Ahmedabad,Regular,2026-02-15
CUST000711,Yashasvi Talwar,23,Female,Hyderabad,Regular,2024-05-25
CUST000712,Ojasvi Sawhney,54,Female,Hyderabad,Premium,2024-09-26
CUST000713,Fitan Balasubramanian,54,Male,Pune,Regular,2026-01-16
CUST000714,Brinda Bali,26,Other,Delhi,New,2023-10-29
CUST000715,Bhavya Ganguly,49,Male,Delhi,Premium,2025-12-23
CUST000716,Warhi Vaidya,58,Female,Bengaluru,New,2023-02-20
CUST000717,Amrita Peri,40,Male,Ahmedabad,Regular,2024-12-18
CUST000718,Ridhi Kamdar,62,Male,Chennai,Regular,2024-06-19
CUST000719,Yug Mishra,61,Male,Kolkata,Regular,2026-05-18
CUST000720,Shivani Lall,18,Female,Indore,Premium,2024-02-21
CUST000721,Reva Dalal,30,Female,Delhi,Regular,2025-12-15
CUST000722,Shaurya Panchal,34,Female,Bengaluru,Regular,2026-04-27
CUST000723,Noah Dewan,41,Female,Hyderabad,Regular,2025-12-30
CUST000724,Samuel Bhargava,25,Male,Chennai,Regular,2025-01-30
CUST000725,Avni Yohannan,36,Male,Hyderabad,Regular,2023-05-17
CUST000726,Brinda Mann,62,Male,Pune,New,2025-02-03
CUST000727,Yoshita Chandran,28,Female,Hyderabad,Regular,2023-03-27
CUST000728,Daniel Malhotra,37,Male,Ahmedabad,Premium,2026-05-06
CUST000729,Kevin Krish,34,Female,Ahmedabad,Premium,2023-04-13
CUST000730,Yug Ramaswamy,61,Female,Pune,Regular,2024-09-27
CUST000731,Amruta Sachdeva,53,Male,Chennai,Regular,2024-04-02
CUST000732,Faqid Chander,40,Male,Jaipur,Regular,2024-05-15
CUST000733,Jyoti Sha,34,Female,Bengaluru,Regular,2024-09-25
CUST000734,Aarnav Chander,64,Female,Delhi,Regular,2025-10-07
CUST000735,Ishita Bhatnagar,52,Male,Jaipur,New,2026-01-16
CUST000736,Tejas Sanghvi,62,Male,Chennai,Regular,2026-03-02
CUST000737,Warda Loyal,25,Male,Pune,Regular,2024-01-12
CUST000738,Geetika De,22,Female,Kolkata,New,2025-01-24
CUST000739,Hemal Bava,49,Female,Pune,Regular,2022-11-08
CUST000740,Tripti Babu,27,Male,Hyderabad,Regular,2023-03-09
CUST000741,Ridhi Shan,19,Male,Mumbai,New,2022-08-30
CUST000742,Samaksh Deo,47,Male,Mumbai,New,2026-05-30
CUST000743,Nathan Mahal,43,Female,Kolkata,New,2023-01-20
CUST000744,Zashil Butala,20,Female,Jaipur,Regular,2024-03-28
CUST000745,Charles Randhawa,32,Male,Indore,Premium,2025-04-26
CUST000746,Vivaan Sanghvi,26,Female,Delhi,Regular,2025-06-12
CUST000747,Girish Agarwal,57,Male,Bengaluru,New,2023-07-26
CUST000748,Faras Deo,21,Male,Pune,Regular,2025-03-08
CUST000749,Zilmil Saxena,25,Male,Bengaluru,New,2022-09-12
CUST000750,Hemal Dara,36,Female,Bengaluru,New,2026-04-26
CUST000751,Kevin Sridhar,51,Female,Pune,New,2022-12-17
CUST000752,Leela Chakraborty,19,Female,Indore,Regular,2025-10-07
CUST000753,Harshil Munshi,51,Male,Indore,Regular,2024-03-21
CUST000754,Laksh Raja,44,Male,Kolkata,Regular,2025-12-12
CUST000755,Luke Biswas,18,Female,Hyderabad,New,2024-11-30
CUST000756,Nitesh Sarraf,36,Male,Jaipur,Regular,2024-02-25
CUST000757,Max Sabharwal,48,Female,Kolkata,Premium,2025-04-12
CUST000758,Teerth Chadha,27,Female,Indore,Regular,2026-06-21
CUST000759,Logan Dasgupta,37,Female,Bengaluru,Regular,2025-03-01
CUST000760,Indali Sanghvi,69,Male,Pune,Regular,2023-12-30
CUST000761,Yug Malhotra,21,Male,Kolkata,Regular,2025-05-26
CUST000762,Yuvraj Mane,29,Female,Bengaluru,New,2025-12-21
CUST000763,Charvi Jha,51,Female,Jaipur,Regular,2024-11-10
CUST000764,Manya Merchant,32,Male,Chennai,Regular,2025-05-28
CUST000765,Wriddhish Talwar,43,Female,Pune,Regular,2024-04-19
CUST000766,Wridesh Tata,40,Female,Indore,New,2025-05-16
CUST000767,Advik Patel,22,Female,Jaipur,Regular,2026-08-18
CUST000768,Kevin Ram,36,Female,Bengaluru,Regular,2026-04-27
CUST000769,Jasmit Gera,53,Female,Mumbai,Regular,2025-11-25
CUST000770,Elijah Badal,66,Male,Indore,Premium,2025-02-26
CUST000771,Akshay Lala,54,Male,Kolkata,Regular,2023-07-30
CUST000772,Darpan Rao,50,Female,Jaipur,Regular,2024-10-23
CUST000773,Yachana Sagar,27,Male,Hyderabad,Regular,2024-06-17
CUST000774,Fitan Yadav,30,Male,Indore,Regular,2024-12-11
CUST000775,Arunima Chacko,34,Female,Jaipur,Regular,2023-12-23
CUST000776,Yasti Jani,38,Male,Mumbai,Regular,2026-02-04
CUST000777,Eta Raman,59,Male,Pune,Premium,2025-02-24
CUST000778,Dayita Sarkar,45,Female,Mumbai,Regular,2025-10-05
CUST000779,Dalbir Konda,35,Female,Mumbai,Regular,2023-01-09
CUST000780,Jack Setty,24,Female,Bengaluru,Regular,2025-04-06
CUST000781,Dayamai Gill,53,Female,Jaipur,Regular,2023-03-02
CUST000782,Laksh Apte,28,Female,Pune,New,2023-05-10
CUST000783,Idika Virk,62,Female,Bengaluru,Regular,2024-11-09
CUST000784,Ojas Prabhu,25,Female,Bengaluru,Regular,2023-03-14
CUST000785,Jacob Balan,23,Female,Hyderabad,Regular,2024-01-31
CUST000786,Anita Viswanathan,18,Female,Mumbai,Regular,2022-12-06
CUST000787,Faraj Taneja,66,Male,Ahmedabad,Regular,2024-08-05
CUST000788,Christopher Tata,64,Female,Hyderabad,Premium,2026-04-24
CUST000789,Jhalak Dugar,19,Male,Delhi,Premium,2023-09-29
CUST000790,Jack Kari,52,Female,Pune,Regular,2025-10-22
CUST000791,Chaitanya Arora,69,Male,Jaipur,Premium,2023-09-12
CUST000792,Urmi Patla,43,Female,Delhi,Regular,2024-04-14
CUST000793,Praneel Banik,33,Female,Indore,New,2025-01-03
CUST000794,Udarsh Nagy,29,Male,Hyderabad,New,2023-09-18
CUST000795,Ekaja Madan,64,Female,Bengaluru,New,2026-03-04
CUST000796,Kashish Dar,24,Male,Hyderabad,Regular,2024-10-16
CUST000797,Praneel Kapoor,24,Male,Hyderabad,Regular,2026-01-29
CUST000798,Nandini Biswas,24,Female,Mumbai,New,2026-05-22
CUST000799,Barkha Mukhopadhyay,28,Female,Kolkata,Regular,2024-01-19
CUST000800,Tanmayi Anand,25,Male,Delhi,Premium,2024-03-24
CUST000801,Bishakha Modi,46,Male,Bengaluru,Regular,2025-10-20
CUST000802,Ucchal Pillay,30,Female,Kolkata,Regular,2025-03-05
CUST000803,Rohan Korpal,21,Female,Jaipur,New,2023-04-19
CUST000804,Nimrat Bajwa,49,Female,Pune,Regular,2023-08-25
CUST000805,Aditya Nayak,43,Male,Ahmedabad,Premium,2022-08-31
CUST000806,Damyanti Chawla,42,Female,Mumbai,New,2023-07-13
CUST000807,Oni Swamy,25,Female,Chennai,Regular,2022-11-30
CUST000808,Ati Chander,69,Male,Pune,Regular,2022-11-05
CUST000809,Zinal Sachar,64,Male,Bengaluru,Regular,2025-08-21
CUST000810,Tara Chad,67,Male,Delhi,New,2025-02-16
CUST000811,Yashasvi Deol,50,Female,Bengaluru,New,2025-05-14
CUST000812,Falan Bhatia,38,Other,Pune,Regular,2024-07-04
CUST000813,Warjas Manne,39,Female,Ahmedabad,New,2023-10-08
CUST000814,Maya Narain,48,Male,Pune,Regular,2024-01-05
CUST000815,Anita Kaur,61,Female,Chennai,New,2022-12-23
CUST000816,Laban Chopra,28,Female,Pune,New,2023-04-27
CUST000817,Nitesh Sengupta,21,Female,Indore,Regular,2024-08-21
CUST000818,Niharika Dara,43,Female,Hyderabad,Regular,2024-12-08
CUST000819,Sarthak Seth,36,Male,Pune,Regular,2023-12-20
CUST000820,Alka Dar,43,Male,Mumbai,Regular,2023-01-16
CUST000821,Daksha Baria,51,Female,Hyderabad,Premium,2023-07-29
CUST000822,Manbir Chand,51,Female,Ahmedabad,Regular,2025-09-06
CUST000823,Ishani Randhawa,49,Male,Chennai,Regular,2024-11-03
CUST000824,Chandani Lad,34,Male,Indore,Regular,2026-02-22
CUST000825,Azaan Ravel,46,Female,Jaipur,Regular,2026-04-17
CUST000826,Zaid Chandra,53,Male,Ahmedabad,Regular,2024-08-15
CUST000827,Logan Dara,38,Male,Indore,Regular,2022-09-16
CUST000828,Tristan De,25,Female,Pune,Regular,2023-07-02
CUST000829,Kashish Chad,46,Female,Ahmedabad,Premium,2025-02-18
CUST000830,Falan Bains,44,Female,Chennai,New,2022-12-07
CUST000831,Sachi Dave,46,Female,Mumbai,Regular,2023-01-18
CUST000832,Jason Basak,47,Female,Chennai,Regular,2024-08-14
CUST000833,Om Sant,43,Male,Bengaluru,Premium,2026-02-25
CUST000834,Watika Balan,46,Female,Bengaluru,Regular,2024-04-14
CUST000835,Orinder Pandya,67,Female,Ahmedabad,Premium,2023-07-28
CUST000836,Anvi Mammen,69,Male,Jaipur,New,2024-07-21
CUST000837,Bakhshi Korpal,18,Male,Bengaluru,Regular,2025-05-30
CUST000838,Wishi Sabharwal,58,Female,Hyderabad,Regular,2026-05-31
CUST000839,Darsh Chahal,68,Male,Ahmedabad,Regular,2023-11-06
CUST000840,Laksh Saini,62,Male,Kolkata,Premium,2023-07-04
CUST000841,Anirudh Raja,57,Male,Delhi,Regular,2025-12-25
CUST000842,Varsha Sundaram,37,Female,Delhi,New,2024-02-14
CUST000843,Lipika Madan,25,Male,Mumbai,Regular,2023-06-04
CUST000844,Eiravati Kanda,63,Male,Jaipur,Regular,2022-10-13
CUST000845,Dalbir Sodhi,32,Female,Chennai,Regular,2024-11-28
CUST000846,Viraj Dutta,41,Female,Delhi,Regular,2023-01-31
CUST000847,Wridesh Lata,41,Male,Delhi,New,2024-12-05
CUST000848,Theodore Rama,66,Female,Indore,Regular,2024-03-02
CUST000849,Patrick Khalsa,62,Male,Hyderabad,Regular,2025-03-06
CUST000850,Jagrati Bala,23,Male,Ahmedabad,New,2025-08-25
CUST000851,Lucky Guha,56,Male,Delhi,New,2026-03-20
CUST000852,Dayamai Gill,68,Male,Delhi,Premium,2024-09-28
CUST000853,Gautam Bhalla,55,Female,Delhi,Regular,2023-08-25
CUST000854,Anmol Vyas,22,Female,Ahmedabad,Regular,2024-09-09
CUST000855,Garima Jaggi,54,Female,Mumbai,New,2026-02-01
CUST000856,Harini Goel,65,Female,Pune,Regular,2026-07-26
CUST000857,Daniel Bains,33,Female,Hyderabad,Regular,2023-04-15
CUST000858,Indrajit Vora,25,Female,Kolkata,Regular,2026-04-27
CUST000859,Elijah Prakash,27,Male,Bengaluru,Regular,2025-08-27
CUST000860,Harrison Nayar,26,Male,Ahmedabad,Regular,2023-12-10
CUST000861,Laban Dugar,34,Female,Delhi,Regular,2025-10-09
CUST000862,Vidhi Nadig,38,Female,Chennai,Regular,2023-05-26
CUST000863,Udant Gill,42,Male,Chennai,Premium,2024-04-07
CUST000864,Chaitaly Datta,41,Male,Kolkata,Regular,2023-06-01
CUST000865,Mahika Bali,18,Male,Ahmedabad,Regular,2023-06-07
CUST000866,Timothy Chawla,34,Male,Jaipur,New,2026-08-23
CUST000867,Lohit Narula,30,Male,Delhi,Premium,2025-10-29
CUST000868,Wazir Palan,20,Male,Chennai,Regular,2024-01-07
CUST000869,Gaurang Nayak,64,Male,Chennai,Regular,2024-07-22
CUST000870,Alka Kadakia,43,Male,Delhi,Regular,2023-09-20
CUST000871,Inaya Kunda,36,Female,Mumbai,New,2026-01-02
CUST000872,Aarav Bava,50,Other,Kolkata,New,2024-04-19
CUST000873,Oni Ganesan,46,Female,Jaipur,Regular,2026-06-03
CUST000874,Waida Radhakrishnan,57,Male,Chennai,Regular,2024-02-25
CUST000875,Harrison Srinivas,33,Female,Mumbai,Premium,2026-01-05
CUST000876,Nicholas Seth,33,Male,Ahmedabad,Regular,2022-12-21
CUST000877,Chaitaly Bahri,48,Male,Kolkata,Regular,2024-01-06
CUST000878,Henry Borah,39,Female,Hyderabad,New,2024-02-10
CUST000879,Keya Dyal,31,Female,Mumbai,Premium,2025-10-09
CUST000880,Girik Nigam,36,Female,Delhi,Regular,2025-03-08
CUST000881,Azaan Sankar,50,Female,Hyderabad,Regular,2025-06-09
CUST000882,Radha Dugar,44,Male,Pune,Regular,2022-11-20
CUST000883,Garima Jha,45,Male,Pune,New,2023-06-20
CUST000884,Alka Manda,50,Male,Jaipur,Regular,2023-12-03
CUST000885,Gopal Bawa,22,Male,Kolkata,Premium,2024-04-30
CUST000886,Mitesh Bhagat,30,Female,Kolkata,Regular,2024-03-11
CUST000887,Prisha Chahal,31,Female,Pune,Regular,2023-11-29
CUST000888,Ryan Chatterjee,37,Male,Bengaluru,Premium,2022-10-07
CUST000889,Onkar Manne,58,Other,Ahmedabad,Regular,2023-01-03
CUST000890,Jack Morar,27,Male,Pune,Regular,2025-12-30
CUST000891,Urishilla Suresh,45,Male,Hyderabad,New,2026-06-19
CUST000892,Gavin Ram,37,Male,Chennai,Regular,2023-06-12
CUST000893,Lakshmi Pingle,20,Male,Jaipur,Regular,2023-06-14
CUST000894,Chaitanya Lall,19,Male,Ahmedabad,Regular,2024-07-12
CUST000895,Adya Kara,43,Female,Kolkata,New,2026-03-21
CUST000896,David Dora,64,Female,Jaipur,New,2025-11-09
CUST000897,Frederick Padmanabhan,61,Male,Mumbai,Regular,2026-02-04
CUST000898,Utkarsh Bhat,47,Female,Pune,Premium,2026-03-27
CUST000899,Omya Wason,32,Female,Jaipur,Regular,2025-07-31
CUST000900,Warinder Soni,65,Female,Delhi,New,2023-12-06
CUST000901,Megha Banerjee,19,Female,Chennai,New,2024-10-16
CUST000902,Jai Sen,42,Male,Pune,Premium,2023-05-24
CUST000903,Siddharth Hans,38,Male,Pune,Regular,2023-03-13
CUST000904,Pallavi Brar,47,Female,Chennai,New,2025-07-25
CUST000905,Saksham Divan,21,Female,Jaipur,Regular,2026-03-16
CUST000906,Ekaja Bhavsar,18,Male,Jaipur,Regular,2023-01-11
CUST000907,Mekhala Nanda,59,Female,Pune,Premium,2026-04-20
CUST000908,Zinal Shanker,34,Female,Pune,Regular,2026-07-23
CUST000909,Oni Chowdhury,69,Female,Jaipur,Regular,2024-06-02
CUST000910,Manbir Chaudhry,32,Female,Jaipur,Regular,2026-08-04
CUST000911,Harrison Mangal,36,Female,Chennai,Regular,2026-05-07
CUST000912,Nirja Lalla,58,Male,Delhi,New,2024-04-15
CUST000913,Urvashi Barad,56,Male,Kolkata,New,2023-05-23
CUST000914,Neha Dhawan,69,Male,Chennai,New,2025-04-15
CUST000915,Balvan Randhawa,22,Male,Bengaluru,New,2026-06-10
CUST000916,Wazir Bawa,67,Female,Ahmedabad,Regular,2025-10-30
CUST000917,Amruta Pradhan,33,Male,Kolkata,Regular,2022-09-29
CUST000918,Chavvi Mukhopadhyay,55,Male,Delhi,Premium,2023-11-07
CUST000919,Guneet Kari,30,Female,Mumbai,Regular,2023-03-25
CUST000920,Saanvi Nagi,18,Male,Indore,New,2023-10-21
CUST000921,Gaurav Guha,59,Male,Pune,Regular,2024-07-15
CUST000922,Niharika Sundaram,56,Male,Chennai,Premium,2025-11-20
CUST000923,Daksh Varma,26,Male,Hyderabad,Regular,2026-01-09
CUST000924,Dominic Mukhopadhyay,60,Female,Pune,Regular,2025-09-04
CUST000925,Krishna Viswanathan,53,Female,Hyderabad,Regular,2026-05-25
CUST000926,Oscar Hans,35,Female,Pune,Regular,2026-05-19
CUST000927,Dalbir Krish,30,Male,Kolkata,New,2022-10-19
CUST000928,Chandresh Patel,41,Female,Chennai,Regular,2025-08-27
CUST000929,Anusha Pillay,31,Male,Jaipur,Regular,2026-02-28
CUST000930,Yashasvi Ranganathan,55,Male,Hyderabad,Regular,2025-05-12
CUST000931,Azaan Khurana,45,Female,Kolkata,Regular,2024-03-29
CUST000932,Sanaya Goel,64,Female,Mumbai,Regular,2026-05-12
CUST000933,Inaya Padmanabhan,18,Male,Indore,Regular,2023-05-10
CUST000934,Gautam Mane,42,Male,Ahmedabad,Regular,2022-10-10
CUST000935,Chandran Gaba,42,Female,Kolkata,Premium,2026-04-16
CUST000936,Timothy Kar,53,Female,Chennai,Regular,2025-07-16
CUST000937,Amruta Rout,56,Male,Chennai,New,2024-11-03
CUST000938,Aditya Som,26,Male,Mumbai,Regular,2026-07-14
CUST000939,Oscar Anand,58,Female,Ahmedabad,Premium,2023-08-11
CUST000940,Dalaja Maharaj,29,Female,Mumbai,Regular,2024-06-17
CUST000941,Ikshita Sharaf,39,Male,Hyderabad,Regular,2023-09-24
CUST000942,Unnati Mittal,49,Female,Kolkata,Regular,2025-07-15
CUST000943,Harsh Amble,57,Female,Hyderabad,Regular,2024-10-31
CUST000944,Barkha Misra,35,Male,Pune,New,2025-07-27
CUST000945,Vasatika Bhatt,34,Male,Ahmedabad,Premium,2024-02-02
CUST000946,Ekta Malhotra,27,Female,Mumbai,New,2023-10-08
CUST000947,Raghav Doctor,26,Male,Kolkata,New,2024-11-09
CUST000948,Dakshesh Raval,36,Male,Indore,Regular,2025-06-20
CUST000949,Logan Bal,26,Male,Chennai,Regular,2025-06-12
CUST000950,Chakrika Lad,27,Male,Ahmedabad,New,2026-07-07
CUST000951,Nidhi Rama,67,Male,Pune,Regular,2025-10-16
CUST000952,Ranveer Oza,46,Female,Chennai,Regular,2025-09-30
CUST000953,Vamakshi Parmer,46,Male,Indore,Regular,2024-10-25
CUST000954,Onkar Golla,24,Male,Ahmedabad,Premium,2023-11-28
CUST000955,Urishilla Dave,24,Female,Kolkata,Regular,2025-10-22
CUST000956,Qadim Nayak,66,Female,Jaipur,Regular,2025-06-10
CUST000957,Tristan Pant,20,Female,Hyderabad,New,2023-08-10
CUST000958,Osha Narula,43,Male,Jaipur,Regular,2024-03-28
CUST000959,Chaitaly Sheth,26,Female,Chennai,Regular,2026-04-12
CUST000960,Upma Bera,39,Female,Mumbai,New,2026-05-05
CUST000961,Urmi Hayer,58,Female,Mumbai,Regular,2024-10-14
CUST000962,Lakshmi Wagle,58,Female,Mumbai,New,2023-12-05
CUST000963,Chatura Dora,63,Male,Indore,New,2023-03-30
CUST000964,Hema Rout,65,Male,Indore,Premium,2025-01-29
CUST000965,Luke Mutti,29,Male,Indore,Premium,2026-04-29
CUST000966,Faris Sura,45,Female,Chennai,New,2024-01-27
CUST000967,Dhriti Bhardwaj,19,Female,Pune,Regular,2022-09-05
CUST000968,Anusha Kadakia,46,Female,Mumbai,New,2025-11-23
CUST000969,Nathan Suri,31,Male,Kolkata,Regular,2025-12-30
CUST000970,Kai Saraf,69,Male,Bengaluru,Regular,2025-05-09
CUST000971,Netra Sanghvi,66,Male,Bengaluru,Regular,2024-09-08
CUST000972,Aayush Barad,32,Male,Delhi,Regular,2024-12-05
CUST000973,Kashvi Atwal,54,Female,Kolkata,Regular,2026-06-14
CUST000974,Rayaan Badami,69,Male,Hyderabad,New,2025-07-15
CUST000975,Yuvraj Kara,61,Female,Kolkata,Regular,2025-08-10
CUST000976,Devika Dayal,45,Male,Ahmedabad,Premium,2023-02-04
CUST000977,Yahvi Mohan,40,Female,Hyderabad,Regular,2023-05-15
CUST000978,Chakradev Misra,53,Female,Hyderabad,Regular,2023-11-23
CUST000979,Zinal Viswanathan,59,Male,Pune,Regular,2024-02-04
CUST000980,Krish Oommen,57,Male,Indore,Regular,2026-06-29
CUST000981,Jagrati Guha,19,Male,Ahmedabad,Regular,2023-05-12
CUST000982,Anirudh Kari,32,Female,Ahmedabad,Regular,2023-08-12
CUST000983,Siddharth Bains,29,Male,Kolkata,Regular,2025-03-02
CUST000984,Jatin Peri,49,Male,Pune,Regular,2025-09-06
CUST000985,Keya Kumer,20,Female,Chennai,Regular,2025-12-09
CUST000986,Chanakya Chokshi,49,Male,Ahmedabad,Regular,2025-06-09
CUST000987,Chanakya D’Alia,44,Female,Pune,New,2024-06-06
CUST000988,Lajita Dasgupta,32,Female,Kolkata,Premium,2024-12-26
CUST000989,Urvi Dua,41,Male,Hyderabad,Regular,2023-07-14
CUST000990,Charvi Salvi,50,Male,Chennai,Regular,2025-06-21
CUST000991,Zinal Madan,39,Male,Hyderabad,Premium,2025-04-22
CUST000992,Omya Cheema,32,Female,Indore,Premium,2024-10-31
CUST000993,Barkha Comar,65,Male,Indore,New,2025-12-30
CUST000994,Widisha Issac,57,Female,Kolkata,Premium,2025-04-01
CUST000995,Adya Virk,55,Male,Indore,New,2023-07-08
CUST000996,Nimrat Merchant,55,Male,Delhi,Premium,2023-05-05
CUST000997,Watika Johal,48,Female,Ahmedabad,New,2025-08-02
CUST000998,Ganga Keer,44,Male,Chennai,Premium,2022-09-02
CUST000999,Gaurav Choudhry,28,Male,Mumbai,Regular,2026-03-18
CUST001000,Manthan Chana,47,Male,Hyderabad,New,2025-12-21
CUST001001,Harrison Kunda,55,Male,Indore,Regular,2025-05-25
CUST001002,Tanmayi Minhas,49,Male,Kolkata,Regular,2023-10-13
CUST001003,Chandresh Chaudhry,60,Male,Mumbai,Regular,2026-02-12
CUST001004,Balveer Mannan,38,Male,Mumbai,Regular,2024-03-10
CUST001005,Pooja D’Alia,46,Female,Bengaluru,Regular,2023-01-23
CUST001006,Aditya Devi,60,Female,Mumbai,Premium,2025-06-24
CUST001007,Falguni Parmar,28,Female,Kolkata,Regular,2026-06-18
CUST001008,Amrita Chander,22,Other,Bengaluru,Regular,2024-03-29
CUST001009,Qadim Comar,66,Male,Pune,Regular,2024-05-12
CUST001010,Tanmayi Magar,28,Female,Bengaluru,Regular,2026-03-19
CUST001011,Vanya Sama,35,Male,Hyderabad,Regular,2025-06-01
CUST001012,Isaiah Deo,40,Female,Jaipur,Regular,2025-08-14
CUST001013,Nathaniel Chawla,27,Female,Chennai,Regular,2024-06-05
CUST001014,Raksha Golla,21,Male,Indore,Regular,2025-04-04
CUST001015,Jagrati Balakrishnan,39,Female,Chennai,Regular,2026-04-29
CUST001016,Vasudha Sura,31,Male,Bengaluru,Regular,2023-02-20
CUST001017,Ridhi Batra,60,Male,Indore,Regular,2022-12-05
CUST001018,Dipta Arora,47,Female,Indore,Premium,2025-08-27
CUST001019,Hamsini Venkataraman,30,Male,Hyderabad,Regular,2024-11-18
CUST001020,Rachita Kothari,19,Female,Ahmedabad,Regular,2024-09-15
CUST001021,Lekha Dixit,61,Male,Pune,Regular,2026-03-24
CUST001022,Advay Dugar,46,Male,Chennai,Regular,2024-10-22
CUST001023,Warhi Gandhi,69,Male,Kolkata,Regular,2022-12-23
CUST001024,Ekani Khosla,64,Female,Hyderabad,Regular,2024-01-25
CUST001025,Chandresh Tripathi,26,Other,Delhi,New,2023-08-09
CUST001026,Neha Keer,34,Female,Kolkata,Regular,2022-12-29
CUST001027,Sachi Sem,32,Female,Delhi,Regular,2023-01-12
CUST001028,Sanya Mutti,29,Female,Ahmedabad,Premium,2023-03-01
CUST001029,Andrew Chauhan,36,Female,Bengaluru,New,2024-05-16
CUST001030,Balendra Acharya,61,Male,Delhi,New,2026-03-04
CUST001031,Daksha Trivedi,41,Male,Delhi,Regular,2025-01-18
CUST001032,Tanmayi Om,37,Other,Jaipur,Premium,2024-03-15
CUST001033,Udant Sha,57,Male,Kolkata,Regular,2024-01-26
CUST001034,Januja Sethi,63,Female,Indore,New,2023-02-22
CUST001035,Tristan Agate,56,Male,Delhi,Regular,2024-02-10
CUST001036,Bishakha Vig,49,Other,Ahmedabad,Regular,2024-03-31
CUST001037,Chakradev Gala,48,Female,Pune,Premium,2024-10-01
CUST001038,Nimrat Chhabra,40,Male,Kolkata,Regular,2023-09-28
CUST001039,Raghav Dara,63,Female,Hyderabad,Regular,2026-08-13
CUST001040,Tanveer Shankar,27,Female,Indore,Regular,2026-03-01
CUST001041,Hamsini Chokshi,65,Male,Kolkata,New,2025-11-17
CUST001042,Chakradhar Dasgupta,48,Male,Jaipur,Regular,2025-12-10
CUST001043,Tanvi Thaman,51,Male,Jaipur,Regular,2023-03-26
CUST001044,Aayush Wali,68,Other,Chennai,Premium,2025-10-15
CUST001045,Rachita Subramanian,32,Male,Kolkata,Regular,2026-08-03
CUST001046,Oscar Dave,34,Female,Indore,Regular,2023-02-05
CUST001047,Ekanta Thaman,44,Female,Jaipur,Regular,2026-05-29
CUST001048,Omya Kothari,61,Female,Kolkata,New,2023-10-28
CUST001049,Hemal Menon,65,Male,Kolkata,Regular,2024-08-01
CUST001050,Lakshit Sachar,42,Female,Indore,New,2025-03-21
CUST001051,Dipta Kalla,34,Female,Pune,Regular,2023-07-07
CUST001052,Bina Pai,43,Female,Pune,New,2026-07-30
CUST001053,Pranav Thakur,56,Female,Pune,New,2024-12-18
CUST001054,Jack Pandey,45,Male,Mumbai,New,2025-01-18
CUST001055,Omisha Walla,62,Male,Pune,Regular,2023-11-16
CUST001056,Agastya Virk,55,Other,Indore,Regular,2023-02-10
CUST001057,Lakshmi Dhillon,23,Male,Mumbai,Premium,2022-11-19
CUST001058,Ryan Loke,29,Female,Hyderabad,New,2025-11-06
CUST001059,Bhavini Krishna,42,Male,Hyderabad,Premium,2023-04-13
CUST001060,Chakrika Jani,56,Female,Delhi,New,2025-11-11
CUST001061,Jagrati Sethi,59,Female,Delhi,Regular,2023-02-04
CUST001062,Lopa Khanna,34,Male,Chennai,Regular,2024-10-30
CUST001063,Champak Raj,30,Male,Ahmedabad,New,2024-04-22
CUST001064,Dhriti Bhagat,44,Male,Indore,New,2022-09-18
CUST001065,Samaksh Savant,43,Female,Kolkata,New,2026-03-10
CUST001066,Jhalak Hegde,45,Female,Kolkata,Regular,2025-12-16
CUST001067,Chaitaly Sen,35,Female,Kolkata,Premium,2023-05-31
CUST001068,Rachit Ghose,67,Male,Bengaluru,New,2025-10-13
CUST001069,Krishna Baria,38,Female,Kolkata,Regular,2024-06-24
CUST001070,Aishani De,36,Female,Jaipur,Regular,2023-05-05
CUST001071,Abdul Narayanan,61,Female,Kolkata,Regular,2024-08-22
CUST001072,Balveer Dube,47,Female,Delhi,Premium,2026-08-10
CUST001073,Charan Mitra,64,Male,Mumbai,Regular,2024-09-29
CUST001074,Elijah Nadkarni,33,Male,Chennai,Regular,2024-11-22
CUST001075,Qarin Verma,25,Male,Chennai,Regular,2022-12-12
CUST001076,Ojasvi Yadav,59,Male,Kolkata,New,2024-05-16
CUST001077,Ikshita Kant,34,Male,Ahmedabad,Regular,2026-06-01
CUST001078,Garima Narula,38,Female,Indore,Regular,2024-03-11
CUST001079,Tejas Wali,67,Male,Mumbai,Regular,2024-09-04
CUST001080,Ishwar Pal,58,Male,Mumbai,Regular,2024-07-21
CUST001081,Yagnesh Baral,66,Male,Bengaluru,Regular,2025-07-24
CUST001082,Lakshmi Comar,36,Female,Chennai,Regular,2024-04-19
CUST001083,Barkha Bakshi,55,Male,Pune,Premium,2026-07-14
CUST001084,Yoshita Trivedi,68,Female,Pune,Regular,2024-07-21
CUST001085,Caleb Minhas,60,Male,Delhi,Regular,2026-06-24
CUST001086,Ekani Varkey,34,Female,Kolkata,Regular,2023-01-03
CUST001087,Oliver Yogi,36,Male,Mumbai,New,2024-12-04
CUST001088,Dominic Kade,45,Male,Bengaluru,Premium,2025-07-05
CUST001089,Panini Chawla,50,Female,Indore,Premium,2023-07-14
CUST001090,Ekbal Dube,67,Female,Jaipur,New,2022-10-04
CUST001091,Garima Barad,29,Male,Kolkata,Premium,2023-01-11
CUST001092,Chatura Gokhale,42,Female,Mumbai,New,2026-01-13
CUST001093,Ekavir Kari,59,Female,Delhi,Regular,2026-07-14
CUST001094,Nikita Rama,27,Male,Indore,Regular,2024-07-29
CUST001095,Rachita Mutti,44,Male,Mumbai,New,2022-09-24
CUST001096,Jagat Warrior,61,Male,Bengaluru,Premium,2022-09-07
CUST001097,Chakradev Bora,67,Female,Kolkata,Regular,2024-03-06
CUST001098,Bimala Mitra,65,Female,Chennai,Regular,2025-03-28
CUST001099,Baghyawati Sarma,19,Male,Ahmedabad,Regular,2024-04-12
CUST001100,Azaan Som,37,Female,Pune,New,2023-04-28
CUST001101,Laban Raman,50,Male,Ahmedabad,Regular,2026-01-17
CUST001102,Maanas Misra,69,Female,Jaipur,New,2025-07-16
CUST001103,Advay Dhaliwal,22,Male,Kolkata,Regular,2023-03-08
CUST001104,Abdul Ramesh,35,Male,Mumbai,Regular,2024-12-10
CUST001105,Dalaja Kade,40,Female,Indore,Regular,2025-11-03
CUST001106,Siddharth Sachar,42,Female,Indore,Regular,2026-07-05
CUST001107,Naveen Gour,22,Male,Hyderabad,Regular,2023-08-06
CUST001108,Rishi Contractor,62,Female,Hyderabad,New,2023-06-06
CUST001109,Triya Bora,65,Female,Indore,New,2023-11-23
CUST001110,Zashil Chaudhari,47,Female,Kolkata,New,2023-07-01
CUST001111,Ganga Parikh,25,Male,Pune,Regular,2023-03-16
CUST001112,Harish Mane,47,Male,Ahmedabad,Regular,2025-04-17
CUST001113,Rishi Nadkarni,64,Male,Delhi,New,2024-09-21
CUST001114,Falguni Mohan,18,Male,Indore,Premium,2025-08-10
CUST001115,Janya Mutti,18,Male,Ahmedabad,Regular,2024-06-24
CUST001116,Aayush Munshi,38,Female,Pune,Regular,2023-09-15
CUST001117,Rajata Malhotra,62,Female,Chennai,Regular,2026-03-26
CUST001118,Krish Narula,43,Male,Pune,Regular,2026-05-23
CUST001119,Turvi Sehgal,31,Female,Mumbai,New,2024-03-08
CUST001120,Vidhi Chopra,64,Male,Pune,Regular,2023-05-29
CUST001121,Avni Dey,30,Male,Hyderabad,New,2026-06-13
CUST001122,Adya Bose,23,Female,Ahmedabad,Regular,2025-10-02
CUST001123,Anirudh Tripathi,42,Female,Hyderabad,Regular,2025-05-06
CUST001124,Nidhi Kala,23,Male,Bengaluru,Premium,2026-07-06
CUST001125,Abha Zacharia,34,Female,Kolkata,Regular,2024-08-31
CUST001126,Jasmit Ramanathan,32,Female,Mumbai,New,2023-08-10
CUST001127,Krish Shetty,36,Male,Mumbai,Regular,2024-10-15
CUST001128,Mekhala Patla,65,Male,Indore,Regular,2024-10-17
CUST001129,William Gandhi,34,Female,Bengaluru,New,2025-11-17
CUST001130,Sanaya Dutta,49,Female,Pune,Regular,2023-06-03
CUST001131,Veda Parmer,31,Male,Delhi,Regular,2022-10-30
CUST001132,Vinaya Kata,33,Female,Delhi,Regular,2022-12-04
CUST001133,Kala Kaur,45,Female,Bengaluru,Regular,2022-11-03
CUST001134,Zarna Patel,25,Female,Jaipur,Regular,2024-04-22
CUST001135,Suhani Batra,19,Female,Indore,Regular,2022-10-29
CUST001136,Harshil Verma,56,Female,Jaipur,Regular,2025-05-09
CUST001137,Adya Ghosh,47,Female,Bengaluru,New,2024-04-05
CUST001138,Jasmit Brahmbhatt,46,Male,Bengaluru,Regular,2024-11-08
CUST001139,Krisha Kapoor,62,Female,Pune,Premium,2024-11-08
CUST001140,Ira Pai,63,Male,Kolkata,Regular,2024-09-23
CUST001141,Abeer Thaker,59,Female,Indore,Regular,2026-05-30
CUST001142,Ria Gandhi,26,Male,Delhi,New,2023-08-21
CUST001143,Yoshita Mand,20,Female,Chennai,Regular,2023-07-23
CUST001144,Rachit Dugar,21,Male,Mumbai,Regular,2024-03-13
CUST001145,Victor Sachdeva,39,Female,Mumbai,Premium,2026-02-09
CUST001146,Ishaan Subramaniam,37,Male,Kolkata,Regular,2025-07-12
CUST001147,Varenya Kade,59,Male,Kolkata,Regular,2025-03-03
CUST001148,Nirja Bains,35,Male,Jaipur,New,2023-09-11
CUST001149,Joshua Dyal,27,Female,Hyderabad,Regular,2023-03-26
CUST001150,Manan Bhalla,40,Male,Bengaluru,New,2023-05-14
CUST001151,Pranit Varughese,65,Male,Ahmedabad,Premium,2024-05-19
CUST001152,Bhanumati Chada,63,Male,Kolkata,Regular,2023-07-31
CUST001153,Urishilla Subramaniam,42,Female,Delhi,Regular,2023-05-20
CUST001154,Nirja Dhar,27,Male,Hyderabad,Regular,2026-01-14
CUST001155,Yasti Lalla,62,Male,Chennai,New,2023-05-16
CUST001156,Sudiksha Biswas,19,Female,Ahmedabad,Premium,2023-08-21
CUST001157,Lekha Deo,28,Male,Mumbai,Regular,2023-02-13
CUST001158,Samaksh Virk,43,Female,Jaipur,Regular,2026-04-25
CUST001159,Mason Char,64,Male,Ahmedabad,Regular,2023-05-31
CUST001160,Balvan Wali,30,Female,Pune,Regular,2024-10-18
CUST001161,Girik Subramaniam,44,Female,Indore,Premium,2025-06-18
CUST001162,Aarav Sankar,64,Female,Indore,New,2024-11-16
CUST001163,Kamala Bassi,30,Female,Chennai,New,2025-08-16
CUST001164,Veer Subramaniam,34,Male,Hyderabad,New,2026-01-06
CUST001165,Inaya Chaudhari,43,Male,Pune,Regular,2024-06-19
CUST001166,Aachal Sood,29,Male,Kolkata,New,2025-11-30
CUST001167,Fiyaz Mander,27,Female,Delhi,Regular,2025-03-15
CUST001168,Aarini Gulati,54,Female,Delhi,Regular,2022-09-06
CUST001169,Jacob Venkatesh,69,Male,Ahmedabad,New,2022-09-09
CUST001170,Samesh Mutti,54,Female,Delhi,Regular,2024-05-25
CUST001171,Hredhaan Dubey,42,Male,Delhi,Regular,2024-06-20
CUST001172,Advika Wason,49,Female,Hyderabad,Regular,2024-06-16
CUST001173,Anya Ranganathan,47,Male,Kolkata,Regular,2025-11-13
CUST001174,Odika Subramanian,60,Female,Delhi,Premium,2023-06-02
CUST001175,Veda Kulkarni,69,Male,Jaipur,New,2023-12-18
CUST001176,Mitali Devi,36,Female,Delhi,Regular,2026-04-18
CUST001177,Victor Sekhon,37,Female,Delhi,New,2025-12-27
CUST001178,Harish Kala,22,Male,Hyderabad,New,2024-10-26
CUST001179,Hamsini Ben,21,Male,Bengaluru,New,2023-05-05
CUST001180,Abdul Chand,26,Male,Kolkata,New,2026-02-27
CUST001181,Urishilla Saran,59,Female,Mumbai,Regular,2023-01-12
CUST001182,Adya Kapadia,48,Male,Hyderabad,Regular,2024-03-27
CUST001183,Baljiwan Rajagopalan,69,Male,Bengaluru,Regular,2026-08-13
CUST001184,Bhavini Bhandari,34,Female,Kolkata,Premium,2025-12-12
CUST001185,Warda Sarna,60,Male,Kolkata,New,2022-09-14
CUST001186,Zarna Mangal,24,Male,Bengaluru,Regular,2023-06-27
CUST001187,Yashvi Varty,34,Female,Chennai,Regular,2025-08-18
CUST001188,Omkaar Banik,59,Female,Ahmedabad,Premium,2024-03-09
CUST001189,Aadi Dugar,61,Male,Indore,New,2023-01-10
CUST001190,Mugdha Pandit,28,Female,Mumbai,Regular,2025-07-04
CUST001191,Nidra Iyer,66,Female,Chennai,Regular,2024-11-10
CUST001192,Ekapad Chana,47,Male,Jaipur,New,2024-12-29
CUST001193,Ijaya Palan,27,Female,Indore,Regular,2026-02-15
CUST001194,Upkaar Hayer,58,Female,Hyderabad,Regular,2024-08-04
CUST001195,Aayush Lal,62,Female,Delhi,Regular,2023-05-27
CUST001196,Yashawini Chhabra,44,Female,Bengaluru,New,2025-01-12
CUST001197,Yahvi Menon,42,Female,Indore,New,2024-02-08
CUST001198,Yochana Kurian,43,Male,Jaipur,Regular,2026-05-20
CUST001199,Saanvi Purohit,37,Female,Bengaluru,Regular,2025-01-19
CUST001200,Yagnesh Nori,53,Male,Bengaluru,Regular,2025-12-15
CUST001201,Triveni Bala,31,Male,Hyderabad,Regular,2024-09-15
CUST001202,Aarna Bir,56,Female,Ahmedabad,Regular,2024-04-14
CUST001203,Victor Mutti,54,Female,Bengaluru,Premium,2024-05-30
CUST001204,Zaitra Wason,29,Male,Pune,Regular,2022-09-13
CUST001205,Yuvraj Mani,53,Female,Delhi,Regular,2023-01-20
CUST001206,Hema Borra,49,Female,Delhi,Regular,2025-01-06
CUST001207,Vamakshi Murthy,55,Male,Hyderabad,Regular,2024-02-29
CUST001208,Amruta Goswami,57,Male,Kolkata,New,2025-10-31
CUST001209,Wishi Iyengar,23,Female,Chennai,Regular,2023-08-28
CUST001210,Alka Jhaveri,31,Male,Chennai,Regular,2023-08-20
CUST001211,Zaid Parekh,64,Female,Hyderabad,New,2023-04-28
CUST001212,Jagdish Brar,69,Female,Chennai,New,2025-07-13
CUST001213,Abeer Basak,52,Male,Mumbai,New,2026-04-07
CUST001214,Kamya Murty,40,Female,Delhi,Regular,2024-10-01
CUST001215,Vritti Goswami,26,Female,Jaipur,Regular,2025-11-28
CUST001216,Mitali Kapadia,19,Female,Jaipur,Regular,2025-11-06
CUST001217,Chatura Vora,18,Male,Kolkata,New,2026-01-21
CUST001218,Vanya Zachariah,56,Other,Indore,Regular,2022-10-18
CUST001219,Meera Ghosh,43,Male,Delhi,Regular,2024-08-08
CUST001220,Zarna Sharma,18,Male,Hyderabad,Regular,2024-01-01
CUST001221,Advik Kade,34,Female,Delhi,Regular,2024-04-09
CUST001222,Eshana Pathak,46,Female,Chennai,Regular,2025-04-06
CUST001223,Rachit Lall,52,Female,Delhi,Regular,2023-09-01
CUST001224,Urishilla Oza,26,Female,Mumbai,Regular,2024-03-19
CUST001225,Wishi Samra,55,Male,Jaipur,Regular,2023-07-22
CUST001226,Kashish Patla,69,Female,Pune,New,2026-04-17
CUST001227,Ati Seshadri,25,Male,Ahmedabad,Regular,2023-06-04
CUST001228,Veer Chaudhry,68,Male,Jaipur,New,2025-09-21
CUST001229,Warinder Sankaran,36,Female,Mumbai,Regular,2026-04-20
CUST001230,Rohan Dhingra,48,Male,Ahmedabad,Regular,2026-01-22
CUST001231,Urvashi Andra,28,Male,Mumbai,Regular,2023-05-30
CUST001232,Xalak Desai,63,Female,Chennai,Regular,2026-06-16
CUST001233,Vidhi Mital,18,Other,Indore,Regular,2023-09-22
CUST001234,Mitali Chaudhary,64,Male,Kolkata,Regular,2025-08-05
CUST001235,Darpan Kale,42,Female,Pune,Regular,2026-02-13
CUST001236,Vamakshi Char,60,Female,Hyderabad,New,2024-07-27
CUST001237,Abha Patel,41,Female,Jaipur,Regular,2024-03-10
CUST001238,Hemangini Bahri,69,Female,Chennai,Regular,2024-05-29
CUST001239,Indali Issac,28,Male,Jaipur,Regular,2025-02-10
CUST001240,Bhavani Pant,40,Male,Jaipur,Regular,2024-01-16
CUST001241,Sanya Brar,46,Male,Delhi,New,2024-04-11
CUST001242,Ubika Dhillon,52,Female,Chennai,New,2026-05-08
CUST001243,Geetika Sama,63,Male,Indore,Premium,2025-05-05
CUST001244,Ekbal Buch,55,Male,Hyderabad,Regular,2023-05-07
CUST001245,Vedant Murthy,69,Male,Kolkata,Regular,2024-01-03
CUST001246,Amara Rana,24,Female,Bengaluru,New,2023-10-24
CUST001247,Janani Verma,27,Male,Kolkata,Regular,2024-07-28
CUST001248,Oliver Gour,67,Male,Delhi,Regular,2026-04-16
CUST001249,Jeremiah Keer,61,Male,Bengaluru,New,2025-06-22
CUST001250,Fariq Kade,21,Male,Ahmedabad,New,2023-05-15
CUST001251,Harshil Chandran,24,Female,Jaipur,New,2022-12-06
CUST001252,Chatura Bal,25,Male,Mumbai,Regular,2025-12-08
CUST001253,Fiyaz Chawla,69,Male,Jaipur,Regular,2023-10-10
CUST001254,Frado Ramakrishnan,46,Male,Delhi,Regular,2023-12-22
CUST001255,Yug Mander,56,Female,Ahmedabad,Regular,2024-07-17
CUST001256,Karan Vyas,58,Female,Pune,Regular,2026-03-23
CUST001257,Ayush Banerjee,61,Female,Delhi,Regular,2025-06-24
CUST001258,Eshana Soni,24,Female,Ahmedabad,Premium,2024-08-23
CUST001259,Sai Deshmukh,43,Male,Pune,Regular,2025-08-16
CUST001260,Tanmayi Saran,41,Male,Hyderabad,Regular,2024-11-19
CUST001261,Idika Subramaniam,54,Male,Ahmedabad,Regular,2024-12-14
CUST001262,Gaurav Sathe,54,Female,Kolkata,Premium,2023-12-20
CUST001263,Nitara Lad,38,Male,Chennai,Regular,2023-04-27
CUST001264,Advaith Acharya,32,Female,Kolkata,Regular,2024-11-18
CUST001265,Hemangini Mangat,35,Female,Bengaluru,Regular,2024-08-26
CUST001266,Vyanjana Sood,54,Female,Ahmedabad,Regular,2023-12-07
CUST001267,Qushi Master,35,Male,Bengaluru,Regular,2025-03-13
CUST001268,Abhimanyu Prakash,39,Male,Pune,Regular,2023-06-17
CUST001269,Rajeshri Rana,38,Male,Kolkata,Regular,2023-09-21
CUST001270,Madhavi Radhakrishnan,45,Male,Chennai,Regular,2023-08-06
CUST001271,Fariq Sami,62,Female,Hyderabad,Regular,2025-04-26
CUST001272,Zansi Magar,59,Male,Ahmedabad,Regular,2023-11-14
CUST001273,Nitara Guha,32,Female,Mumbai,New,2026-04-15
CUST001274,Qabil Deshpande,45,Male,Mumbai,New,2023-11-21
CUST001275,Tamanna Sethi,64,Female,Mumbai,Premium,2023-10-25
CUST001276,Raghav Nagi,25,Female,Delhi,Regular,2022-09-28
CUST001277,Chandran Warrior,68,Male,Indore,Regular,2022-10-02
CUST001278,Harsh Manda,30,Other,Jaipur,Regular,2023-10-21
CUST001279,Raksha Anand,30,Male,Kolkata,New,2023-08-25
CUST001280,Matthew Aurora,55,Female,Pune,Regular,2024-10-03
CUST001281,Hema Salvi,54,Male,Ahmedabad,Premium,2023-12-26
CUST001282,Kamya Sheth,63,Male,Chennai,New,2025-08-15
CUST001283,Ganga Buch,29,Other,Ahmedabad,Regular,2026-03-31
CUST001284,Daksh Lata,31,Male,Jaipur,New,2025-12-15
CUST001285,Ekbal Singhal,23,Female,Jaipur,New,2023-06-07
CUST001286,Zashil Raj,30,Male,Bengaluru,Regular,2026-03-07
CUST001287,Jairaj Kothari,45,Female,Jaipur,Regular,2024-04-17
CUST001288,Yug Bandi,37,Female,Delhi,New,2023-07-04
CUST001289,Girindra Verma,51,Male,Ahmedabad,Regular,2025-06-28
CUST001290,Urvashi Ramachandran,33,Other,Kolkata,Regular,2025-07-22
CUST001291,Ekantika Dutt,30,Male,Delhi,New,2025-05-02
CUST001292,Jason Kulkarni,64,Male,Ahmedabad,Regular,2024-09-14
CUST001293,Rushil Patel,67,Male,Bengaluru,Regular,2026-06-07
CUST001294,Tejas Chowdhury,28,Female,Kolkata,New,2023-08-30
CUST001295,Ekta Aurora,63,Other,Indore,Regular,2023-05-15
CUST001296,Jagdish Randhawa,68,Female,Pune,New,2026-01-05
CUST001297,Aditya Basak,36,Male,Kolkata,Regular,2025-02-16
CUST001298,Mohammed Prabhu,50,Female,Delhi,Premium,2025-12-08
CUST001299,Yuvraj Dugar,66,Female,Mumbai,New,2024-10-13
CUST001300,Hamsini Bhasin,52,Male,Pune,Regular,2022-11-29
CUST001301,Mitesh Yadav,40,Female,Pune,New,2026-01-09
CUST001302,Jeremiah Sura,65,Female,Indore,New,2023-08-25
CUST001303,Idika Sarna,39,Female,Indore,New,2025-10-10
CUST001304,Ansh Purohit,58,Male,Kolkata,Regular,2024-03-07
CUST001305,Zashil Baral,40,Female,Kolkata,Regular,2024-09-20
CUST001306,Chaitaly Suri,30,Female,Kolkata,New,2023-06-19
CUST001307,Ijaya Naik,38,Male,Kolkata,Regular,2025-10-09
CUST001308,Anvi Dyal,61,Male,Mumbai,Regular,2022-12-13
CUST001309,Shivani Merchant,68,Male,Bengaluru,New,2026-02-21
CUST001310,Jeevika Setty,44,Male,Jaipur,Regular,2022-08-30
CUST001311,Qasim Bahl,48,Male,Indore,Regular,2025-04-17
CUST001312,William Nagi,30,Male,Delhi,Regular,2025-09-22
CUST001313,Lila Gupta,45,Female,Jaipur,New,2024-11-20
CUST001314,Mitesh Mandal,67,Male,Jaipur,New,2024-01-12
CUST001315,Ekanta Choudhry,23,Male,Bengaluru,Premium,2023-01-25
CUST001316,Caleb Dayal,52,Male,Mumbai,Regular,2023-06-02
CUST001317,Saksham Chhabra,66,Male,Indore,Regular,2024-09-20
CUST001318,Hardik Balay,18,Male,Chennai,Premium,2025-02-01
CUST001319,Vrishti Vora,60,Female,Bengaluru,Regular,2025-04-24
CUST001320,Chandran Peri,40,Male,Pune,Premium,2023-08-06
CUST001321,Agastya Joshi,18,Male,Chennai,Regular,2025-06-12
CUST001322,Fariq Sidhu,61,Female,Bengaluru,Regular,2026-01-24
CUST001323,Jalsa Sagar,62,Female,Ahmedabad,New,2026-02-25
CUST001324,Dalbir Lata,58,Male,Kolkata,Regular,2024-11-27
CUST001325,Ekavir Modi,27,Female,Delhi,Regular,2022-12-28
CUST001326,Zilmil Chatterjee,41,Male,Jaipur,Regular,2023-02-02
CUST001327,Lekha Gupta,21,Female,Jaipur,Regular,2023-06-25
CUST001328,Praneel Sagar,43,Female,Mumbai,Regular,2025-10-31
CUST001329,Ishita Shanker,22,Male,Delhi,Regular,2025-08-24
CUST001330,Hemang Ganesan,64,Female,Delhi,Premium,2026-01-11
CUST001331,Neelima Thaman,27,Male,Jaipur,Premium,2024-02-04
CUST001332,Saanvi Pandey,65,Male,Jaipur,New,2026-06-30
CUST001333,Ekta Prabhu,28,Male,Ahmedabad,Premium,2024-05-30
CUST001334,Ekiya Khosla,30,Female,Ahmedabad,Premium,2025-01-19
CUST001335,Keya Kumar,26,Female,Bengaluru,Regular,2024-03-10
CUST001336,Sara Ranganathan,40,Female,Kolkata,New,2022-08-29
CUST001337,Bhavani Babu,46,Male,Mumbai,Premium,2024-11-10
CUST001338,Chasmum Ahuja,48,Female,Bengaluru,Regular,2023-12-08
CUST001339,Tanish Murty,34,Male,Jaipur,Regular,2022-10-01
CUST001340,Yasti Dubey,56,Female,Kolkata,Regular,2023-01-22
CUST001341,Triveni Parekh,52,Male,Pune,Regular,2023-04-28
CUST001342,Alka Peri,22,Male,Mumbai,Regular,2026-06-10
CUST001343,Viraj Kunda,33,Female,Jaipur,Regular,2026-02-08
CUST001344,George Ratta,42,Male,Mumbai,Regular,2025-01-29
CUST001345,Faras Nair,66,Female,Delhi,Regular,2026-01-11
CUST001346,Oscar Sura,36,Female,Pune,New,2026-03-03
CUST001347,Charita Barad,25,Male,Delhi,Regular,2025-10-07
CUST001348,Farhan Bhalla,34,Male,Kolkata,Premium,2026-07-31
CUST001349,Ijaya Saraf,51,Male,Pune,Regular,2024-06-06
CUST001350,Utkarsh Apte,40,Female,Jaipur,New,2025-05-09
CUST001351,Chatura Mody,63,Female,Ahmedabad,New,2024-11-20
CUST001352,Eiravati Zacharia,51,Male,Pune,New,2025-01-22
CUST001353,Eta Thakkar,68,Female,Hyderabad,Regular,2025-08-16
CUST001354,Michael Bedi,56,Female,Indore,Premium,2025-07-10
CUST001355,Sanaya Thaman,65,Male,Kolkata,New,2023-01-15
CUST001356,Rachana Mann,18,Female,Indore,Regular,2026-01-01
CUST001357,Manbir Deo,21,Female,Mumbai,New,2024-02-02
CUST001358,Vamakshi Bawa,57,Female,Chennai,Regular,2024-12-27
CUST001359,Adweta Chada,55,Male,Kolkata,New,2024-05-09
CUST001360,Kalpit Deshmukh,28,Female,Chennai,New,2024-09-14
CUST001361,Vinaya Rana,53,Female,Chennai,Regular,2025-06-07
CUST001362,Yatin Kibe,22,Other,Mumbai,Regular,2022-12-18
CUST001363,Qushi Naik,52,Female,Chennai,Regular,2025-07-27
CUST001364,Isaiah Sachdev,69,Male,Bengaluru,Regular,2024-06-16
CUST001365,Ijaya Halder,67,Male,Pune,Regular,2024-01-09
CUST001366,Arjun Mody,67,Female,Indore,Regular,2023-05-18
CUST001367,Riya Dhingra,64,Female,Bengaluru,Regular,2024-07-13
CUST001368,Vivaan Iyengar,49,Female,Delhi,Regular,2025-07-28
CUST001369,Nachiket Chada,18,Male,Jaipur,New,2023-02-19
CUST001370,Xavier Divan,35,Male,Kolkata,Regular,2026-05-09
CUST001371,Akshay Oza,42,Male,Indore,Regular,2025-08-10
CUST001372,Dalaja Sengupta,19,Male,Jaipur,Regular,2024-08-29
CUST001373,Garima Kadakia,46,Male,Hyderabad,Regular,2025-10-21
CUST001374,Samar Virk,54,Female,Ahmedabad,Regular,2025-11-06
CUST001375,Vasudha Dhaliwal,60,Male,Ahmedabad,New,2025-08-12
CUST001376,Krisha Vyas,21,Female,Bengaluru,Regular,2022-11-04
CUST001377,Onkar Bhasin,34,Other,Hyderabad,Regular,2023-11-13
CUST001378,Anika Bera,33,Male,Hyderabad,New,2024-08-20
CUST001379,Ekalinga Rama,22,Female,Bengaluru,New,2025-06-19
CUST001380,Jagvi Chokshi,53,Female,Pune,Regular,2022-09-27
CUST001381,Libni Kashyap,46,Male,Chennai,Regular,2024-04-11
CUST001382,Diya Sundaram,18,Male,Chennai,New,2026-05-06
CUST001383,Quincy Issac,21,Male,Chennai,Regular,2024-10-14
CUST001384,Anthony Baral,58,Female,Pune,New,2023-09-17
CUST001385,Gauri Suri,51,Male,Ahmedabad,Regular,2024-05-01
CUST001386,Andrew Palan,66,Male,Bengaluru,Regular,2025-07-27
CUST001387,Isha Mittal,66,Male,Kolkata,Regular,2023-08-30
CUST001388,David Kurian,34,Female,Kolkata,Regular,2026-05-24
CUST001389,Ayushman Mammen,47,Female,Ahmedabad,New,2023-08-14
CUST001390,Harita Ramaswamy,24,Female,Ahmedabad,Regular,2025-06-14
CUST001391,Gagan Raja,23,Male,Chennai,Premium,2024-11-14
CUST001392,Omisha Khosla,66,Female,Hyderabad,Regular,2025-02-03
CUST001393,Pooja Muni,26,Male,Ahmedabad,New,2026-07-12
CUST001394,Saumya Deep,68,Male,Delhi,Regular,2023-07-16
CUST001395,Samaksh Devi,55,Other,Pune,New,2023-12-22
CUST001396,Qushi Dhillon,41,Female,Kolkata,New,2025-06-13
CUST001397,Eesha Bir,52,Male,Pune,Premium,2025-01-10
CUST001398,Qarin Nadkarni,46,Female,Ahmedabad,New,2026-03-25
CUST001399,Ayushman Nagar,48,Male,Bengaluru,Regular,2026-05-27
CUST001400,Nisha Mitter,34,Male,Kolkata,New,2024-07-17
CUST001401,Max Guha,63,Female,Mumbai,Regular,2023-02-10
CUST001402,Qasim Bal,36,Male,Bengaluru,Premium,2025-11-25
CUST001403,Vihaan Kata,18,Female,Pune,New,2023-08-22
CUST001404,Jagrati Buch,68,Male,Hyderabad,Premium,2025-08-01
CUST001405,Krish Thakkar,61,Male,Pune,New,2026-04-04
CUST001406,Kashvi Gour,33,Male,Delhi,Premium,2026-04-13
CUST001407,Vyanjana Som,60,Male,Kolkata,Premium,2023-03-30
CUST001408,Reyansh Kara,24,Female,Bengaluru,Regular,2022-10-18
CUST001409,Alexander Madan,21,Female,Kolkata,Regular,2024-05-31
CUST001410,Samaksh Jayaraman,19,Male,Chennai,Regular,2022-12-09
CUST001411,Reva Suri,23,Female,Jaipur,Regular,2025-08-01
CUST001412,Tanvi Koshy,64,Female,Pune,Regular,2024-06-23
CUST001413,Benjamin Rai,23,Male,Kolkata,Premium,2025-09-20
CUST001414,Meera Yadav,30,Female,Ahmedabad,Regular,2024-11-21
CUST001415,Ikbal Seth,53,Male,Jaipur,Regular,2024-08-07
CUST001416,Yatan Venkataraman,19,Female,Chennai,Regular,2024-12-11
CUST001417,Balveer Ram,55,Male,Ahmedabad,Regular,2024-11-07
CUST001418,Ranveer Manne,20,Male,Bengaluru,Regular,2024-07-11
CUST001419,Daksha Mangal,58,Female,Mumbai,Regular,2024-08-14
CUST001420,Pahal Menon,48,Female,Kolkata,Regular,2025-04-07
CUST001421,Zansi Dhar,31,Female,Pune,Regular,2024-08-18
CUST001422,Gautam Tella,24,Female,Delhi,Regular,2023-02-20
CUST001423,Krishna Ramaswamy,34,Male,Mumbai,New,2024-06-01
CUST001424,Shravya Bakshi,59,Female,Indore,Regular,2023-06-02
CUST001425,Saksham Sha,49,Male,Chennai,New,2023-01-16
CUST001426,Ekiya Gade,67,Male,Delhi,Regular,2025-09-17
CUST001427,Gavin Comar,30,Male,Kolkata,Regular,2025-08-30
CUST001428,Janani Chada,43,Male,Ahmedabad,Regular,2024-11-19
CUST001429,Yasti Dutta,65,Male,Pune,New,2024-04-08
CUST001430,Caleb Garde,41,Male,Indore,Regular,2026-07-16
CUST001431,Mason Gaba,41,Female,Bengaluru,Regular,2026-05-09
CUST001432,Praneel Behl,41,Male,Chennai,New,2024-06-10
CUST001433,Dayamai Sehgal,67,Other,Indore,Regular,2023-11-20
CUST001434,Jacob Deep,38,Female,Kolkata,Regular,2023-07-10
CUST001435,Zehaan Arora,27,Female,Bengaluru,Regular,2024-08-10
CUST001436,Wishi Ahluwalia,37,Female,Bengaluru,New,2025-03-30
CUST001437,Wazir Kalla,31,Female,Delhi,Premium,2025-02-28
CUST001438,Sudiksha Rout,37,Female,Jaipur,Regular,2024-07-15
CUST001439,Abeer Konda,44,Male,Hyderabad,Premium,2026-05-30
CUST001440,Sarthak Bawa,43,Female,Jaipur,Regular,2023-06-12
CUST001441,Christopher Palla,63,Other,Bengaluru,Regular,2022-10-25
CUST001442,Bachittar Misra,20,Male,Ahmedabad,Regular,2024-01-25
CUST001443,Chandran Chopra,61,Female,Chennai,Regular,2024-06-06
CUST001444,Neel Mane,20,Male,Kolkata,Regular,2025-04-04
CUST001445,Tamanna Parsa,25,Female,Hyderabad,Regular,2026-08-15
CUST001446,Girik Mistry,63,Female,Indore,Regular,2024-01-12
CUST001447,Ladli Bir,18,Male,Ahmedabad,New,2025-11-19
CUST001448,Dhruv Master,33,Male,Kolkata,Regular,2024-08-29
CUST001449,Jairaj Maharaj,33,Female,Kolkata,Regular,2024-01-22
CUST001450,Shaurya Kadakia,60,Male,Kolkata,Regular,2025-04-05
CUST001451,Ikbal Wadhwa,62,Male,Mumbai,Premium,2023-01-12
CUST001452,Bhavna Sane,43,Female,Chennai,Premium,2025-03-31
CUST001453,Aashi Vora,61,Female,Indore,Regular,2025-02-07
CUST001454,Kai Taneja,61,Male,Delhi,New,2024-11-13
CUST001455,Waida Gole,59,Other,Kolkata,Regular,2026-06-01
CUST001456,Bina Hari,65,Female,Delhi,Premium,2022-08-31
CUST001457,Arjun Shroff,63,Female,Indore,Regular,2025-04-26
CUST001458,Sarthak Sachdeva,53,Male,Mumbai,Regular,2024-06-02
CUST001459,Gauri Palla,63,Male,Delhi,New,2025-01-15
CUST001460,Advay Jaggi,29,Female,Pune,Regular,2025-08-04
CUST001461,Aachal Bir,68,Male,Mumbai,Regular,2023-12-20
CUST001462,Yashawini Naik,44,Female,Hyderabad,Regular,2025-12-02
CUST001463,Ishaan Nath,22,Male,Mumbai,New,2024-02-10
CUST001464,Ayush Gill,40,Female,Jaipur,Regular,2023-06-26
CUST001465,Hamsini Srinivas,46,Male,Ahmedabad,New,2026-07-22
CUST001466,Balendra Deshpande,38,Female,Pune,Premium,2024-09-14
CUST001467,Triveni Yadav,41,Female,Kolkata,Premium,2026-06-20
CUST001468,Turvi Sachdev,31,Female,Pune,Regular,2026-08-09
CUST001469,Chandani Mutti,63,Female,Ahmedabad,Regular,2025-01-07
CUST001470,Sathvik Narula,34,Female,Mumbai,Regular,2026-01-22
CUST001471,Dominic Dixit,56,Female,Bengaluru,Regular,2023-11-07
CUST001472,Harinakshi Prashad,39,Female,Bengaluru,Regular,2025-04-28
CUST001473,Lopa Grover,19,Male,Ahmedabad,Regular,2025-03-10
CUST001474,Darika Murty,25,Male,Jaipur,Regular,2025-09-04
CUST001475,Anita Sachdev,26,Male,Ahmedabad,Regular,2023-01-10
CUST001476,Wazir Prabhu,53,Male,Delhi,Regular,2024-07-31
CUST001477,Tarak Vohra,53,Male,Pune,Regular,2023-12-11
CUST001478,Isaac Prasad,39,Female,Bengaluru,New,2025-12-30
CUST001479,Saksham Chanda,37,Female,Kolkata,Regular,2024-07-18
CUST001480,Vasudha Tella,43,Female,Pune,Premium,2023-04-25
CUST001481,Harini Sule,39,Male,Kolkata,New,2025-10-09
CUST001482,Falak Dhar,23,Female,Bengaluru,New,2025-12-06
CUST001483,Zaitra Deo,68,Male,Indore,Regular,2023-07-13
CUST001484,Tripti Ram,23,Female,Kolkata,Regular,2025-09-10
CUST001485,Aayush Mukhopadhyay,35,Male,Jaipur,Regular,2026-08-16
CUST001486,Gagan Nath,29,Male,Ahmedabad,Regular,2024-08-23
CUST001487,Harshil Verma,69,Male,Ahmedabad,Regular,2025-12-01
CUST001488,Arin Muni,28,Female,Jaipur,New,2025-05-17
CUST001489,Ekani Iyer,40,Male,Kolkata,Regular,2023-06-24
CUST001490,Aradhana Walia,38,Male,Chennai,Regular,2024-01-06
CUST001491,Jacob Mahajan,37,Male,Bengaluru,Regular,2023-04-17
CUST001492,Anusha Contractor,35,Male,Indore,Regular,2022-09-21
CUST001493,Samuel Palla,47,Male,Ahmedabad,Regular,2024-12-29
CUST001494,Anika Dhaliwal,66,Other,Ahmedabad,Regular,2025-08-27
CUST001495,Yash Garg,50,Female,Indore,Regular,2022-12-17
CUST001496,Hamsini Zachariah,59,Female,Hyderabad,Regular,2024-07-18
CUST001497,Kalpit Balakrishnan,40,Male,Chennai,New,2024-08-29
CUST001498,Hitesh Rajagopal,51,Male,Indore,New,2022-11-20
CUST001499,Pooja Ramanathan,65,Female,Pune,New,2023-06-03
CUST001500,Ishani Muni,46,Male,Indore,Regular,2024-01-27
CUST001501,Farhan Shroff,29,Female,Bengaluru,Regular,2025-01-27
CUST001502,Girik Sidhu,39,Female,Hyderabad,Regular,2023-01-27
CUST001503,Dayita Shroff,43,Female,Kolkata,Regular,2024-08-28
CUST001504,Udarsh Dhawan,26,Male,Hyderabad,Regular,2026-04-27
CUST001505,Januja Ramanathan,28,Female,Jaipur,New,2023-06-09
CUST001506,Ekta Setty,67,Female,Indore,Premium,2024-09-24
CUST001507,Dhruv Soman,57,Male,Mumbai,Regular,2023-02-20
CUST001508,Varenya Shenoy,65,Male,Pune,Regular,2026-04-03
CUST001509,Barkha Pall,28,Female,Hyderabad,Premium,2025-03-24
CUST001510,Yashoda Chauhan,38,Male,Chennai,Premium,2024-05-20
CUST001511,Eshana Bobal,57,Male,Delhi,Regular,2026-01-10
CUST001512,Triya Rattan,48,Male,Jaipur,New,2025-03-03
CUST001513,William Kohli,43,Female,Chennai,New,2024-12-27
CUST001514,Vasatika Rajagopalan,29,Male,Delhi,Regular,2022-12-09
CUST001515,Sathvik Sankar,52,Male,Bengaluru,Regular,2025-12-29
CUST001516,Hema Keer,59,Female,Ahmedabad,Regular,2023-05-24
CUST001517,Vidhi Contractor,59,Male,Hyderabad,Regular,2025-03-05
CUST001518,Eshana Chatterjee,58,Female,Mumbai,New,2026-02-25
CUST001519,Patrick Morar,32,Female,Hyderabad,Regular,2024-05-20
CUST001520,Ikbal Raghavan,68,Male,Pune,Premium,2024-01-19
CUST001521,Darsh Chana,35,Male,Delhi,Premium,2023-08-02
CUST001522,Aadi Din,29,Male,Hyderabad,Regular,2025-06-20
CUST001523,Sneha Wali,35,Female,Jaipur,Regular,2023-11-24
CUST001524,Sanya Hayre,58,Female,Jaipur,New,2023-07-14
CUST001525,Chandani Modi,67,Female,Ahmedabad,Premium,2026-07-25
CUST001526,Hemangini Chakraborty,69,Male,Ahmedabad,Regular,2025-02-19
CUST001527,Yashvi Raval,49,Male,Indore,Regular,2026-04-06
CUST001528,Chaitaly Bhatia,59,Female,Ahmedabad,Regular,2024-03-24
CUST001529,Aadi Parmer,55,Female,Delhi,Regular,2023-02-15
CUST001530,Azaan Keer,26,Female,Kolkata,New,2024-06-29
CUST001531,Eesha Raja,41,Male,Indore,Regular,2024-05-20
CUST001532,Radhika Kakar,60,Female,Indore,Regular,2025-06-23
CUST001533,Vaishnavi Dewan,43,Female,Delhi,Premium,2023-06-17
CUST001534,Jagvi Sahni,47,Male,Delhi,Regular,2023-04-25
CUST001535,Jeremiah Desai,66,Male,Jaipur,Premium,2022-09-16
CUST001536,Amol Dhawan,66,Male,Hyderabad,Regular,2025-09-22
CUST001537,Rajeshri Deshpande,48,Female,Ahmedabad,Regular,2023-01-07
CUST001538,Ojasvi Shah,37,Male,Hyderabad,Regular,2026-06-17
CUST001539,Pranit Sha,34,Male,Mumbai,Regular,2024-10-28
CUST001540,Shivani Rajagopalan,35,Male,Delhi,Regular,2024-03-02
CUST001541,Quincy Samra,69,Other,Kolkata,New,2025-03-25
CUST001542,Wishi Khalsa,21,Male,Bengaluru,Regular,2025-09-08
CUST001543,Nirja Peri,27,Male,Jaipur,New,2022-10-19
CUST001544,Vasudha Pillay,22,Male,Ahmedabad,Regular,2023-02-20
CUST001545,Fariq Dhar,68,Female,Chennai,Regular,2025-10-06
CUST001546,Udyati Varughese,56,Female,Hyderabad,New,2022-12-28
CUST001547,Yatan Sodhi,34,Female,Jaipur,New,2025-05-04
CUST001548,Devika Bera,69,Female,Pune,Regular,2026-07-02
CUST001549,Advay Singh,36,Female,Chennai,New,2024-08-03
CUST001550,Garima Sama,50,Female,Chennai,Premium,2024-02-28
CUST001551,Bimala Ganesh,61,Male,Pune,Premium,2022-10-22
CUST001552,Abha Bhat,24,Male,Hyderabad,Premium,2025-05-02
CUST001553,Omkaar Behl,33,Other,Kolkata,New,2025-06-13
CUST001554,Avi Mangat,55,Male,Hyderabad,New,2024-09-20
CUST001555,Jonathan Tiwari,35,Male,Jaipur,Regular,2022-12-26
CUST001556,Zayyan Deo,50,Other,Mumbai,Regular,2025-04-11
CUST001557,Anvi Kurian,52,Male,Mumbai,Regular,2022-09-20
CUST001558,Owen Dora,62,Female,Kolkata,New,2025-06-17
CUST001559,Kala Gill,61,Male,Hyderabad,Regular,2023-10-08
CUST001560,Vedhika Golla,65,Female,Mumbai,Regular,2026-01-21
CUST001561,Hemal Chad,66,Female,Chennai,Regular,2023-04-11
CUST001562,Warhi Sachar,36,Female,Kolkata,Regular,2025-12-07
CUST001563,Wazir Sarraf,59,Other,Delhi,Regular,2025-09-29
CUST001564,Shivansh Pai,44,Male,Delhi,Regular,2022-11-21
CUST001565,Jack Ben,22,Other,Hyderabad,Premium,2023-05-16
CUST001566,Mohini Soni,24,Female,Delhi,New,2023-12-10
CUST001567,Vivaan Raghavan,21,Other,Hyderabad,New,2025-07-25
CUST001568,Urvi Lala,21,Female,Jaipur,Regular,2023-04-11
CUST001569,Advik Mani,41,Female,Bengaluru,New,2026-08-08
CUST001570,Lavanya Mutti,36,Female,Chennai,Premium,2024-11-29
CUST001571,Gunbir Wali,28,Male,Chennai,Premium,2025-05-15
CUST001572,Rachana Mahajan,49,Male,Indore,Regular,2024-01-31
CUST001573,Amara Chaudhari,52,Female,Mumbai,Regular,2023-09-29
CUST001574,Triya Khurana,37,Male,Chennai,Regular,2025-10-12
CUST001575,Zinal Nazareth,27,Male,Kolkata,Regular,2025-07-16
CUST001576,Dhriti Anne,35,Female,Bengaluru,Regular,2025-07-09
CUST001577,Ekansh Arora,66,Female,Indore,Regular,2024-05-28
CUST001578,Hemang Sehgal,51,Male,Bengaluru,New,2024-02-26
CUST001579,Bhanumati Krishnamurthy,26,Female,Indore,Premium,2023-06-24
CUST001580,Arjun Chanda,52,Female,Delhi,Regular,2022-11-25
CUST001581,Jairaj Dar,42,Female,Bengaluru,Regular,2023-01-10
CUST001582,Keya Goyal,39,Male,Delhi,New,2026-06-20
CUST001583,Qarin Kulkarni,21,Female,Jaipur,Regular,2023-11-29
CUST001584,Faqid Setty,48,Female,Hyderabad,Regular,2026-08-01
CUST001585,Prisha Naik,59,Male,Kolkata,Regular,2023-10-02
CUST001586,Ethan Malhotra,27,Female,Ahmedabad,Regular,2025-12-18
CUST001587,Lavanya Rama,24,Female,Mumbai,Regular,2024-01-27
CUST001588,Aarna Lanka,56,Female,Pune,Regular,2023-06-01
CUST001589,Ekaraj Swamy,62,Female,Bengaluru,Regular,2026-08-10
CUST001590,Maya Gokhale,31,Female,Hyderabad,Regular,2025-05-27
CUST001591,Ikbal Dhawan,20,Female,Pune,Premium,2024-12-15
CUST001592,Tejas Cherian,20,Male,Chennai,Regular,2026-07-16
CUST001593,Aashi Chauhan,19,Male,Kolkata,Regular,2022-10-22
CUST001594,Ekavir Krishna,69,Male,Hyderabad,Regular,2025-12-18
CUST001595,Anirudh Tank,26,Male,Mumbai,New,2023-04-17
CUST001596,Baljiwan Ramakrishnan,55,Other,Mumbai,Regular,2023-10-16
CUST001597,Forum Raman,54,Male,Pune,Regular,2025-02-06
CUST001598,Yutika Swaminathan,61,Male,Delhi,Regular,2024-09-09
CUST001599,Netra Boase,30,Male,Chennai,New,2024-12-15
CUST001600,Aarush Rajagopalan,66,Male,Jaipur,Premium,2025-08-03
CUST001601,Jairaj Wason,30,Male,Delhi,New,2026-08-20
CUST001602,Gauri Mitter,43,Male,Kolkata,Premium,2024-05-12
CUST001603,Gautam Pau,29,Female,Delhi,Premium,2024-12-06
CUST001604,Faris Sharaf,30,Male,Hyderabad,Regular,2025-11-22
CUST001605,Samaksh Goda,30,Female,Chennai,Regular,2025-01-06
CUST001606,Leena Halder,33,Female,Mumbai,Regular,2023-12-06
CUST001607,Hredhaan Parmer,22,Female,Kolkata,New,2024-09-22
CUST001608,Raksha Gupta,27,Female,Bengaluru,Regular,2023-04-03
CUST001609,Reyansh Bakshi,48,Male,Kolkata,Regular,2025-09-20
CUST001610,Vrinda Ramachandran,23,Male,Delhi,Regular,2022-12-04
CUST001611,Xalak Walla,67,Male,Kolkata,Regular,2026-03-16
CUST001612,Amol Bansal,62,Female,Kolkata,New,2024-02-07
CUST001613,Geetika Basak,23,Male,Pune,Regular,2024-05-19
CUST001614,Siddharth Virk,32,Female,Indore,Regular,2024-08-10
CUST001615,Viraj Bora,69,Male,Bengaluru,Regular,2022-10-25
CUST001616,Vrinda Bahl,56,Female,Pune,New,2024-08-30
CUST001617,Xavier De,47,Female,Ahmedabad,Regular,2022-09-20
CUST001618,Chandresh Mohanty,65,Other,Kolkata,New,2026-02-23
CUST001619,Tanmayi Garde,55,Male,Bengaluru,Regular,2026-03-18
CUST001620,Hitesh Comar,58,Male,Hyderabad,Regular,2024-10-09
CUST001621,Dev Jain,56,Female,Indore,Regular,2024-06-21
CUST001622,Neelima Nair,47,Male,Ahmedabad,Regular,2023-03-04
CUST001623,Ekanta Kala,59,Female,Pune,Regular,2025-11-28
CUST001624,Oscar Nayak,45,Female,Ahmedabad,Regular,2022-12-05
CUST001625,Anusha Dhaliwal,36,Female,Pune,Regular,2025-11-17
CUST001626,Om Pingle,68,Male,Mumbai,Regular,2025-01-04
CUST001627,Reva Kohli,46,Female,Chennai,Premium,2026-08-05
CUST001628,Kiaan Chaudhry,28,Female,Hyderabad,Regular,2026-01-08
CUST001629,Nakul Babu,55,Other,Delhi,Regular,2026-05-26
CUST001630,Faris Ahuja,35,Female,Mumbai,Regular,2022-09-09
CUST001631,Gaurav Mander,45,Other,Jaipur,Regular,2024-06-05
CUST001632,Jonathan Jhaveri,37,Male,Mumbai,New,2023-04-08
CUST001633,Shravya Sabharwal,61,Female,Ahmedabad,New,2023-09-04
CUST001634,Baljiwan Gole,19,Male,Pune,Premium,2025-09-16
CUST001635,Gaurang Mitra,27,Male,Delhi,Regular,2024-02-20
CUST001636,Aayush Keer,66,Male,Chennai,Premium,2023-06-23
CUST001637,Girish Pathak,22,Male,Hyderabad,Regular,2026-04-30
CUST001638,Ucchal Joshi,55,Male,Ahmedabad,Regular,2023-11-01
CUST001639,Rishi Chowdhury,32,Female,Chennai,New,2026-01-17
CUST001640,Urvi Tank,20,Female,Indore,Premium,2023-05-29
CUST001641,Caleb Bhagat,60,Male,Pune,Regular,2025-05-26
CUST001642,Bhavani Kadakia,43,Male,Pune,Regular,2024-07-04
CUST001643,Gaurika Setty,28,Male,Chennai,Regular,2022-11-04
CUST001644,Charles Yogi,55,Male,Mumbai,Regular,2023-05-29
CUST001645,Ayush Sundaram,38,Female,Delhi,Regular,2024-11-05
CUST001646,Ekavir Keer,63,Male,Jaipur,Regular,2025-09-22
CUST001647,Eshana Saini,26,Male,Ahmedabad,Regular,2023-07-03
CUST001648,Victor Choudhary,33,Female,Pune,Regular,2024-01-17
CUST001649,Guneet Khalsa,24,Female,Indore,New,2025-10-18
CUST001650,Ryan Prashad,55,Male,Pune,New,2026-06-13
CUST001651,Ethan Sinha,50,Female,Jaipur,Regular,2025-02-22
CUST001652,Chatura Sarin,41,Other,Mumbai,Regular,2023-04-11
CUST001653,Suhani Gokhale,45,Female,Kolkata,Regular,2024-04-21
CUST001654,Laban Shankar,59,Male,Delhi,Regular,2025-09-20
CUST001655,Jagrati Madan,63,Male,Jaipur,Premium,2023-07-09
CUST001656,Joshua Balay,18,Male,Ahmedabad,New,2025-08-08
CUST001657,Avni Deshpande,20,Female,Ahmedabad,Regular,2023-02-17
CUST001658,Tara Sahota,19,Male,Bengaluru,Regular,2023-05-21
CUST001659,Thomas Merchant,29,Female,Delhi,Premium,2025-03-23
CUST001660,Onkar Karpe,65,Male,Chennai,Regular,2023-01-10
CUST001661,Vrinda Kalita,18,Male,Jaipur,New,2025-03-04
CUST001662,Turvi Mallick,63,Female,Indore,New,2022-09-20
CUST001663,Yatin Kota,61,Male,Chennai,New,2024-01-19
CUST001664,Tristan Dixit,27,Female,Delhi,Premium,2026-07-18
CUST001665,Omisha Basu,33,Female,Mumbai,New,2022-10-30
CUST001666,Yamini Bandi,33,Female,Bengaluru,Regular,2024-06-20
CUST001667,Varenya Chaudhari,32,Female,Delhi,Regular,2024-07-31
CUST001668,Wridesh Chacko,52,Male,Bengaluru,Premium,2025-01-12
CUST001669,Niharika Kamdar,58,Male,Kolkata,Regular,2023-03-23
CUST001670,Chakrika Khare,56,Female,Kolkata,Premium,2025-05-31
CUST001671,Amol Srinivasan,50,Male,Bengaluru,Premium,2025-07-03
CUST001672,Neel Sharaf,24,Male,Delhi,Regular,2026-04-22
CUST001673,Suhani Sheth,53,Male,Chennai,Regular,2025-12-10
CUST001674,Nidra Goyal,52,Male,Pune,Regular,2026-01-07
CUST001675,Ucchal Agarwal,42,Female,Mumbai,Regular,2026-04-26
CUST001676,Lekha Natarajan,68,Male,Delhi,Regular,2024-11-30
CUST001677,Chaman Sandhu,53,Male,Delhi,New,2025-11-10
CUST001678,Sarthak Buch,35,Male,Jaipur,Regular,2025-04-18
CUST001679,Christopher Varma,19,Female,Kolkata,New,2026-07-12
CUST001680,Charan Choudhry,46,Male,Hyderabad,Regular,2024-04-14
CUST001681,Udyati Baria,48,Male,Chennai,New,2024-03-18
CUST001682,Parth Bhavsar,69,Male,Chennai,Premium,2025-01-16
CUST001683,Lakshit Natt,56,Male,Mumbai,Regular,2023-09-03
CUST001684,Vanya Kadakia,68,Male,Hyderabad,Regular,2025-11-11
CUST001685,Ekani Pandit,21,Female,Kolkata,New,2026-06-23
CUST001686,Yahvi Sampath,29,Male,Chennai,New,2023-11-02
CUST001687,Dev Pradhan,49,Female,Chennai,Premium,2024-02-16
CUST001688,Vedika Thaker,59,Female,Chennai,Regular,2024-11-24
CUST001689,Upma Wali,35,Male,Jaipur,New,2025-07-17
CUST001690,Siya Pillai,67,Female,Pune,Regular,2026-01-22
CUST001691,Raghav Shankar,46,Female,Delhi,Regular,2023-01-11
CUST001692,Mahika Gola,66,Female,Mumbai,Regular,2023-11-19
CUST001693,Ikbal Gala,59,Male,Ahmedabad,Premium,2023-10-31
CUST001694,Manbir Taneja,37,Female,Jaipur,Regular,2023-04-19
CUST001695,Arin Memon,30,Male,Chennai,Premium,2024-06-06
CUST001696,Urvi Palan,54,Male,Bengaluru,Regular,2024-06-11
CUST001697,Ansh Manne,22,Other,Jaipur,New,2023-06-18
CUST001698,Anthony Kata,50,Male,Bengaluru,Regular,2026-03-18
CUST001699,Nisha Oza,20,Male,Jaipur,Regular,2025-06-12
CUST001700,Vedika Wagle,20,Female,Jaipur,Regular,2026-03-28
CUST001701,Tanvi Modi,56,Other,Kolkata,New,2025-01-26
CUST001702,Damini Garg,19,Male,Jaipur,Regular,2026-01-06
CUST001703,Utkarsh Sule,48,Female,Bengaluru,New,2024-03-28
CUST001704,Champak Divan,30,Female,Ahmedabad,New,2024-02-28
CUST001705,Tamanna Ganesan,27,Female,Jaipur,Regular,2025-04-16
CUST001706,Bhavika Gopal,47,Male,Pune,Regular,2023-05-28
CUST001707,Neel Khanna,20,Other,Ahmedabad,Regular,2023-02-26
CUST001708,Edhitha Date,41,Male,Ahmedabad,Premium,2024-07-13
CUST001709,Kala Gour,29,Male,Bengaluru,New,2023-07-13
CUST001710,Edhitha Padmanabhan,51,Male,Hyderabad,Regular,2023-04-15
CUST001711,Saumya Zacharia,69,Male,Pune,Regular,2023-05-08
CUST001712,Jairaj Bakshi,47,Male,Indore,Premium,2024-05-18
CUST001713,Maanav Shanker,64,Female,Delhi,Regular,2026-08-09
CUST001714,Nachiket Agrawal,36,Male,Indore,Regular,2025-10-19
CUST001715,Chakrika Som,44,Male,Ahmedabad,Regular,2026-06-20
CUST001716,Manan Sathe,36,Female,Ahmedabad,Regular,2024-02-06
CUST001717,Varenya Baria,58,Male,Hyderabad,Regular,2023-04-02
CUST001718,Darika Bakshi,64,Other,Kolkata,Regular,2024-05-13
CUST001719,Sanaya Parikh,29,Male,Ahmedabad,Regular,2023-01-19
CUST001720,Christopher Hayer,22,Female,Hyderabad,Regular,2025-02-20
CUST001721,Arunima Hayre,30,Male,Kolkata,New,2022-10-03
CUST001722,Sanaya Chahal,35,Male,Ahmedabad,Regular,2024-11-01
CUST001723,Robert Swaminathan,56,Female,Chennai,New,2024-01-04
CUST001724,Jalsa Rao,19,Female,Bengaluru,Regular,2023-04-15
CUST001725,Kala Raju,41,Female,Jaipur,Regular,2024-03-30
CUST001726,Bhavani Pai,27,Male,Ahmedabad,Premium,2024-02-25
CUST001727,Sanaya Chahal,39,Male,Ahmedabad,Regular,2023-07-30
CUST001728,Ojasvi Savant,52,Female,Mumbai,New,2023-11-20
CUST001729,Panini Sachdeva,24,Male,Jaipur,Regular,2023-04-02
CUST001730,Maanas Johal,58,Male,Kolkata,New,2023-12-13
CUST001731,Gautami Bhatti,32,Male,Jaipur,Premium,2026-08-17
CUST001732,Gaurang Ahuja,68,Female,Mumbai,Regular,2024-05-26
CUST001733,Oeshi Gill,59,Other,Pune,Regular,2025-01-08
CUST001734,Laksh Iyengar,66,Female,Bengaluru,Premium,2023-06-13
CUST001735,Bimala Swaminathan,69,Other,Mumbai,New,2022-11-02
CUST001736,Daksha Tak,47,Male,Chennai,Regular,2025-01-13
CUST001737,Udarsh Bala,46,Female,Jaipur,Regular,2026-01-09
CUST001738,Mitesh Lala,62,Male,Indore,Regular,2023-12-08
CUST001739,Jeet Mani,53,Other,Ahmedabad,New,2024-06-07
CUST001740,Vyanjana Konda,52,Female,Ahmedabad,Premium,2022-10-12
CUST001741,Aradhana Tailor,33,Female,Mumbai,Regular,2022-12-10
CUST001742,Vasana Sarin,40,Other,Mumbai,Regular,2026-05-08
CUST001743,Vamakshi Dar,46,Male,Jaipur,New,2024-03-30
CUST001744,Aashi Gaba,20,Female,Bengaluru,Regular,2025-02-17
CUST001745,Madhav Nagarajan,40,Male,Chennai,Regular,2024-08-14
CUST001746,Ishanvi Gade,59,Male,Kolkata,Regular,2022-11-19
CUST001747,Jalsa Saini,53,Male,Chennai,Premium,2025-05-13
CUST001748,Chanakya Mann,57,Male,Mumbai,Regular,2023-11-25
CUST001749,Yoshita Hari,29,Male,Pune,Premium,2025-12-01
CUST001750,Girindra Ganesh,22,Male,Hyderabad,New,2024-12-20
CUST001751,Diya Mitra,66,Male,Chennai,Regular,2023-10-24
CUST001752,Gopal Warrior,63,Male,Kolkata,Regular,2025-02-15
CUST001753,Maanas Arya,57,Female,Mumbai,New,2023-03-29
CUST001754,Kashish Sundaram,54,Female,Hyderabad,Premium,2024-05-30
CUST001755,Nicholas Chaudry,38,Male,Pune,Regular,2023-08-02
CUST001756,Yahvi Kant,42,Female,Ahmedabad,Regular,2026-03-12
CUST001757,Ishaan Sahni,20,Female,Mumbai,Premium,2024-08-13
CUST001758,Jackson Deep,36,Female,Jaipur,New,2026-08-02
CUST001759,Varsha Pall,52,Female,Hyderabad,Regular,2023-12-26
CUST001760,Liam Sathe,56,Male,Pune,Regular,2026-06-11
CUST001761,Orinder Modi,37,Female,Indore,Regular,2022-10-12
CUST001762,Tristan Dave,50,Male,Bengaluru,Regular,2026-04-21
CUST001763,Utkarsh Mohanty,33,Male,Ahmedabad,Premium,2023-03-11
CUST001764,Kalpit Brar,63,Female,Indore,New,2024-06-18
CUST001765,Faras Bahl,61,Male,Bengaluru,New,2025-12-14
CUST001766,Raagini Basak,67,Female,Bengaluru,Regular,2023-06-30
CUST001767,Bachittar Varghese,66,Female,Pune,Regular,2025-03-07
CUST001768,Upasna Dani,27,Female,Chennai,Regular,2026-07-10
CUST001769,Caleb Bhatti,21,Female,Kolkata,Regular,2023-12-10
CUST001770,Gopal Dasgupta,43,Female,Kolkata,Premium,2026-07-28
CUST001771,Ryan Goyal,32,Female,Jaipur,New,2025-07-05
CUST001772,Ayush Chana,40,Female,Chennai,Regular,2023-04-12
CUST001773,Ijaya Pandey,46,Male,Mumbai,Regular,2023-05-05
CUST001774,Yashasvi Bir,30,Female,Chennai,Regular,2023-01-29
CUST001775,Teerth Handa,35,Female,Pune,Regular,2023-11-09
CUST001776,Aayush Chaudhary,44,Female,Indore,Regular,2026-08-03
CUST001777,Yamini Soman,37,Female,Ahmedabad,New,2024-03-20
CUST001778,Ria Chhabra,38,Male,Ahmedabad,New,2023-06-05
CUST001779,Ladli Samra,47,Male,Kolkata,Regular,2023-07-27
CUST001780,Nikita Chowdhury,33,Female,Mumbai,Regular,2025-11-23
CUST001781,Jatin Shukla,67,Male,Chennai,New,2023-02-16
CUST001782,Warhi Patel,23,Male,Delhi,Regular,2025-08-27
CUST001783,Banjeet Butala,26,Female,Pune,Regular,2024-01-20
CUST001784,Jack Rajan,23,Male,Kolkata,Regular,2023-11-12
CUST001785,Devika Sawhney,23,Female,Ahmedabad,Regular,2023-08-14
CUST001786,Bina Sangha,24,Male,Ahmedabad,Regular,2023-06-18
CUST001787,Vamakshi Pillai,48,Male,Chennai,Regular,2023-06-03
CUST001788,Vyanjana Cheema,53,Male,Indore,Premium,2024-05-05
CUST001789,Frederick Dar,44,Male,Delhi,Regular,2023-04-08
CUST001790,Nandini Chaudry,35,Female,Jaipur,Regular,2025-10-23
CUST001791,Dhruv Patla,25,Male,Ahmedabad,Regular,2023-07-04
CUST001792,Sai Raval,47,Male,Mumbai,Regular,2023-03-07
CUST001793,Panini Tata,28,Female,Kolkata,Regular,2023-11-04
CUST001794,Mugdha Parekh,40,Male,Hyderabad,New,2024-09-06
CUST001795,Vedhika Vaidya,46,Female,Ahmedabad,Regular,2023-11-05
CUST001796,Suhani Chokshi,37,Male,Delhi,Regular,2023-03-06
CUST001797,Vrishti Tank,55,Female,Ahmedabad,Regular,2023-08-22
CUST001798,Ayushman Chaudhary,45,Male,Indore,Premium,2025-10-18
CUST001799,Ekansh Tara,54,Female,Bengaluru,New,2025-07-17
CUST001800,Praneel Raja,27,Female,Mumbai,New,2025-03-25
CUST001801,Michael Mitter,61,Female,Hyderabad,Regular,2025-04-21
CUST001802,Faraj Venkatesh,45,Female,Jaipur,Regular,2025-12-03
CUST001803,Unnati Jaggi,60,Other,Pune,Regular,2023-11-28
CUST001804,Vritti Thaman,69,Male,Bengaluru,Regular,2023-10-09
CUST001805,Andrew Balay,22,Male,Indore,Regular,2024-06-27
CUST001806,Leela Sengupta,68,Female,Hyderabad,New,2023-12-30
CUST001807,Saanvi Sharaf,50,Male,Chennai,New,2022-10-23
CUST001808,Peter Mitter,60,Male,Pune,Regular,2026-06-03
CUST001809,Vyanjana Sankar,20,Female,Bengaluru,Regular,2023-03-25
CUST001810,Lopa Sura,40,Female,Kolkata,New,2025-11-27
CUST001811,Vritti Zacharia,31,Male,Chennai,New,2025-02-02
CUST001812,Vamakshi Dugar,23,Male,Pune,Regular,2024-10-24
CUST001813,Mahika Lall,41,Female,Indore,New,2024-10-05
CUST001814,Ira Mane,57,Female,Pune,New,2024-01-08
CUST001815,Ayaan Bath,18,Female,Jaipur,Premium,2023-03-16
CUST001816,Ikshita Bala,57,Female,Kolkata,Premium,2025-11-29
CUST001817,Lajita Chatterjee,28,Female,Mumbai,Regular,2024-06-24
CUST001818,Ishanvi Sabharwal,59,Male,Bengaluru,Regular,2024-02-25
CUST001819,Yash Kota,45,Male,Ahmedabad,Premium,2023-08-28
CUST001820,Frado Bhatti,25,Male,Delhi,Regular,2026-05-09
CUST001821,Ishwar Nazareth,66,Male,Indore,Regular,2023-05-19
CUST001822,Eshana Barad,64,Male,Hyderabad,Regular,2024-08-13
CUST001823,Yutika Sama,57,Male,Kolkata,New,2023-10-17
CUST001824,Upasna Bains,31,Male,Pune,Premium,2024-01-02
CUST001825,Madhavi Naidu,35,Male,Jaipur,Regular,2025-02-03
CUST001826,Vrinda Chaudhry,45,Male,Ahmedabad,Premium,2025-08-06
CUST001827,Gayathri Taneja,36,Female,Indore,Premium,2024-10-18
CUST001828,Ojas Mistry,24,Female,Kolkata,New,2024-03-15
CUST001829,Saksham Taneja,59,Female,Jaipur,Regular,2025-05-12
CUST001830,Tanish Mani,35,Male,Ahmedabad,New,2023-10-14
CUST001831,Chameli Ratti,31,Male,Mumbai,Premium,2026-01-29
CUST001832,George Chandran,32,Male,Indore,New,2025-03-05
CUST001833,Anjali Bhavsar,21,Female,Hyderabad,Regular,2025-01-24
CUST001834,Prisha Kadakia,31,Male,Ahmedabad,Regular,2024-02-19
CUST001835,Chasmum Thaman,39,Male,Jaipur,Regular,2026-01-29
CUST001836,Rachita Zacharia,65,Female,Pune,Premium,2023-12-28
CUST001837,Oeshi Ratti,57,Female,Bengaluru,Premium,2023-09-23
CUST001838,Pranit Bahl,19,Male,Ahmedabad,Regular,2025-04-30
CUST001839,Xalak Kala,25,Male,Chennai,Regular,2025-06-20
CUST001840,Amrita Walia,61,Female,Mumbai,Regular,2026-02-05
CUST001841,Darpan Vig,18,Female,Chennai,Regular,2023-07-06
CUST001842,Turvi Divan,49,Female,Indore,Premium,2023-09-06
CUST001843,Charita Saran,51,Male,Kolkata,Regular,2024-05-27
CUST001844,Devansh Jani,24,Female,Pune,Premium,2026-04-04
CUST001845,Amara Mangat,42,Male,Kolkata,Regular,2025-05-28
CUST001846,Aahana Keer,51,Male,Indore,New,2024-05-20
CUST001847,Ishaan Doctor,52,Female,Pune,Regular,2023-06-23
CUST001848,Yatan Mukherjee,54,Male,Indore,Regular,2024-08-19
CUST001849,Rajata Sami,32,Female,Chennai,Premium,2025-05-29
CUST001850,Saksham Dutta,63,Female,Jaipur,Regular,2023-10-26
CUST001851,Ayush Kuruvilla,66,Female,Hyderabad,Regular,2026-01-06
CUST001852,Patrick Basak,22,Male,Indore,Regular,2025-09-24
CUST001853,Anmol Bhakta,30,Female,Jaipur,Regular,2026-04-25
CUST001854,Dipta Misra,25,Male,Chennai,Regular,2026-05-07
CUST001855,Niharika Patla,28,Male,Jaipur,New,2025-07-07
CUST001856,Mekhala Dey,42,Female,Pune,Regular,2023-08-30
CUST001857,Xiti Dara,43,Male,Indore,New,2024-11-16
CUST001858,Watika Chana,21,Female,Indore,New,2023-09-02
CUST001859,Dhriti Narayan,69,Female,Kolkata,Regular,2026-03-13
CUST001860,Warinder Sampath,33,Female,Indore,Regular,2023-08-02
CUST001861,Hredhaan Gill,46,Other,Kolkata,Regular,2023-07-27
CUST001862,Ria Rege,56,Female,Ahmedabad,Regular,2023-09-28
CUST001863,Vritti Walla,58,Female,Kolkata,New,2024-04-02
CUST001864,Edhitha Sampath,42,Male,Chennai,Regular,2024-09-04
CUST001865,Arunima Dhillon,48,Male,Indore,Regular,2024-03-14
CUST001866,Jhalak Morar,37,Female,Hyderabad,Regular,2022-09-30
CUST001867,Chatura Khatri,25,Female,Jaipur,New,2023-09-25
CUST001868,Dayamai Patil,38,Female,Hyderabad,Premium,2026-07-02
CUST001869,Warjas Savant,60,Male,Jaipur,Regular,2024-04-23
CUST001870,Maya Kumer,64,Male,Pune,Regular,2023-12-09
CUST001871,Warinder Mishra,62,Male,Kolkata,Regular,2023-07-21
CUST001872,Reva Nadig,25,Male,Chennai,Regular,2026-05-26
CUST001873,Bahadurjit Mahal,59,Male,Indore,Regular,2026-05-05
CUST001874,Vyanjana Sinha,59,Male,Bengaluru,Premium,2025-10-16
CUST001875,Gaurangi Sami,34,Female,Indore,Regular,2026-05-22
CUST001876,Naveen Lal,55,Male,Jaipur,Regular,2024-10-23
CUST001877,Indira Salvi,48,Male,Kolkata,Regular,2025-03-21
CUST001878,Sudiksha Bala,26,Male,Jaipur,Regular,2025-11-24
CUST001879,Qarin Sawhney,32,Female,Ahmedabad,Premium,2026-01-08
CUST001880,Aarush Rattan,69,Male,Pune,Regular,2023-07-05
CUST001881,Dipta Butala,22,Female,Indore,Regular,2023-02-17
CUST001882,Zaid Varty,43,Male,Ahmedabad,Premium,2025-09-10
CUST001883,Nirja Nagarajan,29,Male,Pune,Regular,2024-07-30
CUST001884,Kiaan Lad,22,Male,Ahmedabad,New,2023-05-25
CUST001885,Baghyawati Issac,33,Female,Pune,New,2023-01-07
CUST001886,Jhalak Gopal,37,Male,Kolkata,New,2024-05-01
CUST001887,Udarsh Bail,51,Other,Indore,Regular,2022-10-03
CUST001888,Gaurav Shere,61,Female,Kolkata,New,2023-07-02
CUST001889,Om Bawa,40,Female,Kolkata,New,2024-05-12
CUST001890,Abha Dixit,20,Male,Delhi,Regular,2023-01-14
CUST001891,Onkar Dalal,61,Female,Chennai,Premium,2022-09-19
CUST001892,Sudiksha Talwar,52,Female,Bengaluru,Premium,2023-03-01
CUST001893,Samar Halder,44,Male,Chennai,Regular,2026-04-28
CUST001894,Bhavna Talwar,40,Male,Pune,Regular,2024-04-13
CUST001895,Raagini Jhaveri,58,Female,Bengaluru,Regular,2025-03-18
CUST001896,Barkha Gulati,34,Male,Pune,Regular,2024-06-08
CUST001897,Nilima Dhingra,57,Female,Bengaluru,Regular,2022-10-12
CUST001898,Adweta Keer,36,Other,Indore,Regular,2025-04-14
CUST001899,Yuvraj Pingle,69,Male,Kolkata,New,2025-02-19
CUST001900,Frederick Anne,66,Female,Ahmedabad,Regular,2024-08-26
CUST001901,Ekiya Rao,18,Male,Hyderabad,New,2025-07-30
CUST001902,Leela Sampath,41,Male,Kolkata,New,2025-10-15
CUST001903,Elijah Chandran,34,Other,Kolkata,New,2025-01-10
CUST001904,Charles Natarajan,41,Male,Mumbai,Regular,2026-08-14
CUST001905,Urishilla Pandya,53,Female,Kolkata,Regular,2025-03-27
CUST001906,Abdul Kulkarni,54,Male,Chennai,Regular,2024-10-20
CUST001907,Chasmum Rana,24,Male,Bengaluru,New,2025-07-06
CUST001908,Kevin Barman,28,Female,Delhi,New,2025-02-15
CUST001909,Abha Gara,19,Female,Kolkata,New,2024-10-19
CUST001910,Harinakshi Sidhu,34,Female,Mumbai,New,2023-03-21
CUST001911,Edhitha Wali,25,Female,Bengaluru,New,2024-07-01
CUST001912,Abha Dada,28,Female,Ahmedabad,New,2023-12-28
CUST001913,Joshua Tata,56,Female,Kolkata,Regular,2026-05-14
CUST001914,Jalsa Sani,21,Male,Chennai,Regular,2023-11-11
CUST001915,Aishani Varughese,45,Female,Jaipur,New,2023-12-28
CUST001916,Nitesh Mutti,18,Female,Bengaluru,Regular,2025-10-16
CUST001917,Matthew Sarraf,28,Male,Hyderabad,Regular,2022-11-19
CUST001918,Manthan Bhagat,69,Male,Jaipur,Regular,2023-08-21
CUST001919,Balendra Singhal,44,Female,Delhi,Premium,2023-10-07
CUST001920,Unni Sarin,34,Male,Jaipur,Regular,2023-02-25
CUST001921,Banjeet Sathe,39,Male,Delhi,Regular,2024-03-04
CUST001922,Tanvi Tailor,38,Female,Hyderabad,Regular,2023-02-19
CUST001923,Jatin Palla,43,Female,Delhi,Regular,2023-01-21
CUST001924,Bhanumati Gole,53,Female,Indore,Regular,2026-03-18
CUST001925,Yashoda Mahajan,45,Female,Mumbai,Premium,2025-01-19
CUST001926,Aayush Vora,50,Female,Pune,New,2025-12-02
CUST001927,Omaja Bose,35,Male,Chennai,Regular,2023-09-15
CUST001928,Girindra Narasimhan,50,Male,Jaipur,Regular,2022-10-08
CUST001929,Jairaj Ramesh,41,Female,Mumbai,Premium,2024-03-31
CUST001930,Ekiya Dube,47,Male,Chennai,Regular,2022-10-12
CUST001931,Triveni Srinivasan,38,Female,Delhi,New,2024-08-03
CUST001932,Abdul Narayan,51,Male,Pune,Premium,2022-11-05
CUST001933,Ekta Dayal,29,Male,Kolkata,New,2023-07-23
CUST001934,Barkha Naidu,62,Male,Chennai,New,2026-01-19
CUST001935,Ekavir Raj,39,Female,Jaipur,Regular,2023-01-19
CUST001936,Aadhya Gokhale,43,Male,Indore,New,2023-09-05
CUST001937,Gaurav Bail,23,Female,Ahmedabad,Regular,2026-04-14
CUST001938,Nicholas Rama,63,Male,Pune,Regular,2025-12-21
CUST001939,Bhavani Dube,59,Female,Kolkata,Regular,2023-03-04
CUST001940,Vritti Sankaran,69,Female,Bengaluru,Premium,2025-10-15
CUST001941,Karan Parmer,41,Male,Kolkata,Regular,2025-06-27
CUST001942,Jhalak Vala,27,Male,Pune,New,2023-07-05
CUST001943,Sanaya Rama,60,Female,Mumbai,New,2024-09-07
CUST001944,Pallavi Chana,28,Male,Delhi,Regular,2025-11-16
CUST001945,Jyoti Grewal,55,Female,Bengaluru,Regular,2024-07-03
CUST001946,Girik Baria,32,Female,Delhi,Regular,2024-11-03
CUST001947,Ubika Kapur,19,Male,Bengaluru,Regular,2025-05-31
CUST001948,Warhi Vyas,24,Male,Ahmedabad,Regular,2025-05-02
CUST001949,Bina Sidhu,18,Female,Chennai,Regular,2024-07-08
CUST001950,Vanya Mital,38,Female,Kolkata,Regular,2023-04-16
CUST001951,Charita Kothari,21,Male,Pune,Regular,2024-11-18
CUST001952,Chakrika Batta,18,Male,Chennai,Regular,2024-12-31
CUST001953,Chakradev Varghese,53,Male,Indore,Regular,2023-02-12
CUST001954,Nitara Chandra,30,Female,Indore,Premium,2024-08-19
CUST001955,Isha Kumar,19,Female,Chennai,New,2025-02-23
CUST001956,Yahvi Babu,68,Male,Hyderabad,Regular,2023-02-21
CUST001957,Praneel Gopal,56,Male,Mumbai,New,2026-03-30
CUST001958,Chakradev Chacko,59,Male,Ahmedabad,Regular,2024-06-05
CUST001959,Dipta Sha,49,Female,Ahmedabad,Regular,2025-11-17
CUST001960,Alka Om,59,Male,Indore,Regular,2026-07-25
CUST001961,Siddharth Goyal,69,Male,Pune,Regular,2022-12-28
CUST001962,Hitesh Saraf,66,Female,Delhi,Regular,2024-12-06
CUST001963,Abdul Rana,53,Male,Delhi,Regular,2023-02-26
CUST001964,Onveer Sood,39,Male,Ahmedabad,Premium,2024-08-12
CUST001965,Vidhi Mitter,26,Male,Kolkata,Regular,2025-04-15
CUST001966,Megha Mittal,33,Female,Hyderabad,Premium,2023-01-12
CUST001967,Krishna Atwal,54,Male,Ahmedabad,Regular,2023-06-21
CUST001968,Amol Guha,25,Male,Chennai,Premium,2026-04-24
CUST001969,Shaurya Srivastava,64,Male,Bengaluru,New,2025-06-01
CUST001970,Wyatt Sarin,27,Male,Delhi,Regular,2026-03-29
CUST001971,Gabriel Mitra,30,Female,Bengaluru,Premium,2025-12-06
CUST001972,Manbir Som,41,Female,Chennai,Regular,2024-06-14
CUST001973,Jackson Ganesan,26,Female,Jaipur,Premium,2026-06-30
CUST001974,Sai Sundaram,27,Other,Hyderabad,Regular,2024-08-30
CUST001975,Shivani Kibe,64,Other,Jaipur,Regular,2023-07-07
CUST001976,Manya Behl,39,Female,Kolkata,New,2024-01-29
CUST001977,Harshil Sankaran,40,Other,Jaipur,New,2024-06-04
CUST001978,Bina Bansal,51,Other,Chennai,Regular,2024-09-24
CUST001979,Vedika Varghese,23,Male,Bengaluru,Regular,2025-03-04
CUST001980,Vincent Bhat,46,Female,Delhi,New,2024-11-26
CUST001981,Pahal Mutti,32,Male,Delhi,New,2025-01-04
CUST001982,Amrita Sahni,45,Female,Pune,Regular,2026-06-10
CUST001983,Jackson Talwar,68,Male,Ahmedabad,New,2025-04-22
CUST001984,Saumya Sarin,35,Female,Kolkata,Regular,2022-09-30
CUST001985,Bhavna Handa,56,Female,Delhi,Regular,2024-08-26
CUST001986,Raksha Kata,37,Female,Jaipur,Premium,2024-10-25
CUST001987,Harinakshi Sidhu,63,Female,Bengaluru,Regular,2023-03-20
CUST001988,Madhavi Saha,27,Male,Chennai,New,2026-03-15
CUST001989,Urmi Edwin,22,Male,Chennai,Regular,2025-04-20
CUST001990,Barkha Chadha,40,Male,Chennai,Regular,2025-06-30
CUST001991,Kai Ghose,30,Female,Ahmedabad,Regular,2023-07-04
CUST001992,Vyanjana Chaudhuri,48,Female,Jaipur,Regular,2026-01-12
CUST001993,Wakeeta Mitter,38,Female,Bengaluru,Regular,2023-08-28
CUST001994,Champak Badami,47,Male,Delhi,Regular,2024-03-08
CUST001995,Ishanvi Dutt,19,Male,Delhi,Regular,2023-05-27
CUST001996,Devansh Nazareth,42,Female,Pune,Regular,2024-06-27
CUST001997,Utkarsh Dara,27,Female,Ahmedabad,Premium,2025-01-18
CUST001998,Vidhi Kuruvilla,23,Male,Bengaluru,Regular,2024-02-08
CUST001999,Chakradhar Loke,33,Female,Hyderabad,Regular,2026-06-21
CUST002000,Yutika Chawla,67,Male,Hyderabad,Regular,2025-08-30
CUST002001,Raksha Shankar,27,Female,Bengaluru,Regular,2026-03-28
CUST002002,Hitesh Chaudry,55,Female,Hyderabad,Regular,2026-02-28
CUST002003,Yashica Cheema,37,Female,Jaipur,Regular,2023-05-15
CUST002004,Samesh Pathak,51,Male,Jaipur,Regular,2023-04-29
CUST002005,Riya Toor,48,Male,Delhi,Regular,2024-10-11
CUST002006,Mitesh Patla,23,Male,Ahmedabad,Regular,2024-01-30
CUST002007,Jason Jaggi,56,Female,Mumbai,New,2024-07-11
CUST002008,Abeer Korpal,46,Female,Jaipur,Premium,2026-03-17
CUST002009,Harita Mangat,24,Male,Pune,Premium,2024-10-21
CUST002010,Frederick Lata,48,Male,Jaipur,New,2024-03-29
CUST002011,Jalsa Korpal,64,Male,Bengaluru,Regular,2023-04-21
CUST002012,Vedant Devi,26,Female,Mumbai,Regular,2026-01-25
CUST002013,Odika Rout,48,Female,Pune,Regular,2026-06-24
CUST002014,Zaitra Pathak,58,Male,Pune,New,2022-10-14
CUST002015,Madhav Anne,57,Female,Hyderabad,Regular,2025-09-16
CUST002016,Frado Nigam,58,Male,Delhi,Regular,2023-12-31
CUST002017,Nitesh Saraf,27,Male,Pune,New,2022-12-02
CUST002018,Balhaar Dora,34,Male,Bengaluru,Regular,2026-07-01
CUST002019,Zinal Merchant,58,Female,Bengaluru,Regular,2024-06-10
CUST002020,Daksha Murthy,31,Female,Pune,New,2026-07-11
CUST002021,Abhiram Mammen,57,Male,Bengaluru,Regular,2026-06-27
CUST002022,Netra Sehgal,36,Female,Indore,Regular,2025-05-25
CUST002023,Riya Pai,20,Female,Pune,New,2026-06-07
CUST002024,Rudra Mitra,34,Female,Jaipur,Regular,2023-01-06
CUST002025,Gaurika Ramakrishnan,38,Male,Delhi,New,2025-09-28
CUST002026,Zinal Zachariah,64,Male,Delhi,Regular,2023-11-13
CUST002027,Girik Vaidya,44,Female,Pune,Regular,2025-01-02
CUST002028,Harini Dutta,61,Female,Hyderabad,Premium,2022-10-04
CUST002029,Aarna Khurana,21,Female,Jaipur,Regular,2026-03-13
CUST002030,Pahal Tiwari,26,Female,Ahmedabad,Regular,2023-02-16
CUST002031,Kashish Lad,30,Female,Ahmedabad,New,2025-04-28
CUST002032,Jatin Batta,36,Male,Ahmedabad,Regular,2025-11-16
CUST002033,Saumya Misra,19,Female,Pune,Regular,2025-02-03
CUST002034,Sudiksha Nori,26,Female,Delhi,New,2023-08-30
CUST002035,Inaya Mistry,50,Female,Bengaluru,New,2023-11-14
CUST002036,Krishna Venkatesh,60,Male,Mumbai,Regular,2025-10-17
CUST002037,Henry Narang,37,Male,Hyderabad,Regular,2024-11-08
CUST002038,Jalsa Sha,60,Female,Pune,Regular,2023-01-28
CUST002039,Pavani Sabharwal,29,Female,Kolkata,Regular,2023-01-03
CUST002040,David Sandal,50,Female,Kolkata,New,2026-06-09
CUST002041,Vamakshi Kala,59,Female,Pune,Regular,2024-07-22
CUST002042,Kala Vora,61,Male,Jaipur,Regular,2024-05-15
CUST002043,Aishani Tara,41,Male,Bengaluru,Regular,2025-05-13
CUST002044,Ria Suri,50,Female,Jaipur,Regular,2025-10-08
CUST002045,Nicholas Dhawan,40,Female,Jaipur,Regular,2024-10-22
CUST002046,Vedhika Shankar,65,Female,Chennai,New,2023-03-17
CUST002047,Simon Shah,55,Male,Delhi,Regular,2024-09-02
CUST002048,Naksh Pingle,58,Male,Ahmedabad,Regular,2026-07-30
CUST002049,Nilima Choudhary,64,Male,Jaipur,New,2023-03-04
CUST002050,Bimala Baria,66,Male,Mumbai,Regular,2024-11-18
CUST002051,Jacob Prabhu,46,Male,Hyderabad,New,2023-12-15
CUST002052,Chavvi Menon,47,Male,Mumbai,New,2024-09-21
CUST002053,Luke Dhar,58,Male,Bengaluru,Regular,2025-12-28
CUST002054,Chanakya Mody,38,Male,Mumbai,Premium,2026-06-10
CUST002055,Tanveer Goswami,34,Female,Chennai,Regular,2026-02-21
CUST002056,Aarnav Das,68,Female,Indore,Regular,2024-12-26
CUST002057,Ekansh Basu,32,Male,Delhi,Regular,2024-06-07
CUST002058,Dayita Sethi,53,Male,Jaipur,Regular,2026-06-27
CUST002059,Krishna Soman,37,Female,Bengaluru,Premium,2026-03-17
CUST002060,Lakshit Thaman,65,Female,Delhi,Regular,2025-05-13
CUST002061,Shivani Sen,38,Male,Jaipur,New,2023-04-17
CUST002062,Gaurav Rout,42,Female,Chennai,Regular,2024-04-21
CUST002063,Megha Nori,34,Female,Indore,Regular,2024-12-16
CUST002064,Saanvi Mall,58,Female,Kolkata,Regular,2025-05-28
CUST002065,Noah Bakshi,47,Male,Chennai,Regular,2025-02-02
CUST002066,Jatin Chada,63,Female,Ahmedabad,Regular,2023-06-23
CUST002067,Ranbir Soni,32,Female,Indore,Regular,2024-10-17
CUST002068,Jai Wali,32,Male,Bengaluru,New,2023-06-04
CUST002069,Anvi Jha,27,Male,Chennai,New,2023-09-14
CUST002070,Frado Walla,40,Female,Hyderabad,Regular,2025-03-28
CUST002071,Neelima Bath,18,Male,Chennai,Regular,2024-09-30
CUST002072,Harini Sarkar,34,Male,Delhi,Regular,2023-06-05
CUST002073,Arjun Wable,19,Female,Indore,Regular,2024-01-04
CUST002074,Aarini Chand,28,Female,Ahmedabad,New,2023-02-23
CUST002075,Om Mangal,26,Female,Chennai,New,2023-04-09
CUST002076,Aadhya Chakraborty,61,Male,Hyderabad,Regular,2023-04-25
CUST002077,Nikita Gara,35,Female,Kolkata,Premium,2022-11-28
CUST002078,Pratyush Bala,57,Male,Kolkata,Regular,2025-09-10
CUST002079,Chanchal Ramakrishnan,37,Male,Kolkata,New,2023-01-29
CUST002080,Lucky Sachar,27,Female,Kolkata,Regular,2026-06-16
CUST002081,Aarna Prashad,54,Female,Bengaluru,Regular,2026-03-06
CUST002082,Charles Jain,38,Female,Indore,Regular,2023-09-05
CUST002083,Waida Trivedi,64,Male,Ahmedabad,Regular,2025-11-09
CUST002084,Ishwar Luthra,40,Female,Indore,Regular,2022-12-01
CUST002085,Ucchal Ray,41,Female,Ahmedabad,Regular,2022-12-08
CUST002086,Ayush Reddy,33,Male,Jaipur,Regular,2025-05-09
CUST002087,Anirudh Luthra,60,Female,Bengaluru,Regular,2025-01-05
CUST002088,Yatin Dass,23,Female,Kolkata,Regular,2023-12-15
CUST002089,Sanaya Chacko,59,Female,Jaipur,Premium,2026-04-04
CUST002090,Lucky Prakash,26,Male,Mumbai,Regular,2024-12-15
CUST002091,Yatan Yogi,38,Female,Delhi,New,2024-06-17
CUST002092,Benjamin Agarwal,52,Female,Pune,Regular,2026-02-11
CUST002093,Bimala Ganesh,38,Female,Delhi,Regular,2022-08-29
CUST002094,Vasatika Mahajan,45,Other,Pune,Regular,2025-03-14
CUST002095,Lajita Panchal,32,Female,Pune,Regular,2026-03-29
CUST002096,Yashvi Manda,54,Female,Pune,Regular,2022-11-07
CUST002097,Ekaraj Mital,45,Female,Mumbai,Regular,2023-01-15
CUST002098,Jason Dey,23,Female,Ahmedabad,New,2025-09-28
CUST002099,Rachana Kade,30,Female,Mumbai,Regular,2025-04-03
CUST002100,Hema Lal,44,Male,Indore,Regular,2025-11-10
CUST002101,Anjali Korpal,45,Female,Bengaluru,New,2025-06-22
CUST002102,Harita Kade,59,Male,Delhi,Regular,2024-08-12
CUST002103,Amol Deol,46,Female,Jaipur,Premium,2025-05-29
CUST002104,Vamakshi Agrawal,64,Male,Jaipur,Regular,2026-06-29
CUST002105,Oscar Sachdev,43,Female,Jaipur,Regular,2025-01-08
CUST002106,Maya Yohannan,18,Male,Kolkata,Premium,2023-01-02
CUST002107,Azaan Saxena,21,Male,Mumbai,Regular,2025-07-08
CUST002108,Ira Puri,55,Female,Indore,Regular,2026-03-06
CUST002109,Lila Goel,56,Female,Chennai,Premium,2026-03-24
CUST002110,Jeet Shere,47,Female,Kolkata,Regular,2024-03-26
CUST002111,Sai Andra,69,Female,Indore,Premium,2023-08-08
CUST002112,Avni Parmar,40,Male,Indore,Premium,2023-06-22
CUST002113,Chavvi Kant,58,Female,Hyderabad,Regular,2023-08-27
CUST002114,Janani Bansal,69,Male,Jaipur,Premium,2023-11-08
CUST002115,Shaurya Amble,30,Male,Ahmedabad,Premium,2023-06-29
CUST002116,Indrajit Mall,41,Female,Ahmedabad,New,2025-01-29
CUST002117,Onkar Hari,63,Male,Chennai,Regular,2025-06-19
CUST002118,Dhruv Dave,27,Female,Jaipur,Regular,2025-10-30
CUST002119,Joshua Lad,31,Female,Bengaluru,Regular,2026-08-18
CUST002120,Anusha Handa,65,Male,Bengaluru,Regular,2026-04-06
CUST002121,Zayyan Setty,54,Male,Kolkata,Premium,2022-09-01
CUST002122,Charles Naidu,43,Male,Delhi,Premium,2024-06-30
CUST002123,Anusha Dara,18,Female,Pune,Regular,2025-07-20
CUST002124,Warhi Pathak,34,Male,Ahmedabad,Regular,2024-11-09
CUST002125,Udarsh Batta,30,Female,Pune,Regular,2023-11-03
CUST002126,Saumya Mutti,23,Male,Indore,Regular,2022-09-06
CUST002127,Robert Natt,54,Male,Bengaluru,Regular,2023-01-03
CUST002128,Upkaar Sampath,64,Female,Ahmedabad,Premium,2022-12-22
CUST002129,Ronith Gala,51,Male,Ahmedabad,Regular,2024-01-22
CUST002130,Dev Chatterjee,67,Female,Hyderabad,New,2022-10-11
CUST002131,Rachana Bajwa,18,Other,Chennai,Regular,2025-03-06
CUST002132,Zashil Kota,43,Male,Chennai,Regular,2023-02-12
CUST002133,William Oak,58,Female,Chennai,Premium,2026-03-14
CUST002134,Gauri Venkatesh,66,Female,Chennai,Regular,2026-01-13
CUST002135,Elijah Sarna,41,Male,Jaipur,New,2025-11-27
CUST002136,Sanya Dash,18,Male,Ahmedabad,Premium,2023-01-08
CUST002137,Bahadurjit Purohit,36,Female,Bengaluru,Regular,2023-12-28
CUST002138,Joshua Bhatia,34,Male,Delhi,Regular,2026-07-26
CUST002139,Christopher Mitra,66,Male,Delhi,Regular,2025-04-03
CUST002140,Dominic Chaudry,60,Male,Delhi,Regular,2025-07-16
CUST002141,Charles Menon,54,Other,Chennai,Regular,2026-04-10
CUST002142,Neelima Char,37,Male,Pune,Regular,2025-04-13
CUST002143,Viraj Anne,51,Male,Indore,Premium,2024-08-02
CUST002144,Ucchal Sangha,29,Female,Jaipur,Regular,2026-05-26
CUST002145,Harinakshi Bal,32,Male,Pune,New,2024-08-03
CUST002146,Reyansh Chokshi,48,Male,Jaipur,New,2023-02-04
CUST002147,Ekansh Hari,52,Female,Hyderabad,New,2026-07-03
CUST002148,Yashodhara Kunda,24,Female,Delhi,Regular,2024-03-03
CUST002149,Vasana Saxena,48,Male,Delhi,Regular,2023-06-13
CUST002150,Laksh Basu,34,Female,Mumbai,Regular,2022-11-30
CUST002151,Devika Sarin,39,Female,Mumbai,Regular,2024-11-03
CUST002152,Deepa Dhingra,63,Male,Delhi,New,2023-04-14
CUST002153,Dayamai Oza,38,Male,Delhi,Regular,2023-11-24
CUST002154,Abhiram Vasa,34,Female,Pune,Regular,2025-02-25
CUST002155,Dakshesh Khanna,45,Male,Delhi,Regular,2024-10-24
CUST002156,Pahal Padmanabhan,19,Female,Pune,New,2023-06-28
CUST002157,Saksham Biswas,26,Female,Bengaluru,Regular,2024-02-10
CUST002158,Vamakshi Sibal,25,Male,Ahmedabad,Regular,2025-03-17
CUST002159,Gautami Mistry,34,Male,Mumbai,Regular,2024-06-09
CUST002160,Nicholas Cheema,30,Female,Jaipur,Regular,2024-08-03
CUST002161,Warhi Kanda,57,Female,Kolkata,Regular,2026-07-28
CUST002162,Udant Karpe,67,Male,Chennai,Premium,2024-08-22
CUST002163,William Srivastava,28,Male,Kolkata,Regular,2025-10-13
CUST002164,Keya Jha,65,Female,Hyderabad,New,2024-05-11
CUST002165,Abeer Patil,36,Male,Ahmedabad,Regular,2022-09-13
CUST002166,Ishita Balan,66,Male,Chennai,Regular,2025-01-06
CUST002167,Lucky Mannan,40,Male,Hyderabad,Regular,2024-07-13
CUST002168,Jagvi Bassi,53,Female,Indore,New,2022-10-14
CUST002169,Rudra Mander,34,Male,Delhi,Regular,2023-05-26
CUST002170,Adweta Ghosh,29,Female,Mumbai,Regular,2024-02-07
CUST002171,Pranav Hayre,35,Female,Mumbai,New,2022-10-01
CUST002172,Adweta Chaudhuri,61,Male,Indore,Regular,2022-09-30
CUST002173,Ladli Choudhry,21,Male,Hyderabad,New,2024-02-05
CUST002174,Dalaja Shan,21,Female,Mumbai,New,2023-09-06
CUST002175,Kashish Garg,59,Female,Bengaluru,New,2024-11-24
CUST002176,Dhruv Dani,48,Female,Chennai,Premium,2023-04-10
CUST002177,Ranveer Handa,54,Female,Jaipur,Regular,2024-12-03
CUST002178,Kavya Nadkarni,46,Female,Delhi,Regular,2025-03-17
CUST002179,Yash Batra,67,Female,Pune,Regular,2025-11-26
CUST002180,Chaitaly Dixit,40,Female,Kolkata,New,2024-01-20
CUST002181,Chatresh Mammen,54,Male,Hyderabad,Premium,2026-05-15
CUST002182,Yashoda Suresh,52,Female,Jaipur,New,2023-07-20
CUST002183,Upma Bhattacharyya,20,Male,Pune,Regular,2023-05-16
CUST002184,Yashodhara Prasad,66,Female,Chennai,Premium,2024-10-11
CUST002185,Praneel Nagy,31,Female,Chennai,Regular,2025-09-08
CUST002186,Vasudha Talwar,66,Female,Mumbai,Regular,2024-09-02
CUST002187,Nandini Bansal,50,Male,Hyderabad,New,2023-07-16
CUST002188,Samaksh Seth,33,Male,Chennai,Regular,2026-04-30
CUST002189,Meghana Kamdar,27,Male,Jaipur,Premium,2023-12-17
CUST002190,Krishna Dugar,20,Male,Delhi,New,2026-08-21
CUST002191,Aachal Chad,45,Male,Chennai,Premium,2023-03-25
CUST002192,Chakrika Saxena,22,Female,Kolkata,New,2024-11-11
CUST002193,Victor Barman,39,Female,Kolkata,Regular,2024-08-20
CUST002194,Pooja Seshadri,35,Male,Hyderabad,New,2024-08-24
CUST002195,Nilima Pillai,22,Female,Indore,Regular,2026-01-29
CUST002196,Edhitha Mahajan,21,Female,Chennai,Regular,2024-04-13
CUST002197,Praneel Sathe,55,Female,Ahmedabad,Regular,2023-08-27
CUST002198,Faqid Parmer,56,Male,Ahmedabad,Regular,2026-06-29
CUST002199,Chaitaly Thaker,25,Female,Hyderabad,Regular,2024-11-02
CUST002200,Aradhana Kari,43,Female,Delhi,Regular,2023-01-28
CUST002201,Ekbal Parsa,18,Female,Mumbai,Regular,2022-10-27
CUST002202,Gauri Hegde,43,Female,Mumbai,Premium,2025-07-12
CUST002203,Zashil Mittal,67,Male,Mumbai,Regular,2025-10-29
CUST002204,Rayaan Devi,67,Female,Bengaluru,Regular,2026-04-18
CUST002205,Abhiram Mistry,38,Male,Pune,Regular,2023-11-09
CUST002206,Netra Ravi,49,Female,Hyderabad,Regular,2026-02-25
CUST002207,Urmi Vala,37,Female,Hyderabad,Regular,2025-11-23
CUST002208,Mitali Kari,42,Female,Mumbai,Regular,2023-08-16
CUST002209,Urvi Kaur,59,Female,Pune,Regular,2024-11-07
CUST002210,Triya Oak,42,Male,Delhi,Regular,2026-01-10
CUST002211,Dhriti Guha,68,Female,Indore,Regular,2024-06-25
CUST002212,Shaurya Sarna,25,Female,Hyderabad,Regular,2024-07-28
CUST002213,Kavya Dewan,50,Female,Delhi,Regular,2025-02-11
CUST002214,Dalaja Andra,43,Female,Mumbai,Regular,2024-10-13
CUST002215,Harinakshi Kar,24,Female,Kolkata,Regular,2024-06-10
CUST002216,Netra Yogi,28,Female,Jaipur,Regular,2023-12-07
CUST002217,Arin Balay,39,Male,Delhi,Regular,2026-07-31
CUST002218,Mitesh Narayanan,31,Female,Delhi,Regular,2025-01-27
CUST002219,Lakshmi Jayaraman,60,Female,Delhi,Regular,2024-04-26
CUST002220,Libni Guha,36,Male,Jaipur,Regular,2024-09-04
CUST002221,Falguni Seth,44,Female,Jaipur,Regular,2025-05-17
CUST002222,Girik Garg,33,Female,Chennai,New,2023-02-07
CUST002223,Azad Suresh,23,Female,Hyderabad,Regular,2022-10-09
CUST002224,Rushil Boase,35,Other,Chennai,Premium,2026-07-14
CUST002225,Bhanumati Jha,25,Male,Jaipur,Regular,2023-08-26
CUST002226,Ekaraj Sha,57,Male,Bengaluru,Regular,2022-11-26
CUST002227,Zarna Apte,50,Female,Jaipur,Regular,2023-05-22
CUST002228,Nirja Raman,33,Female,Jaipur,New,2023-04-29
CUST002229,Kai Yadav,60,Male,Jaipur,Regular,2024-06-08
CUST002230,Ekapad Ramachandran,39,Male,Delhi,Regular,2026-07-02
CUST002231,Kalpit Jha,29,Female,Jaipur,New,2023-12-23
CUST002232,Vaishnavi Dutt,22,Male,Mumbai,Regular,2025-03-23
CUST002233,Samaksh Thakkar,39,Female,Jaipur,Regular,2025-09-15
CUST002234,Anya Jaggi,67,Male,Delhi,New,2022-09-09
CUST002235,Sanaya Bhatt,51,Female,Hyderabad,Regular,2026-03-01
CUST002236,Yatin Vora,40,Female,Bengaluru,Regular,2024-01-21
CUST002237,Triveni Shere,40,Female,Ahmedabad,Regular,2025-02-08
CUST002238,Gavin Mani,33,Male,Kolkata,Regular,2025-05-28
CUST002239,Idika Mishra,39,Female,Kolkata,New,2024-04-27
CUST002240,Ojasvi Krish,66,Male,Bengaluru,Regular,2023-06-03
CUST002241,Tanvi Rajagopalan,67,Male,Pune,Regular,2026-07-13
CUST002242,Girish Ramaswamy,25,Female,Chennai,New,2025-08-18
CUST002243,Wriddhish Dugar,30,Female,Jaipur,Regular,2023-10-28
CUST002244,Ekalinga Kalla,24,Female,Hyderabad,Regular,2026-07-10
CUST002245,Nisha Dara,47,Male,Jaipur,New,2024-03-23
CUST002246,Henry Thaman,38,Female,Hyderabad,Regular,2025-12-01
CUST002247,Nimrat Seshadri,30,Male,Indore,Regular,2023-05-12
CUST002248,Sarthak Toor,53,Female,Chennai,Premium,2022-11-06
CUST002249,Avi Bora,30,Male,Indore,Premium,2025-05-17
CUST002250,Lakshmi Oza,24,Female,Indore,Regular,2025-10-30
CUST002251,Robert Ranganathan,47,Female,Chennai,Regular,2022-10-26
CUST002252,Zashil Contractor,57,Female,Ahmedabad,Regular,2025-09-03
CUST002253,Eta Shetty,48,Male,Delhi,Regular,2024-09-20
CUST002254,Ekansh Butala,50,Female,Mumbai,Regular,2024-12-27
CUST002255,Raksha Dey,33,Male,Delhi,Regular,2024-08-29
CUST002256,Neel Garde,22,Female,Kolkata,Regular,2026-03-23
CUST002257,Harish Goel,21,Female,Mumbai,Regular,2023-11-28
CUST002258,Mahika Ganguly,21,Male,Jaipur,New,2022-12-27
CUST002259,Anjali Dube,31,Male,Pune,Regular,2024-07-13
CUST002260,Pranav Kalita,48,Female,Pune,Premium,2025-09-11
CUST002261,Tarak Sathe,62,Female,Mumbai,Regular,2025-08-15
CUST002262,Harshil Ramakrishnan,36,Male,Pune,Regular,2025-08-05
CUST002263,Sachi Ben,19,Male,Kolkata,Regular,2025-03-15
CUST002264,Chanakya Purohit,68,Female,Indore,New,2025-12-02
CUST002265,Zaid Prasad,28,Male,Ahmedabad,Regular,2026-07-10
CUST002266,Ryan Chand,48,Female,Hyderabad,Regular,2022-09-22
CUST002267,Ayaan Atwal,36,Female,Indore,Regular,2024-02-03
CUST002268,Dev Kannan,54,Male,Indore,Premium,2026-05-30
CUST002269,Oliver Ganesh,67,Female,Jaipur,New,2022-11-05
CUST002270,Yauvani Chokshi,19,Female,Delhi,New,2026-02-16
CUST002271,Ekantika Gupta,26,Female,Pune,New,2025-04-25
CUST002272,Megha Sangha,63,Male,Bengaluru,Premium,2023-03-04
CUST002273,Tanay Cherian,69,Male,Indore,Regular,2024-03-04
CUST002274,Oscar Aurora,60,Female,Jaipur,Premium,2024-05-14
CUST002275,Advik Ramachandran,67,Male,Kolkata,Regular,2023-07-25
CUST002276,Thomas Bhatti,30,Female,Pune,Regular,2025-06-16
CUST002277,Jyoti Bassi,18,Male,Hyderabad,Regular,2022-12-11
CUST002278,Nirja Mitra,27,Male,Kolkata,Regular,2025-12-03
CUST002279,Harsh Yadav,62,Female,Bengaluru,Regular,2026-01-09
CUST002280,Zayan Chandran,53,Female,Indore,Regular,2025-03-17
CUST002281,Lipika Deol,40,Male,Pune,Regular,2024-01-26
CUST002282,Eesha Subramaniam,38,Female,Mumbai,Regular,2022-12-11
CUST002283,Andrew Sen,50,Male,Mumbai,Premium,2024-04-13
CUST002284,Yahvi Arya,58,Male,Pune,Premium,2023-08-25
CUST002285,Jeet More,61,Male,Chennai,New,2023-08-31
CUST002286,Yagnesh Buch,41,Male,Ahmedabad,Regular,2022-11-30
CUST002287,Kavya Tara,29,Male,Bengaluru,Regular,2023-12-02
CUST002288,Max Prashad,52,Male,Kolkata,New,2023-07-12
CUST002289,Wazir Sawhney,35,Male,Indore,Regular,2025-10-20
CUST002290,Krish Mall,19,Female,Bengaluru,Regular,2024-01-04
CUST002291,Oeshi Mani,56,Female,Pune,Regular,2025-11-06
CUST002292,Veer Narula,47,Female,Jaipur,Regular,2024-02-12
CUST002293,Samesh Zacharia,65,Male,Bengaluru,Regular,2022-11-21
CUST002294,Tristan Raj,55,Female,Chennai,New,2024-11-16
CUST002295,Qadim Sathe,39,Female,Chennai,Regular,2025-05-03
CUST002296,Dhruv Swamy,58,Female,Ahmedabad,Regular,2022-12-15
CUST002297,Charles Dhaliwal,60,Male,Mumbai,Premium,2026-08-25
CUST002298,Jeremiah Chand,35,Male,Delhi,New,2023-05-25
CUST002299,Warinder Tripathi,59,Female,Indore,Regular,2022-12-28
CUST002300,Unni Mukhopadhyay,54,Male,Kolkata,New,2023-05-11
CUST002301,Yash Samra,58,Female,Kolkata,New,2023-05-30
CUST002302,Chavvi Mangal,33,Male,Indore,Regular,2025-02-09
CUST002303,Saksham Magar,23,Male,Ahmedabad,Regular,2026-04-29
CUST002304,Fariq Parsa,21,Male,Kolkata,Regular,2024-05-08
CUST002305,Oliver Sinha,60,Female,Indore,Premium,2024-07-14
CUST002306,Yashasvi Sant,19,Female,Bengaluru,Regular,2025-11-22
CUST002307,Vasatika Bahri,39,Female,Delhi,Regular,2025-11-24
CUST002308,Prisha Chacko,43,Male,Chennai,Regular,2025-11-19
CUST002309,Michael Gill,52,Male,Pune,Regular,2023-10-02
CUST002310,Ubika Mohan,32,Male,Hyderabad,Regular,2024-08-02
CUST002311,Keya Srivastava,65,Female,Kolkata,New,2022-12-18
CUST002312,Laban Singh,62,Female,Kolkata,Regular,2023-06-29
CUST002313,Ranveer Agrawal,26,Male,Hyderabad,Premium,2022-09-17
CUST002314,Vyanjana Ravel,59,Male,Mumbai,Regular,2026-08-06
CUST002315,Megha Prakash,30,Male,Chennai,Premium,2024-04-16
CUST002316,Darika Bobal,41,Male,Kolkata,Regular,2024-05-25
CUST002317,Jeet Rajan,64,Female,Indore,Regular,2026-08-16
CUST002318,Rishi Sarin,20,Male,Kolkata,New,2023-09-29
CUST002319,Yashodhara Suresh,49,Female,Ahmedabad,New,2025-05-11
CUST002320,Dalbir Rajan,60,Female,Pune,Regular,2026-08-07
CUST002321,Yatin Kibe,29,Other,Pune,New,2024-09-09
CUST002322,Janaki Bala,68,Male,Mumbai,Premium,2025-08-16
CUST002323,Advika Shah,44,Female,Indore,New,2025-07-21
CUST002324,Aachal Kota,31,Female,Kolkata,Regular,2025-03-21
CUST002325,Advik Dada,32,Male,Kolkata,New,2025-12-08
CUST002326,Leena Rao,30,Female,Pune,Premium,2025-08-29
CUST002327,Zarna Gulati,41,Male,Ahmedabad,Regular,2026-05-20
CUST002328,Noah Sane,58,Male,Chennai,Premium,2023-09-25
CUST002329,Xiti Walia,62,Female,Ahmedabad,Premium,2025-06-16
CUST002330,Darika Sabharwal,46,Male,Mumbai,New,2025-11-09
CUST002331,Ikbal Padmanabhan,32,Female,Pune,Premium,2026-02-13
CUST002332,Amruta Kadakia,33,Female,Kolkata,New,2026-08-12
CUST002333,Darika Ahuja,24,Female,Indore,New,2023-05-17
CUST002334,Aarav Chatterjee,21,Female,Hyderabad,New,2022-12-15
CUST002335,Omaja Mani,47,Female,Mumbai,Premium,2025-10-10
CUST002336,Onkar Goda,44,Male,Hyderabad,New,2024-04-02
CUST002337,Krish Hora,60,Female,Chennai,Premium,2024-09-22
CUST002338,Yadavi Choudhary,58,Female,Pune,New,2024-07-29
CUST002339,Quincy Iyer,46,Female,Indore,Regular,2022-11-28
CUST002340,Rehaan Lad,27,Male,Mumbai,Regular,2026-06-30
CUST002341,Ridhi Chopra,25,Female,Jaipur,Regular,2026-05-08
CUST002342,Fariq Memon,38,Male,Bengaluru,Regular,2023-01-09
CUST002343,Jeet Malhotra,19,Male,Mumbai,Regular,2022-12-06
CUST002344,Ayushman Keer,67,Male,Bengaluru,Regular,2024-09-09
CUST002345,Harrison Andra,46,Other,Indore,Regular,2022-12-01
CUST002346,Abhimanyu Barman,69,Female,Bengaluru,Regular,2023-01-26
CUST002347,Abhimanyu Prashad,44,Male,Delhi,Regular,2025-03-22
CUST002348,Vedika Solanki,53,Male,Pune,Regular,2025-11-16
CUST002349,Pushti Nayar,25,Male,Pune,Regular,2024-03-26
CUST002350,Divya Khatri,38,Male,Kolkata,Regular,2024-03-12
CUST002351,Kritika Bhandari,37,Female,Jaipur,New,2024-03-04
CUST002352,Harish Aggarwal,63,Male,Delhi,New,2024-08-07
CUST002353,Liam Bal,25,Female,Bengaluru,Regular,2025-03-21
CUST002354,Ati Kothari,46,Female,Hyderabad,New,2024-03-23
CUST002355,Vaishnavi Varma,35,Male,Pune,Regular,2024-05-31
CUST002356,Aarush Nagy,29,Male,Chennai,Regular,2022-09-23
CUST002357,Chakradev Nanda,67,Female,Mumbai,Regular,2025-07-17
CUST002358,Vivaan Sundaram,54,Female,Mumbai,Regular,2024-05-11
CUST002359,Ijaya Sangha,29,Male,Jaipur,New,2026-08-26
CUST002360,Harish Rajan,49,Female,Chennai,Regular,2023-11-28
CUST002361,Luke Venkatesh,25,Male,Jaipur,Regular,2026-05-21
CUST002362,Joshua Tank,56,Female,Delhi,Regular,2026-01-17
CUST002363,Charvi Sibal,64,Male,Hyderabad,New,2023-05-17
CUST002364,Jack Subramaniam,19,Female,Chennai,Regular,2025-06-23
CUST002365,Yagnesh Kakar,37,Female,Bengaluru,New,2023-05-20
CUST002366,Hitesh Saran,50,Female,Kolkata,Regular,2025-09-13
CUST002367,Naveen Narain,51,Female,Ahmedabad,Regular,2026-07-01
CUST002368,Avni Kannan,46,Female,Chennai,Regular,2025-09-19
CUST002369,Vamakshi Dasgupta,67,Male,Delhi,Regular,2025-06-27
CUST002370,Vyanjana Chana,50,Male,Pune,New,2026-01-15
CUST002371,Udarsh Bhattacharyya,21,Male,Delhi,Regular,2025-05-25
CUST002372,Krishna Raj,23,Male,Indore,Premium,2025-06-09
CUST002373,Viraj Kapoor,69,Male,Chennai,New,2023-10-05
CUST002374,Bina Chahal,43,Other,Jaipur,New,2023-02-18
CUST002375,Harini Guha,21,Female,Ahmedabad,New,2025-10-28
CUST002376,Jhalak Datta,53,Female,Hyderabad,Regular,2026-04-15
CUST002377,Lajita Agarwal,33,Female,Ahmedabad,Regular,2023-12-24
CUST002378,Ranveer Rama,39,Male,Bengaluru,Regular,2024-06-17
CUST002379,Janya Date,36,Male,Jaipur,Regular,2024-11-13
CUST002380,Hredhaan Rana,40,Female,Kolkata,Regular,2022-09-12
CUST002381,Diya Dhillon,42,Male,Ahmedabad,Regular,2026-02-16
CUST002382,Theodore Tata,53,Male,Jaipur,Regular,2025-07-20
CUST002383,Manan Mander,55,Other,Hyderabad,Regular,2023-04-12
CUST002384,Ekaja More,39,Male,Delhi,Regular,2024-10-17
CUST002385,Anusha Sridhar,46,Female,Ahmedabad,Premium,2025-05-05
CUST002386,Warda Manne,59,Male,Ahmedabad,Regular,2025-08-26
CUST002387,Daniel Nath,66,Female,Pune,Regular,2023-04-23
CUST002388,Umang Ben,64,Male,Mumbai,Regular,2026-08-02
CUST002389,Vinaya Ramanathan,21,Male,Indore,Regular,2023-12-06
CUST002390,Anthony Ramanathan,52,Female,Delhi,New,2024-02-04
CUST002391,Urvashi Pall,63,Female,Hyderabad,Regular,2025-11-18
CUST002392,Mahika Bora,42,Male,Jaipur,Premium,2024-11-25
CUST002393,Barkha Hayer,47,Male,Kolkata,Regular,2025-08-22
CUST002394,Gunbir Deep,52,Other,Chennai,Regular,2024-01-13
CUST002395,Daksha Shankar,35,Male,Mumbai,Regular,2025-06-10
CUST002396,Laksh Sathe,23,Other,Chennai,Regular,2025-08-14
CUST002397,Bishakha Dhillon,38,Male,Kolkata,Regular,2023-07-20
CUST002398,Rohan Andra,60,Male,Hyderabad,Regular,2024-03-13
CUST002399,Manbir Puri,29,Male,Kolkata,New,2024-06-22
CUST002400,Daksh Char,27,Male,Pune,Regular,2024-03-03
CUST002401,Praneel Ben,54,Male,Ahmedabad,Regular,2023-02-27
CUST002402,Radha Dixit,33,Female,Indore,Regular,2025-04-28
CUST002403,Yash Bandi,49,Male,Mumbai,Premium,2023-03-01
CUST002404,Mekhala Suresh,54,Male,Hyderabad,Regular,2023-12-12
CUST002405,Keya Chakraborty,34,Male,Jaipur,Regular,2025-12-19
CUST002406,Lavanya Maharaj,27,Female,Kolkata,Regular,2025-05-07
CUST002407,Jhalak Apte,54,Female,Chennai,Regular,2023-03-03
CUST002408,Fitan Dara,43,Female,Ahmedabad,Premium,2024-09-26
CUST002409,Arin Srinivasan,38,Female,Ahmedabad,Regular,2023-10-28
CUST002410,Pratyush Rajagopalan,51,Male,Mumbai,Regular,2024-09-19
CUST002411,Chanchal Dass,43,Female,Ahmedabad,Premium,2023-01-30
CUST002412,Devansh Yogi,32,Female,Pune,New,2023-06-12
CUST002413,Anmol Ramesh,41,Male,Jaipur,Regular,2025-01-08
CUST002414,Devansh Venkataraman,49,Female,Hyderabad,New,2026-03-21
CUST002415,Sarthak Dalal,39,Male,Chennai,Regular,2023-06-05
CUST002416,Abdul Sekhon,41,Female,Pune,Regular,2026-01-23
CUST002417,Jason Baral,20,Male,Hyderabad,New,2023-03-17
CUST002418,Neel Chahal,52,Female,Bengaluru,New,2025-01-18
CUST002419,Bakhshi Chad,53,Male,Ahmedabad,New,2023-03-10
CUST002420,Januja Garg,34,Other,Jaipur,Regular,2024-06-16
CUST002421,Yuvraj Mital,48,Male,Mumbai,New,2022-11-08
CUST002422,Sai Dey,56,Female,Hyderabad,Regular,2025-02-10
CUST002423,Dhriti Virk,24,Male,Ahmedabad,New,2026-07-13
CUST002424,Yashvi Kadakia,24,Male,Jaipur,Regular,2025-08-01
CUST002425,Chaitanya Khalsa,27,Female,Chennai,Regular,2022-10-25
CUST002426,Lucky Mistry,50,Male,Indore,Premium,2026-04-19
CUST002427,Krish Kalita,33,Female,Pune,Regular,2025-03-05
CUST002428,Arunima Dave,28,Male,Ahmedabad,Regular,2025-10-04
CUST002429,Falan Kumer,29,Female,Ahmedabad,Regular,2023-10-07
CUST002430,Nihal Ratta,53,Male,Hyderabad,Regular,2024-08-06
CUST002431,Aachal Sandal,29,Female,Indore,Regular,2026-08-28
CUST002432,Samar Bobal,67,Female,Kolkata,Regular,2025-05-03
CUST002433,Reyansh Pradhan,39,Male,Chennai,New,2025-01-20
CUST002434,Oni Dube,55,Other,Mumbai,Regular,2024-01-02
CUST002435,Ladli Bal,59,Other,Ahmedabad,New,2025-03-23
CUST002436,Faras Madan,35,Female,Kolkata,Regular,2023-03-10
CUST002437,Niharika Bhatti,42,Female,Delhi,New,2024-01-22
CUST002438,Janani Nath,41,Male,Hyderabad,New,2025-12-19
CUST002439,Madhav Kara,36,Female,Indore,Premium,2023-10-28
CUST002440,Guneet Purohit,53,Female,Pune,Regular,2023-08-09
CUST002441,Henry Dasgupta,62,Female,Delhi,Premium,2023-05-28
CUST002442,Vrishti Chandran,28,Male,Hyderabad,Regular,2024-11-27
CUST002443,Baghyawati Madan,60,Male,Kolkata,New,2025-03-29
CUST002444,Chanakya Garde,50,Female,Pune,New,2024-01-04
CUST002445,Pratyush Pai,24,Male,Hyderabad,Regular,2026-02-01
CUST002446,Vansha Datta,60,Female,Ahmedabad,Regular,2023-10-05
CUST002447,Yochana Dugal,29,Female,Mumbai,Regular,2025-06-15
CUST002448,Luke Radhakrishnan,46,Male,Jaipur,Premium,2025-01-26
CUST002449,Chatresh Prabhakar,41,Male,Delhi,New,2025-09-01
CUST002450,Omya Shankar,54,Female,Bengaluru,Regular,2023-06-09
CUST002451,Irya Sidhu,58,Female,Kolkata,New,2024-10-17
CUST002452,Anya Sangha,18,Male,Jaipur,Regular,2024-11-14
CUST002453,Dalaja Chahal,52,Male,Bengaluru,New,2023-12-16
CUST002454,Dhriti Chana,44,Female,Kolkata,Regular,2025-05-10
CUST002455,Faraj Khatri,35,Male,Indore,Regular,2023-01-21
CUST002456,Dakshesh Chad,29,Female,Pune,Premium,2025-10-26
CUST002457,Waida Anne,30,Female,Mumbai,Premium,2024-06-17
CUST002458,Varsha Tank,62,Male,Mumbai,Regular,2024-11-06
CUST002459,Nidra Atwal,68,Female,Delhi,Regular,2025-04-12
CUST002460,Abhimanyu Sandal,46,Female,Hyderabad,Regular,2025-08-24
CUST002461,Yash Wable,59,Female,Ahmedabad,Regular,2025-07-26
CUST002462,Saumya Ganguly,46,Male,Kolkata,Regular,2025-07-11
CUST002463,Parth Borde,35,Female,Pune,Regular,2024-03-21
CUST002464,Yoshita Pandit,21,Other,Mumbai,Regular,2022-11-16
CUST002465,Warhi Raghavan,43,Male,Indore,Regular,2023-05-20
CUST002466,Isaiah Nigam,33,Female,Hyderabad,Regular,2026-07-18
CUST002467,Jacob Mannan,49,Female,Pune,New,2023-12-06
CUST002468,Chaaya Lanka,53,Male,Hyderabad,New,2023-07-25
CUST002469,Meera Kalla,33,Male,Pune,Regular,2026-08-01
CUST002470,Yutika Banik,25,Male,Indore,Regular,2026-08-21
CUST002471,Vinaya Bhandari,62,Male,Delhi,Regular,2024-03-03
CUST002472,Triveni Narasimhan,44,Male,Jaipur,Regular,2023-12-05
CUST002473,Hredhaan Ahluwalia,59,Male,Chennai,Regular,2024-02-23
CUST002474,Neelima Pant,25,Male,Chennai,Regular,2022-09-11
CUST002475,Raagini Swamy,24,Female,Chennai,Regular,2023-07-01
CUST002476,Yoshita Dube,30,Female,Indore,Regular,2024-05-28
CUST002477,Vinaya Amble,52,Female,Indore,Regular,2023-04-27
CUST002478,Upkaar Singhal,62,Female,Chennai,Regular,2024-05-04
CUST002479,Chandani Patla,31,Other,Hyderabad,Regular,2024-06-24
CUST002480,Amruta Chopra,44,Female,Mumbai,New,2024-07-10
CUST002481,Neel Dey,50,Male,Delhi,New,2024-02-29
CUST002482,Abdul Parmer,57,Female,Ahmedabad,Regular,2026-06-01
CUST002483,Indrajit Gupta,56,Female,Pune,Regular,2023-11-14
CUST002484,Kiaan Rana,26,Male,Delhi,Regular,2024-06-13
CUST002485,Azad Dyal,61,Male,Indore,Regular,2025-06-28
CUST002486,Varenya Lata,31,Female,Delhi,Regular,2023-03-01
CUST002487,Vrinda Tandon,57,Female,Hyderabad,Premium,2026-01-22
CUST002488,Ekta Ratta,44,Male,Bengaluru,Premium,2024-10-16
CUST002489,Karan Choudhary,38,Male,Chennai,Regular,2023-02-12
CUST002490,Jonathan Dugal,61,Female,Pune,Premium,2024-02-14
CUST002491,Warjas Ben,46,Female,Pune,New,2025-07-17
CUST002492,Pushti Anand,39,Other,Chennai,New,2024-07-03
CUST002493,Bimala Manda,67,Male,Kolkata,Regular,2024-09-21
CUST002494,Pushti Kota,22,Male,Jaipur,Regular,2025-04-14
CUST002495,Yasti Grover,52,Male,Hyderabad,New,2023-09-20
CUST002496,Ishwar Lall,29,Male,Hyderabad,Regular,2025-08-21
CUST002497,Pushti Issac,24,Female,Indore,Regular,2024-09-03
CUST002498,Yadavi Golla,21,Male,Hyderabad,Regular,2023-06-18
CUST002499,Veer Dara,56,Male,Mumbai,Regular,2023-03-22
CUST002500,Balvan Mahal,58,Female,Ahmedabad,Regular,2023-06-23
CUST002501,Pooja Badami,31,Female,Delhi,Regular,2025-04-12
CUST002502,Gavin Behl,50,Female,Hyderabad,New,2024-04-10
CUST002503,Damini Kashyap,41,Female,Kolkata,Regular,2023-08-08
CUST002504,Pooja Srinivas,33,Female,Kolkata,Regular,2022-12-02
CUST002505,Charan Modi,61,Other,Chennai,Regular,2023-02-15
CUST002506,Januja Mand,31,Other,Ahmedabad,Regular,2024-02-25
CUST002507,Yatin Nagarajan,44,Male,Jaipur,New,2026-06-19
CUST002508,Qabil Baria,26,Female,Indore,Regular,2022-08-29
CUST002509,Ekanta Kala,60,Female,Ahmedabad,Regular,2023-11-15
CUST002510,Ati Chaudhuri,22,Male,Jaipur,Premium,2024-06-28
CUST002511,Zayyan Swamy,58,Male,Delhi,New,2024-03-15
CUST002512,Daksha Choudhury,63,Female,Hyderabad,Regular,2023-01-26
CUST002513,Kalpit Narula,35,Female,Jaipur,New,2024-03-11
CUST002514,Kamya Khanna,43,Male,Mumbai,Premium,2025-06-04
CUST002515,Shivansh Rajagopalan,48,Male,Kolkata,Premium,2023-01-11
CUST002516,Kalpit Dara,58,Female,Mumbai,Regular,2022-10-31
CUST002517,Reyansh Sehgal,20,Female,Indore,Premium,2026-08-05
CUST002518,Falan Oza,62,Female,Hyderabad,New,2023-12-10
CUST002519,Saksham Walla,34,Female,Mumbai,New,2025-09-21
CUST002520,Caleb Datta,48,Female,Ahmedabad,Premium,2023-06-22
CUST002521,Zayyan Palan,42,Male,Jaipur,Regular,2026-06-19
CUST002522,Saumya Dalal,27,Female,Kolkata,Premium,2026-07-13
CUST002523,Ekansh Subramanian,18,Female,Mumbai,New,2024-06-09
CUST002524,Ojas Mahal,25,Other,Ahmedabad,New,2025-08-15
CUST002525,Bimala Bath,32,Female,Chennai,Regular,2025-01-24
CUST002526,Ranveer Rao,45,Female,Mumbai,Regular,2024-10-05
CUST002527,Noah Sarma,51,Female,Jaipur,Premium,2025-11-07
CUST002528,Madhavi Rattan,56,Male,Pune,Regular,2025-03-29
CUST002529,Samuel Gour,39,Female,Pune,Regular,2022-09-03
CUST002530,Tejas Andra,63,Female,Mumbai,Premium,2026-05-25
CUST002531,Yahvi Vohra,44,Female,Ahmedabad,Regular,2023-10-05
CUST002532,Thomas Minhas,30,Male,Delhi,Regular,2025-09-02
CUST002533,Jagat Garg,66,Male,Hyderabad,Premium,2023-08-11
CUST002534,Wazir Manne,18,Female,Hyderabad,New,2022-10-28
CUST002535,Arunima Deol,68,Other,Bengaluru,Regular,2023-10-23
CUST002536,Yuvraj Kade,21,Female,Kolkata,Regular,2024-12-06
CUST002537,Aarav Palan,27,Female,Mumbai,Premium,2025-05-07
CUST002538,Ekta Chacko,36,Male,Delhi,Premium,2025-08-28
CUST002539,Kiaan Rege,31,Female,Pune,New,2026-06-24
CUST002540,Ekta Bhandari,40,Male,Mumbai,Premium,2025-04-27
CUST002541,Ishani Kanda,27,Female,Kolkata,New,2025-10-06
CUST002542,Patrick Kunda,24,Male,Ahmedabad,Regular,2022-09-22
CUST002543,Lavanya Kurian,34,Female,Hyderabad,Premium,2026-05-11
CUST002544,Riya Kannan,30,Female,Chennai,Regular,2024-01-14
CUST002545,Samar Rana,45,Male,Pune,New,2023-04-27
CUST002546,Vincent Saraf,54,Female,Chennai,Regular,2024-03-23
CUST002547,Varenya Chander,57,Female,Bengaluru,New,2024-10-07
CUST002548,Tripti Goyal,27,Male,Ahmedabad,Premium,2026-02-15
CUST002549,Ranbir Swaminathan,61,Female,Mumbai,Regular,2025-10-05
CUST002550,Baghyawati Bail,58,Female,Pune,New,2023-12-23
CUST002551,Peter Ramesh,39,Female,Pune,New,2025-07-31
CUST002552,Ekaraj Dhar,57,Female,Bengaluru,Regular,2022-12-18
CUST002553,Yatan Sha,52,Female,Indore,New,2026-07-11
CUST002554,Harish Vyas,61,Female,Hyderabad,Premium,2023-03-30
CUST002555,Harish Purohit,53,Male,Hyderabad,Regular,2024-04-16
CUST002556,Imaran Arya,61,Male,Mumbai,Regular,2025-11-26
CUST002557,Kevin Kothari,69,Male,Ahmedabad,Regular,2025-12-07
CUST002558,Amrita Dhar,30,Male,Ahmedabad,Regular,2026-08-26
CUST002559,Aditya Cherian,37,Male,Kolkata,Regular,2024-12-18
CUST002560,Frederick Jain,19,Male,Indore,Regular,2023-04-02
CUST002561,Sachi Gade,64,Female,Kolkata,Regular,2023-12-19
CUST002562,Varenya Dubey,32,Male,Mumbai,New,2023-09-11
CUST002563,Amara Dasgupta,69,Female,Hyderabad,New,2022-09-30
CUST002564,Harshil Minhas,64,Female,Hyderabad,New,2023-02-04
CUST002565,Lucky Agarwal,34,Male,Pune,Premium,2026-07-16
CUST002566,Arjun Karan,53,Male,Jaipur,Regular,2024-06-22
CUST002567,Manan Pandit,56,Male,Hyderabad,Regular,2025-06-12
CUST002568,Upkaar Rajagopalan,48,Female,Ahmedabad,Regular,2025-07-30
CUST002569,Vyanjana Gara,38,Female,Hyderabad,Regular,2023-02-16
CUST002570,Harsh Manda,34,Female,Kolkata,Regular,2024-03-06
CUST002571,Gauri Dani,39,Male,Kolkata,Regular,2024-03-11
CUST002572,Caleb Dora,33,Other,Jaipur,Regular,2023-06-01
CUST002573,Gaurika Golla,31,Male,Ahmedabad,Regular,2025-07-19
CUST002574,Mason Mitra,69,Male,Mumbai,Regular,2025-04-25
CUST002575,Ijaya Chawla,40,Female,Mumbai,New,2023-10-24
CUST002576,Jyoti Lanka,52,Female,Hyderabad,Premium,2026-02-08
CUST002577,Aarnav Dixit,49,Male,Delhi,Regular,2025-12-19
CUST002578,Ekaja Divan,19,Female,Bengaluru,New,2024-04-26
CUST002579,Vanya Bhavsar,46,Female,Indore,Regular,2023-02-20
CUST002580,Arya Dhillon,56,Other,Indore,Regular,2023-01-16
CUST002581,Joshua Gopal,31,Female,Indore,New,2025-12-03
CUST002582,Ira Nagar,33,Male,Kolkata,Regular,2024-10-04
CUST002583,Vasana Sachdev,31,Female,Chennai,Regular,2025-03-20
CUST002584,Lakshit Korpal,64,Male,Mumbai,New,2024-04-15
CUST002585,Widisha Yohannan,41,Other,Indore,New,2024-12-05
CUST002586,Victor Rajagopalan,55,Male,Pune,Regular,2023-01-05
CUST002587,Theodore Chahal,68,Male,Pune,Regular,2023-08-29
CUST002588,Aarnav Jani,62,Male,Kolkata,Regular,2026-04-11
CUST002589,Janani Som,57,Female,Chennai,Regular,2023-03-24
CUST002590,Darpan Palla,30,Female,Jaipur,New,2024-03-11
CUST002591,Chaitaly Sharma,53,Female,Mumbai,Regular,2023-04-09
CUST002592,Xavier Kade,49,Male,Hyderabad,Regular,2026-03-06
CUST002593,Daksh Devi,30,Male,Jaipur,Premium,2023-02-27
CUST002594,Krishna Bal,31,Male,Kolkata,Regular,2025-08-14
CUST002595,Kamya Bhagat,45,Male,Kolkata,New,2025-08-22
CUST002596,Ethan Sood,43,Female,Pune,Regular,2026-03-21
CUST002597,Ayushman Din,28,Female,Indore,Regular,2024-03-18
CUST002598,Farhan Konda,46,Male,Mumbai,Regular,2022-12-26
CUST002599,Omaja Doctor,29,Female,Hyderabad,Premium,2025-11-30
CUST002600,Upma Dey,28,Male,Ahmedabad,Premium,2025-11-03
CUST002601,Upma Sabharwal,48,Male,Chennai,Premium,2025-09-24
CUST002602,Sachi Arya,42,Male,Ahmedabad,New,2023-11-17
CUST002603,Nachiket Bhasin,23,Female,Delhi,New,2026-05-28
CUST002604,Oscar Thakur,21,Male,Indore,Regular,2023-05-05
CUST002605,Meghana Sampath,56,Female,Jaipur,New,2025-07-20
CUST002606,Aarna Thaker,50,Male,Kolkata,Regular,2023-12-17
CUST002607,Pallavi Dugar,19,Female,Delhi,Regular,2023-10-25
CUST002608,Krishna Dass,68,Female,Indore,New,2025-10-26
CUST002609,Nandini Bhalla,55,Other,Bengaluru,New,2023-08-04
CUST002610,Qarin Brahmbhatt,31,Female,Indore,Regular,2026-02-17
CUST002611,Vansha Munshi,34,Female,Chennai,Regular,2025-06-07
CUST002612,Lajita Gala,61,Female,Hyderabad,Regular,2022-11-21
CUST002613,Panini Hayer,55,Female,Ahmedabad,Regular,2023-10-22
CUST002614,Hemang Brahmbhatt,23,Female,Delhi,Regular,2024-03-14
CUST002615,Ayaan Khatri,23,Female,Bengaluru,Regular,2023-11-10
CUST002616,Hredhaan Bhattacharyya,57,Male,Indore,Regular,2023-07-24
CUST002617,Dayamai Guha,51,Female,Delhi,Regular,2025-01-02
CUST002618,Bachittar Khosla,52,Male,Kolkata,Regular,2023-10-21
CUST002619,Chaitanya Sule,68,Female,Ahmedabad,Regular,2022-11-07
CUST002620,Divya Chander,33,Male,Kolkata,New,2023-12-21
CUST002621,Ishanvi Mandal,24,Female,Delhi,New,2024-05-08
CUST002622,Divya Raman,39,Female,Bengaluru,Regular,2025-09-29
CUST002623,Kai Chatterjee,32,Female,Jaipur,Regular,2024-01-25
CUST002624,Yahvi Chaudhuri,42,Female,Chennai,Regular,2024-10-17
CUST002625,Arjun Raja,65,Female,Kolkata,New,2024-09-07
CUST002626,Bina Edwin,46,Female,Pune,New,2023-04-21
CUST002627,Farhan Chander,37,Male,Delhi,Regular,2025-09-18
CUST002628,Tanveer Dhaliwal,30,Female,Jaipur,Regular,2025-12-05
CUST002629,Yachana Varty,33,Male,Mumbai,Premium,2025-10-04
CUST002630,Sara Deep,67,Female,Mumbai,Regular,2024-02-06
CUST002631,Jagvi Sankar,68,Female,Delhi,Regular,2022-10-30
CUST002632,William Joshi,33,Male,Hyderabad,New,2025-04-03
CUST002633,Michael Tank,34,Male,Delhi,Premium,2023-01-27
CUST002634,Luke More,54,Male,Chennai,Regular,2024-12-25
CUST002635,Wishi Chandra,51,Female,Chennai,Regular,2024-08-04
CUST002636,Omkaar Merchant,26,Female,Kolkata,Regular,2023-05-06
CUST002637,Ati Patla,31,Male,Mumbai,New,2024-02-28
CUST002638,Ekavir Gola,30,Male,Pune,New,2025-09-05
CUST002639,Aarna Solanki,50,Female,Mumbai,Regular,2023-09-30
CUST002640,Logan Dasgupta,68,Female,Kolkata,Regular,2025-01-28
CUST002641,Balveer Patla,36,Female,Jaipur,Regular,2026-04-24
CUST002642,Nandini Rege,55,Male,Kolkata,Regular,2026-04-21
CUST002643,Ridhi Peri,43,Male,Mumbai,Regular,2024-11-02
CUST002644,Kashvi Chacko,37,Female,Bengaluru,New,2025-07-23
CUST002645,Yashawini Sengupta,34,Female,Ahmedabad,Premium,2023-10-11
CUST002646,Dakshesh Konda,47,Male,Pune,Regular,2025-08-20
CUST002647,Mohammed Cheema,65,Male,Mumbai,Regular,2023-11-23
CUST002648,Nathan Rastogi,38,Female,Delhi,Premium,2026-04-16
CUST002649,Udant Rama,25,Female,Kolkata,New,2026-05-17
CUST002650,Girik Palla,31,Other,Chennai,Regular,2024-08-21
CUST002651,Udyati Chopra,49,Male,Kolkata,Regular,2023-01-09
CUST002652,Hritik Ranganathan,32,Female,Indore,Regular,2025-12-04
CUST002653,Ryan Ratti,19,Male,Jaipur,Premium,2024-01-21
CUST002654,Edhitha Oommen,34,Female,Hyderabad,New,2025-03-24
CUST002655,Simon Soni,68,Male,Kolkata,Regular,2023-02-22
CUST002656,Suhani Barad,29,Female,Chennai,New,2024-12-22
CUST002657,Upma Dhingra,40,Female,Bengaluru,Regular,2025-05-19
CUST002658,Ekaja Balay,64,Male,Hyderabad,Regular,2025-03-19
CUST002659,David Pathak,22,Female,Mumbai,Regular,2026-01-06
CUST002660,Urvashi Kala,35,Male,Ahmedabad,Regular,2022-11-21
CUST002661,Arin Sampath,64,Male,Delhi,Regular,2023-10-22
CUST002662,Patrick Chacko,40,Female,Bengaluru,Regular,2023-04-06
CUST002663,Anusha Ravel,45,Male,Kolkata,Regular,2023-01-02
CUST002664,Siya Saini,23,Male,Indore,New,2024-11-21
CUST002665,Aashi Gour,18,Male,Jaipur,Regular,2026-03-11
CUST002666,George Sangha,67,Female,Kolkata,New,2024-02-11
CUST002667,Nitesh Issac,65,Male,Indore,Regular,2024-02-22
CUST002668,Vasatika Soman,36,Female,Kolkata,Premium,2024-12-07
CUST002669,Rajeshri Pant,19,Male,Chennai,Premium,2026-07-16
CUST002670,Advaith Issac,49,Male,Ahmedabad,Regular,2022-12-27
CUST002671,Ekiya Nadig,43,Female,Delhi,New,2022-09-20
CUST002672,Tara Divan,21,Female,Kolkata,Regular,2024-10-12
CUST002673,Ishaan Ray,27,Female,Chennai,Regular,2023-10-11
CUST002674,Shravya Dass,67,Female,Bengaluru,Premium,2025-05-10
CUST002675,Gunbir Bansal,27,Male,Hyderabad,New,2023-08-03
CUST002676,Osha Ganesan,38,Female,Mumbai,Regular,2025-03-19
CUST002677,Tarak Pall,58,Male,Bengaluru,Regular,2023-07-20
CUST002678,Akshay Prabhakar,66,Male,Bengaluru,New,2026-02-13
CUST002679,Amol Mittal,50,Female,Ahmedabad,New,2026-06-21
CUST002680,Yadavi Dash,42,Female,Hyderabad,Regular,2025-08-19
CUST002681,Tamanna Sachdev,23,Female,Mumbai,Regular,2024-05-27
CUST002682,Indira Sandhu,34,Other,Ahmedabad,Premium,2024-11-18
CUST002683,Ishaan Goda,60,Male,Hyderabad,Regular,2024-08-10
CUST002684,Kashvi Goel,63,Female,Chennai,Regular,2025-01-03
CUST002685,Rajata Raj,20,Female,Mumbai,Premium,2023-11-14
CUST002686,Bhanumati Chaudhary,30,Male,Chennai,New,2023-01-12
CUST002687,Gaurav Babu,58,Male,Chennai,Regular,2025-04-12
CUST002688,Hemang Taneja,26,Female,Mumbai,New,2025-11-05
CUST002689,Sachi Thakur,58,Female,Jaipur,Regular,2025-02-16
CUST002690,Bimala Salvi,21,Male,Delhi,Regular,2023-07-24
CUST002691,Suhani Raj,23,Male,Delhi,New,2023-02-22
CUST002692,Upasna Dash,63,Female,Kolkata,New,2024-02-24
CUST002693,Nitara Randhawa,65,Female,Chennai,New,2022-09-09
CUST002694,Udarsh Tripathi,67,Female,Pune,Regular,2023-11-12
CUST002695,Aishani Mohanty,29,Male,Ahmedabad,Premium,2026-03-23
CUST002696,Wyatt Agrawal,30,Male,Mumbai,New,2026-06-27
CUST002697,Bachittar Aurora,65,Male,Mumbai,Premium,2022-10-08
CUST002698,Kavya Venkataraman,57,Female,Ahmedabad,Regular,2026-02-22
CUST002699,Gautami Garde,50,Male,Delhi,Premium,2025-02-02
CUST002700,Wyatt Raman,36,Female,Pune,Regular,2023-06-24
CUST002701,Charan Sanghvi,44,Female,Ahmedabad,New,2023-03-17
CUST002702,Oscar Rau,37,Female,Mumbai,Regular,2026-07-03
CUST002703,Zansi Dutt,60,Male,Delhi,New,2024-07-08
CUST002704,Hardik Date,44,Female,Bengaluru,Regular,2024-10-20
CUST002705,Manya Lad,52,Female,Hyderabad,New,2026-03-21
CUST002706,Ekantika Jani,48,Female,Hyderabad,New,2023-01-20
CUST002707,Atharv Sarkar,42,Female,Kolkata,New,2022-09-15
CUST002708,Ayaan Brar,46,Female,Mumbai,Regular,2025-02-02
CUST002709,Aryan De,55,Male,Jaipur,Regular,2024-08-02
CUST002710,Rachit Khatri,69,Male,Mumbai,Regular,2025-06-07
CUST002711,Chameli Hari,33,Female,Mumbai,Regular,2024-12-07
CUST002712,Kritika Lad,22,Female,Ahmedabad,Regular,2025-06-18
CUST002713,Anvi Butala,43,Female,Kolkata,Regular,2026-08-20
CUST002714,Arin Chauhan,31,Female,Jaipur,Premium,2023-02-17
CUST002715,Jason Chhabra,65,Female,Delhi,New,2023-04-06
CUST002716,Adweta Gole,46,Female,Hyderabad,Regular,2023-01-20
CUST002717,Warda Pathak,65,Female,Delhi,Regular,2026-07-16
CUST002718,Mahika Chaudhuri,21,Female,Ahmedabad,Regular,2024-09-29
CUST002719,Odika Borah,67,Female,Bengaluru,Regular,2024-09-22
CUST002720,Shivansh Saini,33,Female,Jaipur,Regular,2024-04-02
CUST002721,Shravya Dyal,23,Female,Delhi,New,2023-06-04
CUST002722,Advaith Gokhale,50,Female,Indore,New,2025-06-18
CUST002723,Jacob Oza,49,Female,Bengaluru,Regular,2024-02-18
CUST002724,Abdul Dutt,34,Male,Delhi,Regular,2024-11-16
CUST002725,Jairaj Hans,55,Female,Chennai,Regular,2025-03-27
CUST002726,Arin Vasa,69,Female,Indore,Regular,2024-10-31
CUST002727,Tarak Patla,25,Female,Delhi,New,2023-02-23
CUST002728,Ayushman Narang,39,Female,Hyderabad,Regular,2023-04-01
CUST002729,Fiyaz Date,44,Male,Pune,Regular,2023-10-18
CUST002730,Vasatika Iyengar,67,Male,Indore,Regular,2023-01-18
CUST002731,Chaitaly Sibal,64,Female,Jaipur,Regular,2025-10-29
CUST002732,Rajata Vala,46,Female,Hyderabad,Regular,2024-05-11
CUST002733,Zashil Ghose,23,Male,Delhi,Regular,2023-07-02
CUST002734,Maya Chauhan,42,Male,Mumbai,New,2025-02-20
CUST002735,Noah Jha,60,Female,Chennai,Regular,2025-09-23
CUST002736,Rachita Sehgal,33,Male,Ahmedabad,New,2024-06-17
CUST002737,Eiravati Chokshi,18,Male,Hyderabad,Regular,2025-03-29
CUST002738,Pushti Iyengar,61,Male,Ahmedabad,Regular,2025-01-26
CUST002739,Kashvi Bhatt,44,Male,Jaipur,Regular,2024-07-27
CUST002740,Bahadurjit Vaidya,41,Male,Mumbai,Regular,2023-09-26
CUST002741,Chaaya Wali,19,Female,Ahmedabad,Regular,2024-02-27
CUST002742,Ayushman Contractor,65,Female,Ahmedabad,New,2023-06-04
CUST002743,Pushti Grewal,30,Female,Ahmedabad,Regular,2024-03-06
CUST002744,Elijah Kale,68,Male,Bengaluru,New,2025-06-14
CUST002745,Kamya Dhillon,66,Male,Jaipur,Regular,2025-12-21
CUST002746,Jason Andra,18,Female,Kolkata,Premium,2024-01-05
CUST002747,Falguni Kala,25,Female,Ahmedabad,Regular,2024-08-20
CUST002748,Viraj Bhatti,38,Female,Hyderabad,Regular,2024-04-18
CUST002749,Simon Vyas,44,Female,Kolkata,New,2023-08-01
CUST002750,Arunima Borde,44,Female,Delhi,Regular,2025-02-05
CUST002751,Radhika Nadkarni,65,Male,Mumbai,Regular,2026-02-12
CUST002752,Rudra Hegde,45,Male,Ahmedabad,New,2022-11-14
CUST002753,Wishi Batra,47,Male,Hyderabad,New,2023-10-29
CUST002754,Jagdish Dash,40,Female,Jaipur,Regular,2024-08-01
CUST002755,Eta Rajagopal,37,Female,Ahmedabad,Regular,2023-08-31
CUST002756,Bhavani Badami,65,Male,Mumbai,Regular,2025-05-24
CUST002757,Triya Mane,47,Female,Kolkata,Premium,2023-03-20
CUST002758,Balhaar Walla,24,Female,Chennai,Premium,2026-07-25
CUST002759,Geetika Babu,42,Female,Hyderabad,Regular,2022-12-14
CUST002760,Girish Sagar,37,Female,Bengaluru,Premium,2025-09-25
CUST002761,Anvi Nadig,60,Female,Pune,Regular,2025-11-11
CUST002762,Mugdha Buch,62,Female,Delhi,New,2025-01-09
CUST002763,Wakeeta Batta,65,Male,Pune,New,2024-05-01
CUST002764,Suhani Tak,31,Male,Delhi,New,2026-04-08
CUST002765,Kashvi Chauhan,61,Other,Ahmedabad,New,2022-10-13
CUST002766,Champak Anne,31,Male,Delhi,Premium,2023-04-01
CUST002767,Ekantika Sarin,39,Male,Indore,Premium,2023-08-15
CUST002768,Gaurang Halder,27,Male,Hyderabad,Regular,2025-09-26
CUST002769,Abdul Ben,50,Male,Ahmedabad,Regular,2023-10-06
CUST002770,Indrajit Bava,53,Female,Delhi,Regular,2023-12-14
CUST002771,Aishani Narayan,66,Female,Mumbai,Regular,2025-08-01
CUST002772,Anamika Garde,22,Female,Kolkata,Regular,2026-08-04
CUST002773,Triveni Dar,54,Female,Chennai,New,2023-03-13
CUST002774,Manbir Sachdev,55,Female,Hyderabad,Premium,2025-05-14
CUST002775,Jason Vig,68,Male,Bengaluru,New,2024-11-25
CUST002776,Vanya Suri,64,Female,Ahmedabad,New,2023-11-07
CUST002777,Vasudha Kara,65,Female,Kolkata,New,2023-01-18
CUST002778,Chaman Butala,63,Male,Hyderabad,Regular,2024-02-28
CUST002779,Samesh Brahmbhatt,37,Male,Hyderabad,New,2022-12-23
CUST002780,Darpan Kala,45,Female,Hyderabad,Regular,2022-09-18
CUST002781,Upadhriti Rajan,55,Male,Kolkata,Regular,2023-06-16
CUST002782,Henry Oak,57,Female,Bengaluru,Premium,2023-07-19
CUST002783,Devika Setty,63,Female,Hyderabad,Premium,2025-06-11
CUST002784,Yamini Cherian,32,Male,Bengaluru,New,2026-07-19
CUST002785,Theodore Patla,20,Male,Bengaluru,Regular,2024-04-18
CUST002786,Yochana Jain,34,Male,Delhi,Regular,2025-12-22
CUST002787,Raghav Biswas,65,Male,Pune,Regular,2023-11-03
CUST002788,Nitesh Mohanty,59,Female,Kolkata,Regular,2026-05-11
CUST002789,Manan Shenoy,43,Male,Bengaluru,Premium,2026-05-21
CUST002790,Imaran Khosla,51,Male,Delhi,Regular,2022-09-23
CUST002791,Rachit Loke,52,Male,Chennai,Regular,2022-10-12
CUST002792,Sneha Pandey,26,Female,Jaipur,New,2023-10-15
CUST002793,Frado Pandya,20,Male,Delhi,Regular,2024-06-29
CUST002794,Matthew Ranganathan,45,Male,Bengaluru,New,2024-10-17
CUST002795,Yashoda Nath,22,Male,Pune,Regular,2022-11-19
CUST002796,Anjali Pingle,29,Female,Chennai,Premium,2023-01-27
CUST002797,Lavanya Sami,35,Male,Bengaluru,New,2023-06-26
CUST002798,Ranbir Rau,50,Male,Ahmedabad,Regular,2023-05-30
CUST002799,Wakeeta Venkataraman,38,Female,Delhi,New,2024-07-02
CUST002800,Chandresh Kothari,48,Male,Ahmedabad,Regular,2023-02-17
CUST002801,Ishwar Bera,43,Female,Chennai,Regular,2026-06-19
CUST002802,Amaira Khare,67,Female,Kolkata,New,2022-12-09
CUST002803,Anya Kara,48,Female,Pune,Regular,2026-05-31
CUST002804,Manya Ramaswamy,35,Male,Ahmedabad,New,2023-02-02
CUST002805,Amrita Tandon,38,Male,Mumbai,New,2023-07-14
CUST002806,Samar Palan,38,Male,Ahmedabad,Regular,2025-05-14
CUST002807,Bhavna Aggarwal,41,Female,Delhi,Regular,2023-01-22
CUST002808,Yahvi Sood,57,Female,Bengaluru,New,2025-10-20
CUST002809,William Garde,65,Female,Pune,Regular,2023-12-31
CUST002810,Ojas Grover,63,Female,Hyderabad,Regular,2024-01-26
CUST002811,Lucky Arya,60,Male,Jaipur,Regular,2025-06-28
CUST002812,Priya Natt,41,Male,Bengaluru,Regular,2022-09-30
CUST002813,Aishani Bose,58,Female,Bengaluru,New,2023-05-21
CUST002814,Indira Som,69,Male,Ahmedabad,Premium,2025-02-19
CUST002815,Vrinda Kota,62,Male,Kolkata,New,2024-09-01
CUST002816,Chakradev Badal,18,Female,Hyderabad,Regular,2025-01-26
CUST002817,Vedant Vohra,55,Male,Indore,New,2024-10-18
CUST002818,Manan Chandra,38,Male,Mumbai,Regular,2023-01-31
CUST002819,Gautami Sethi,30,Male,Mumbai,Regular,2024-09-29
CUST002820,Aarini Sur,65,Female,Delhi,Regular,2023-09-26
CUST002821,Tara Arya,36,Female,Bengaluru,New,2026-03-06
CUST002822,Charvi Nath,28,Female,Ahmedabad,New,2026-06-13
CUST002823,Isaiah Madan,20,Female,Ahmedabad,Regular,2025-07-29
CUST002824,Manbir Roy,67,Female,Indore,Regular,2026-04-20
CUST002825,Lucky Parikh,27,Male,Kolkata,Regular,2024-10-10
CUST002826,Yash Sankar,38,Male,Mumbai,Regular,2024-03-09
CUST002827,Gaurav Hari,24,Male,Hyderabad,Regular,2026-07-29
CUST002828,Hritik Mahal,25,Female,Ahmedabad,Regular,2026-05-22
CUST002829,Parth Lanka,41,Female,Ahmedabad,Premium,2026-07-13
CUST002830,Garima Raman,56,Female,Bengaluru,Regular,2025-03-01
CUST002831,Anya More,26,Male,Mumbai,New,2023-06-21
CUST002832,Zinal Oza,39,Male,Ahmedabad,New,2026-03-16
CUST002833,Rachita Sha,44,Female,Pune,Regular,2025-01-25
CUST002834,Bhavya Choudhary,36,Female,Mumbai,Regular,2022-09-10
CUST002835,Manan Shukla,43,Male,Delhi,Regular,2025-07-21
CUST002836,Bimala Gaba,64,Female,Kolkata,Regular,2023-12-13
CUST002837,Bhavya Bhattacharyya,48,Female,Chennai,New,2026-01-22
CUST002838,Alexander Setty,31,Female,Mumbai,Regular,2022-10-31
CUST002839,Barkha Dasgupta,35,Male,Mumbai,New,2022-11-19
CUST002840,Damini Ahluwalia,41,Other,Mumbai,Regular,2024-06-27
CUST002841,Aadi Bedi,67,Female,Ahmedabad,Regular,2023-09-23
CUST002842,Inaya Mander,57,Female,Mumbai,Regular,2025-12-30
CUST002843,Gabriel Madan,57,Male,Kolkata,New,2023-04-07
CUST002844,Rachana Buch,69,Female,Pune,Premium,2023-11-23
CUST002845,Azad Solanki,29,Male,Ahmedabad,Regular,2026-08-17
CUST002846,Yuvraj Raju,63,Male,Jaipur,Regular,2024-06-15
CUST002847,Guneet Lal,57,Male,Bengaluru,Regular,2026-07-28
CUST002848,Deepa Ghose,38,Female,Kolkata,New,2025-01-20
CUST002849,Ekantika Dewan,28,Female,Ahmedabad,Regular,2025-07-25
CUST002850,Zashil Deshmukh,22,Male,Hyderabad,Premium,2024-06-05
CUST002851,Charvi Mody,41,Female,Ahmedabad,New,2023-01-08
CUST002852,Triya Goswami,53,Male,Mumbai,Regular,2024-04-04
CUST002853,Gopal Devi,54,Female,Bengaluru,Regular,2024-11-24
CUST002854,Dhriti Thakur,60,Male,Mumbai,Regular,2026-08-20
CUST002855,Upadhriti Pandya,25,Male,Jaipur,Regular,2024-06-23
CUST002856,Osha Roy,59,Male,Jaipur,Premium,2024-08-14
CUST002857,Avi Sama,54,Female,Bengaluru,Regular,2023-01-13
CUST002858,Chasmum Kibe,61,Female,Pune,Regular,2025-02-15
CUST002859,Joshua Memon,27,Male,Chennai,New,2022-11-20
CUST002860,Jeremiah Rau,26,Male,Jaipur,Premium,2025-07-04
CUST002861,Turvi Vasa,58,Female,Indore,Regular,2024-08-12
CUST002862,Frado Bhakta,23,Female,Kolkata,New,2023-10-22
CUST002863,Gauri Chatterjee,67,Female,Bengaluru,New,2026-02-25
CUST002864,Vasatika Narula,36,Female,Bengaluru,Regular,2026-05-02
CUST002865,Jairaj Vaidya,56,Male,Delhi,Regular,2025-10-20
CUST002866,Samarth Varty,61,Male,Delhi,Premium,2023-04-09
CUST002867,Laban Kapoor,45,Male,Jaipur,New,2026-06-19
CUST002868,Charvi Mukhopadhyay,44,Male,Chennai,New,2025-09-19
CUST002869,Vedhika Iyer,26,Female,Bengaluru,New,2023-02-23
CUST002870,Aadi Dua,26,Female,Pune,Premium,2025-03-23
CUST002871,Zinal Chatterjee,22,Male,Delhi,New,2023-09-17
CUST002872,Hemang Som,26,Male,Delhi,Regular,2022-10-06
CUST002873,Mahika Bhakta,42,Female,Ahmedabad,Regular,2026-08-06
CUST002874,Charita Ravel,24,Female,Delhi,New,2024-09-18
CUST002875,Wahab Lad,53,Female,Bengaluru,Regular,2026-02-25
CUST002876,Jatin Sankaran,44,Male,Hyderabad,Regular,2023-04-13
CUST002877,Qasim Dhar,29,Male,Ahmedabad,Regular,2026-02-20
CUST002878,Onkar Vaidya,53,Female,Ahmedabad,Premium,2025-10-24
CUST002879,Vamakshi Srinivasan,33,Other,Delhi,Premium,2023-11-22
CUST002880,Harish Tailor,61,Male,Chennai,Regular,2024-03-21
CUST002881,Mahika Raju,32,Female,Chennai,Regular,2025-08-16
CUST002882,Ucchal Saha,39,Male,Chennai,Regular,2026-02-12
CUST002883,Manbir Bala,58,Female,Mumbai,Regular,2023-11-12
CUST002884,Jai Ramachandran,63,Male,Hyderabad,Regular,2022-09-15
CUST002885,Bahadurjit Saxena,18,Female,Jaipur,Regular,2022-11-03
CUST002886,Liam Sidhu,68,Male,Kolkata,Premium,2026-05-30
CUST002887,Aradhana Andra,43,Male,Kolkata,Regular,2023-05-01
CUST002888,Xiti Thakur,32,Female,Bengaluru,Regular,2023-07-22
CUST002889,Madhavi Varghese,62,Male,Hyderabad,Regular,2022-12-04
CUST002890,Max Pandey,50,Female,Pune,Regular,2025-06-12
CUST002891,Tripti Dey,56,Male,Hyderabad,New,2023-11-04
CUST002892,Meera Bir,30,Male,Ahmedabad,Regular,2026-07-22
CUST002893,Krisha Sodhi,36,Female,Pune,Regular,2025-03-27
CUST002894,Yashica Vora,30,Female,Ahmedabad,Regular,2023-10-05
CUST002895,Ekiya Pall,41,Female,Chennai,Regular,2025-02-21
CUST002896,Ekansh Bath,55,Male,Hyderabad,New,2022-10-13
CUST002897,Vincent Char,68,Female,Ahmedabad,Regular,2025-06-27
CUST002898,Xalak Soni,56,Male,Kolkata,New,2024-01-13
CUST002899,Warjas Cheema,29,Male,Bengaluru,Regular,2026-06-26
CUST002900,Leena Salvi,35,Female,Ahmedabad,Regular,2026-07-31
CUST002901,David Krishna,43,Female,Delhi,Regular,2023-02-22
CUST002902,Elijah Sathe,31,Male,Hyderabad,Premium,2025-11-26
CUST002903,Ayushman Ghosh,49,Male,Ahmedabad,Premium,2024-01-09
CUST002904,Shivani Purohit,69,Male,Delhi,Regular,2023-03-23
CUST002905,Rohan Krishnan,40,Female,Pune,Regular,2024-09-29
CUST002906,Bhavika Kar,47,Male,Bengaluru,Regular,2023-07-07
CUST002907,Radha Wadhwa,61,Male,Bengaluru,Regular,2026-02-05
CUST002908,Gabriel Bajwa,30,Female,Indore,Regular,2025-05-02
CUST002909,Samar Bandi,44,Male,Bengaluru,Premium,2026-02-07
CUST002910,Abdul Parsa,58,Female,Delhi,Regular,2025-12-13
CUST002911,Ekbal Oak,50,Other,Bengaluru,New,2023-06-12
CUST002912,Ranveer Johal,40,Male,Jaipur,Regular,2025-01-31
CUST002913,Xiti Pandey,56,Female,Chennai,New,2024-03-04
CUST002914,Ekalinga Sarna,49,Male,Delhi,New,2024-06-23
CUST002915,Ekavir Brar,37,Male,Hyderabad,New,2023-03-14
CUST002916,Harrison Dalal,51,Female,Bengaluru,Regular,2024-10-11
CUST002917,Charan Zachariah,47,Female,Ahmedabad,Regular,2024-01-25
CUST002918,Udarsh Mann,45,Male,Ahmedabad,Regular,2026-07-31
CUST002919,Madhavi Parmar,40,Female,Delhi,Premium,2022-12-12
CUST002920,Bhavna Borde,35,Female,Pune,Premium,2024-12-06
CUST002921,Zarna Tella,41,Female,Hyderabad,Regular,2023-12-27
CUST002922,Dakshesh Choudhry,56,Male,Hyderabad,Regular,2025-02-19
CUST002923,Adya Balan,27,Other,Bengaluru,Premium,2022-10-18
CUST002924,Oviya Lal,58,Male,Delhi,Regular,2023-07-06
CUST002925,Daniel Dewan,51,Female,Kolkata,New,2023-07-12
CUST002926,David Keer,41,Female,Pune,Premium,2024-10-03
CUST002927,Balendra Pal,36,Female,Mumbai,Regular,2022-12-16
CUST002928,Faris Srinivas,63,Female,Kolkata,Regular,2023-03-18
CUST002929,Benjamin Chawla,47,Female,Pune,New,2022-10-23
CUST002930,Yashica Kar,34,Male,Jaipur,Premium,2025-06-04
CUST002931,Raagini Sridhar,54,Male,Kolkata,Regular,2023-12-13
CUST002932,Ansh Bhakta,53,Male,Mumbai,Premium,2022-10-08
CUST002933,Ladli Badami,26,Female,Mumbai,Regular,2025-01-03
CUST002934,Charles Ram,65,Female,Pune,Regular,2025-11-30
CUST002935,Jeremiah Sani,25,Female,Bengaluru,Regular,2025-08-22
CUST002936,Lakshit D’Alia,28,Male,Indore,New,2024-07-09
CUST002937,Jhalak Pandey,38,Other,Ahmedabad,New,2023-06-25
CUST002938,Rajeshri Bhardwaj,25,Female,Indore,New,2023-09-02
CUST002939,George Anne,33,Female,Kolkata,Regular,2023-08-16
CUST002940,Chakradev Aurora,39,Male,Chennai,Premium,2026-05-16
CUST002941,Dakshesh Bose,19,Female,Chennai,Premium,2022-11-25
CUST002942,Reva Gole,36,Female,Chennai,Regular,2023-11-10
CUST002943,Dipta Palla,62,Male,Chennai,New,2025-03-21
CUST002944,Brinda Dayal,20,Male,Indore,Regular,2025-03-27
CUST002945,Varenya Das,63,Male,Mumbai,New,2025-06-13
CUST002946,Faraj Krishna,68,Other,Delhi,Regular,2026-08-25
CUST002947,Warda Parikh,54,Female,Delhi,Regular,2026-06-23
CUST002948,Sachi Mittal,62,Male,Pune,Regular,2024-03-21
CUST002949,Yash Vyas,34,Female,Bengaluru,New,2026-06-16
CUST002950,Eiravati Thakur,67,Male,Pune,Premium,2023-02-07
CUST002951,Hiral Roy,37,Female,Kolkata,Premium,2025-08-28
CUST002952,Ati Brar,54,Male,Pune,Regular,2023-07-11
CUST002953,Vihaan Mody,39,Male,Kolkata,New,2025-10-24
CUST002954,Jason Pradhan,44,Female,Chennai,Premium,2025-09-28
CUST002955,Balendra Keer,33,Female,Indore,Regular,2025-08-17
CUST002956,Sudiksha Comar,31,Male,Pune,Regular,2022-10-01
CUST002957,Bahadurjit Madan,35,Male,Chennai,Regular,2023-11-03
CUST002958,Charita Chad,56,Male,Jaipur,Premium,2022-11-29
CUST002959,Leena Tandon,69,Male,Ahmedabad,Regular,2022-09-27
CUST002960,Leena Sawhney,66,Male,Chennai,Regular,2022-11-05
CUST002961,Samesh Raghavan,40,Female,Kolkata,Regular,2023-06-11
CUST002962,Charles Mody,37,Male,Delhi,Regular,2022-10-16
CUST002963,Atharv Nayar,52,Male,Chennai,Regular,2026-08-01
CUST002964,Tarak Bala,62,Male,Kolkata,New,2024-02-09
CUST002965,Prisha Bhandari,31,Male,Chennai,New,2026-02-03
CUST002966,Lipika Mani,23,Female,Hyderabad,Regular,2026-04-23
CUST002967,Panini Venkataraman,44,Other,Kolkata,Regular,2023-10-07
CUST002968,Lakshmi Sibal,60,Male,Indore,Regular,2025-10-30
CUST002969,Kevin Aurora,55,Female,Kolkata,New,2023-11-08
CUST002970,Frederick Krish,58,Male,Jaipur,New,2025-12-09
CUST002971,Geetika Rana,21,Female,Indore,Regular,2022-10-27
CUST002972,Janaki Luthra,48,Female,Ahmedabad,Regular,2025-06-18
CUST002973,Advik Dash,25,Female,Delhi,Regular,2023-12-18
CUST002974,Aishani Gola,67,Female,Jaipur,Regular,2024-07-18
CUST002975,Anay Sarraf,38,Female,Hyderabad,Regular,2022-09-11
CUST002976,Balhaar Parmer,69,Female,Hyderabad,Regular,2024-09-12
CUST002977,Nilima Bhardwaj,33,Male,Jaipur,Regular,2025-02-14
CUST002978,Aradhana Murthy,69,Female,Bengaluru,Regular,2022-12-06
CUST002979,Pranit Kuruvilla,65,Female,Indore,New,2025-11-30
CUST002980,Aashi Talwar,69,Male,Bengaluru,Regular,2023-03-14
CUST002981,Owen Din,39,Male,Mumbai,New,2026-05-13
CUST002982,Viraj Contractor,30,Male,Mumbai,New,2025-06-10
CUST002983,Qarin Toor,67,Female,Indore,Regular,2026-04-26
CUST002984,Edhitha Barman,19,Female,Kolkata,Regular,2025-01-04
CUST002985,Darsh Lad,34,Male,Indore,Regular,2023-10-02
CUST002986,Ira Zachariah,52,Female,Delhi,New,2025-09-17
CUST002987,Wahab Palla,42,Male,Bengaluru,New,2023-02-14
CUST002988,Yashica Sawhney,18,Male,Indore,New,2023-02-20
CUST002989,Warjas Jani,38,Female,Hyderabad,Premium,2024-01-17
CUST002990,Ojasvi Bora,44,Male,Mumbai,Regular,2025-05-22
CUST002991,Barkha Dhar,60,Male,Delhi,Premium,2022-10-06
CUST002992,Jagvi Nayak,65,Male,Jaipur,Regular,2024-05-24
CUST002993,Upma Menon,33,Male,Indore,Regular,2025-04-21
CUST002994,Naveen Pillay,69,Other,Pune,Regular,2022-11-06
CUST002995,Mason Bal,24,Female,Kolkata,Regular,2023-02-10
CUST002996,Dhriti Vaidya,54,Male,Bengaluru,Regular,2025-09-13
CUST002997,Tanveer Radhakrishnan,59,Female,Indore,Premium,2026-03-11
CUST002998,Mason Raj,25,Male,Bengaluru,Regular,2025-11-25
CUST002999,Faras Kapur,67,Male,Delhi,Regular,2025-01-23
CUST003000,Jairaj Wable,54,Female,Mumbai,Regular,2026-01-19
CUST003001,Urmi Vohra,62,Male,Bengaluru,Regular,2024-11-14
CUST003002,Edhitha Luthra,42,Male,Ahmedabad,New,2023-06-27
CUST003003,Yagnesh Narasimhan,61,Male,Mumbai,Regular,2023-09-10
CUST003004,Vihaan Shah,48,Male,Ahmedabad,Regular,2023-12-31
CUST003005,Wridesh Saxena,30,Female,Bengaluru,Regular,2025-10-10
CUST003006,Janaki Buch,50,Female,Ahmedabad,Premium,2024-02-26
CUST003007,Janaki Sule,26,Male,Indore,Premium,2025-03-26
CUST003008,Saumya Sahota,63,Female,Chennai,Regular,2023-08-20
CUST003009,Yash Reddy,24,Female,Chennai,Premium,2025-07-11
CUST003010,Abha Mangat,37,Male,Hyderabad,Regular,2024-02-10
CUST003011,Jacob Bumb,29,Male,Ahmedabad,Regular,2024-05-24
CUST003012,Yashasvi Divan,22,Female,Ahmedabad,Regular,2025-02-08
CUST003013,Rudra Gole,66,Female,Chennai,Regular,2026-05-21
CUST003014,Alexander Ganesan,65,Male,Kolkata,Premium,2023-03-04
CUST003015,Adya Singhal,37,Female,Chennai,New,2025-10-25
CUST003016,Jonathan Bandi,22,Male,Delhi,Regular,2026-03-16
CUST003017,Arjun Ganesan,40,Female,Pune,Premium,2022-12-20
CUST003018,Yutika Wagle,29,Male,Hyderabad,Premium,2026-07-26
CUST003019,Pahal Pandya,53,Female,Pune,Regular,2023-03-14
CUST003020,Wyatt Memon,32,Female,Indore,Regular,2023-03-01
CUST003021,Gayathri Chokshi,47,Other,Bengaluru,Regular,2025-09-23
CUST003022,Ethan Pant,58,Female,Ahmedabad,Regular,2024-07-26
CUST003023,Shivani Sarin,35,Male,Hyderabad,New,2023-11-21
CUST003024,Krish Goswami,57,Female,Bengaluru,Regular,2025-09-26
CUST003025,Max Amble,50,Male,Pune,Regular,2025-03-08
CUST003026,Sudiksha Raghavan,31,Female,Chennai,Regular,2024-01-08
CUST003027,Patrick Trivedi,56,Male,Chennai,New,2025-09-24
CUST003028,Gunbir Kata,32,Female,Bengaluru,Regular,2023-12-03
CUST003029,Harita Bava,30,Male,Bengaluru,New,2025-01-21
CUST003030,Bhavika Naidu,61,Female,Bengaluru,Premium,2024-04-16
CUST003031,Pranav Dhar,29,Male,Pune,Regular,2022-11-02
CUST003032,Qushi Venkataraman,58,Male,Ahmedabad,Regular,2023-11-04
CUST003033,Hardik Palan,66,Male,Indore,New,2023-11-14
CUST003034,Jagat Mani,25,Female,Bengaluru,Regular,2023-10-28
CUST003035,Reva Kapur,18,Female,Indore,Regular,2026-06-04
CUST003036,Bhavya Lad,42,Male,Pune,Regular,2025-03-27
CUST003037,Vincent Mallick,57,Male,Delhi,Regular,2023-04-05
CUST003038,Samuel Trivedi,47,Female,Kolkata,Regular,2025-11-13
CUST003039,Ayaan Baral,50,Male,Pune,Regular,2026-06-12
CUST003040,Abeer Suresh,45,Male,Pune,Regular,2026-03-14
CUST003041,Kala Jani,38,Male,Chennai,Regular,2023-11-09
CUST003042,Sai Verma,32,Male,Mumbai,New,2023-03-13
CUST003043,Chakrika Choudhary,46,Male,Mumbai,Regular,2025-09-14
CUST003044,Sai Sankaran,34,Female,Ahmedabad,Regular,2024-10-03
CUST003045,Gabriel Devan,58,Male,Mumbai,Regular,2023-11-04
CUST003046,Irya Brar,38,Other,Kolkata,Premium,2025-10-28
CUST003047,Falan Narain,26,Female,Hyderabad,Regular,2023-04-29
CUST003048,Anya Setty,69,Female,Mumbai,Regular,2025-05-04
CUST003049,Divya Barad,41,Male,Indore,Regular,2024-07-02
CUST003050,Eesha Gupta,50,Other,Jaipur,New,2026-03-28
CUST003051,Abhiram Korpal,66,Other,Bengaluru,Regular,2023-03-29
CUST003052,Thomas Hayre,39,Male,Indore,New,2023-10-15
CUST003053,Max Sundaram,64,Female,Chennai,Regular,2026-02-13
CUST003054,Watika Mandal,41,Male,Bengaluru,Regular,2023-03-21
CUST003055,Gaurang Varty,40,Male,Pune,New,2026-04-21
CUST003056,Aarush Saraf,55,Male,Ahmedabad,Regular,2022-12-11
CUST003057,Sathvik Gokhale,58,Male,Delhi,Regular,2022-10-28
CUST003058,Adya Rai,56,Male,Hyderabad,Regular,2025-05-05
CUST003059,Ikshita Sule,62,Other,Bengaluru,Regular,2024-11-30
CUST003060,Charita Kata,41,Male,Ahmedabad,Regular,2026-05-19
CUST003061,Vedhika Suri,56,Female,Ahmedabad,Regular,2026-01-17
CUST003062,Ishanvi Srivastava,49,Male,Indore,Regular,2023-11-30
CUST003063,Theodore Chowdhury,44,Male,Jaipur,Regular,2026-05-28
CUST003064,Oni Sekhon,58,Male,Pune,Regular,2024-01-16
CUST003065,Pavani D’Alia,40,Male,Kolkata,Premium,2023-05-29
CUST003066,Eiravati Comar,47,Male,Pune,Regular,2024-02-19
CUST003067,Kabir Sule,58,Male,Hyderabad,Regular,2026-03-26
CUST003068,Nisha Keer,26,Male,Indore,New,2022-10-12
CUST003069,Amrita Tripathi,64,Male,Kolkata,New,2023-07-29
CUST003070,Darsh Naidu,31,Female,Indore,Regular,2023-10-09
CUST003071,Nisha Raman,68,Male,Ahmedabad,Regular,2026-02-05
CUST003072,Pavani Rastogi,45,Female,Delhi,Regular,2023-10-07
CUST003073,Amrita Sunder,50,Female,Kolkata,New,2025-10-03
CUST003074,Harinakshi Bath,47,Female,Indore,New,2023-12-21
CUST003075,Nimrat Kant,59,Female,Ahmedabad,New,2025-02-03
CUST003076,Samuel Choudhary,68,Male,Delhi,Regular,2025-04-07
CUST003077,Kai Zacharia,20,Female,Ahmedabad,Regular,2022-09-28
CUST003078,Ladli Chana,62,Male,Kolkata,New,2025-12-23
CUST003079,Ira Bhatnagar,66,Male,Pune,Regular,2025-06-11
CUST003080,Zilmil Kade,40,Male,Jaipur,Regular,2024-03-13
CUST003081,Naksh Wason,58,Female,Hyderabad,Regular,2024-05-04
CUST003082,Bina Edwin,42,Female,Jaipur,Regular,2026-07-13
CUST003083,Garima Sachdev,50,Female,Indore,Regular,2023-07-29
CUST003084,Agastya Banik,23,Female,Ahmedabad,Premium,2026-04-03
CUST003085,Harsh Thaker,32,Female,Pune,New,2024-05-08
CUST003086,Brijesh Dugar,38,Male,Bengaluru,Premium,2023-11-11
CUST003087,Arjun Karpe,29,Female,Hyderabad,New,2025-05-06
CUST003088,Bahadurjit Magar,55,Female,Bengaluru,New,2025-11-05
CUST003089,Krishna Rattan,65,Female,Hyderabad,Regular,2023-03-20
CUST003090,Frado Bose,68,Female,Kolkata,Regular,2022-12-21
CUST003091,Anmol Aurora,55,Female,Delhi,New,2025-10-25
CUST003092,Girish Raman,26,Female,Mumbai,Regular,2023-06-26
CUST003093,Ekiya Sandal,38,Female,Pune,New,2024-11-01
CUST003094,Chasmum Mahal,63,Male,Kolkata,Regular,2024-08-10
CUST003095,Harish Lalla,56,Male,Kolkata,New,2025-06-13
CUST003096,Krisha Manne,51,Male,Bengaluru,New,2024-06-26
CUST003097,Tristan Ray,52,Male,Pune,Regular,2025-01-16
CUST003098,Vasudha Mane,58,Female,Jaipur,Regular,2026-07-09
CUST003099,Lavanya Badal,30,Female,Bengaluru,Regular,2024-10-09
CUST003100,Kashish Chokshi,55,Male,Delhi,Premium,2024-07-31
CUST003101,Aryan Ranganathan,63,Male,Pune,Regular,2025-12-09
CUST003102,Sanya Pingle,50,Male,Indore,Regular,2024-09-07
CUST003103,Deepa Natarajan,34,Female,Hyderabad,Regular,2023-04-09
CUST003104,Girish Gara,34,Male,Mumbai,Regular,2023-07-17
CUST003105,Zaid Chacko,56,Female,Delhi,Regular,2023-04-05
CUST003106,Urvashi Virk,52,Female,Jaipur,Premium,2025-09-25
CUST003107,Daniel Tak,39,Female,Delhi,Regular,2023-09-24
CUST003108,Deepa Nazareth,53,Female,Ahmedabad,New,2026-03-17
CUST003109,Balhaar Nagy,18,Female,Bengaluru,Regular,2025-08-03
CUST003110,Abdul Loyal,48,Female,Kolkata,Regular,2025-08-05
CUST003111,Vrinda Tata,36,Male,Hyderabad,Regular,2023-12-28
CUST003112,Ekanta Shenoy,45,Female,Indore,New,2025-09-03
CUST003113,Yoshita Bumb,69,Male,Jaipur,Regular,2026-07-30
CUST003114,Pavani Brahmbhatt,31,Male,Indore,Regular,2024-04-03
CUST003115,Agastya Edwin,37,Other,Ahmedabad,Regular,2024-11-13
CUST003116,Ojas Hora,39,Female,Bengaluru,Regular,2024-07-08
CUST003117,Balvan Samra,64,Female,Hyderabad,Regular,2024-10-06
CUST003118,Vidhi Dey,19,Male,Jaipur,Regular,2025-11-04
CUST003119,Mohini Andra,44,Female,Delhi,Regular,2023-12-02
CUST003120,Radhika Menon,18,Male,Chennai,Regular,2025-09-20
CUST003121,Ekantika Prabhu,33,Female,Pune,New,2025-01-20
CUST003122,Lohit Mannan,58,Male,Jaipur,Premium,2024-11-18
CUST003123,Kamya Venkataraman,22,Male,Kolkata,Regular,2025-03-25
CUST003124,Urmi Shere,64,Female,Hyderabad,Regular,2023-07-22
CUST003125,Krishna Gala,69,Female,Indore,Regular,2024-11-20
CUST003126,Advaith Nadkarni,43,Female,Ahmedabad,New,2024-06-05
CUST003127,Mason Singhal,31,Male,Jaipur,Regular,2022-12-11
CUST003128,Devika Guha,27,Male,Jaipur,Regular,2023-07-04
CUST003129,Tara Narayanan,24,Female,Indore,New,2023-01-23
CUST003130,Upadhriti Dugar,37,Male,Indore,Regular,2022-12-10
CUST003131,Upkaar Pai,36,Female,Kolkata,Premium,2025-05-01
CUST003132,Reyansh Maharaj,23,Male,Kolkata,New,2023-11-13
CUST003133,Damini Pillai,66,Male,Pune,Regular,2025-04-25
CUST003134,Aachal Jain,25,Male,Bengaluru,Regular,2022-12-27
CUST003135,Harshil Kalita,59,Male,Kolkata,Premium,2023-11-06
CUST003136,Adya Chaudry,29,Male,Kolkata,Regular,2023-03-13
CUST003137,Ganga Malhotra,42,Male,Delhi,Regular,2026-02-03
CUST003138,Shaurya Ganguly,18,Male,Hyderabad,Regular,2022-09-02
CUST003139,Tarak Chand,63,Female,Chennai,New,2026-08-12
CUST003140,Luke Gala,67,Female,Jaipur,Premium,2024-09-05
CUST003141,Ekiya Brahmbhatt,67,Female,Indore,New,2026-06-20
CUST003142,Laksh Vaidya,31,Female,Delhi,New,2026-02-02
CUST003143,Pavani Sodhi,49,Female,Ahmedabad,New,2024-01-19
CUST003144,Xiti Dalal,37,Female,Indore,Regular,2023-09-07
CUST003145,Krishna Rajan,45,Female,Chennai,New,2025-08-30
CUST003146,Isha Muni,21,Female,Hyderabad,Regular,2026-03-23
CUST003147,Farhan Kala,40,Female,Jaipur,Premium,2023-05-14
CUST003148,Luke Sarkar,30,Female,Delhi,New,2025-01-15
CUST003149,Vrishti Krishna,54,Male,Delhi,New,2025-07-28
CUST003150,Radhika Pall,49,Female,Indore,Regular,2023-06-01
CUST003151,Jasmit Shukla,61,Female,Jaipur,Regular,2025-12-08
CUST003152,Panini Kala,39,Female,Ahmedabad,Regular,2025-04-13
CUST003153,Lavanya Prasad,46,Male,Chennai,Regular,2023-06-03
CUST003154,Rohan Sathe,63,Female,Hyderabad,Regular,2024-03-11
CUST003155,Abdul Mukherjee,57,Female,Jaipur,Regular,2024-01-21
CUST003156,Jyoti Kulkarni,62,Male,Kolkata,Regular,2024-10-18
CUST003157,Anjali Bandi,54,Male,Ahmedabad,New,2025-05-30
CUST003158,Varenya Rao,49,Male,Pune,Regular,2022-11-05
CUST003159,Anusha Bhandari,48,Male,Pune,Regular,2025-02-02
CUST003160,Urishilla Sha,33,Male,Ahmedabad,Regular,2024-09-28
CUST003161,Urvashi Chawla,51,Female,Mumbai,Regular,2022-10-27
CUST003162,Ayush Dua,28,Female,Ahmedabad,Regular,2025-08-29
CUST003163,Karan Butala,26,Male,Hyderabad,Premium,2024-06-10
CUST003164,Daksh Sawhney,46,Female,Hyderabad,Regular,2025-05-15
CUST003165,Dipta Chatterjee,18,Male,Chennai,Regular,2026-04-22
CUST003166,Rishi Badal,56,Male,Hyderabad,New,2024-01-27
CUST003167,Omkaar Peri,43,Male,Ahmedabad,Regular,2024-11-08
CUST003168,Neha Saha,51,Male,Mumbai,Regular,2026-03-22
CUST003169,Dhruv Hans,55,Female,Delhi,Regular,2026-03-02
CUST003170,Amara Chacko,42,Male,Pune,Regular,2023-05-24
CUST003171,Chaitanya Majumdar,28,Female,Hyderabad,New,2025-03-31
CUST003172,Yashasvi Rout,37,Female,Delhi,New,2023-05-24
CUST003173,Deepa Mahal,21,Male,Jaipur,Regular,2025-01-15
CUST003174,Jacob Om,55,Female,Jaipur,Premium,2024-08-22
CUST003175,Ubika Chakrabarti,58,Male,Mumbai,New,2023-02-25
CUST003176,Qabil Chadha,38,Male,Hyderabad,Regular,2023-06-13
CUST003177,Anmol Gara,63,Female,Jaipur,Regular,2026-01-05
CUST003178,Teerth Prasad,31,Male,Delhi,New,2024-08-13
CUST003179,Yatin Morar,57,Male,Ahmedabad,Regular,2026-03-21
CUST003180,Kevin Mukherjee,22,Male,Delhi,New,2022-11-19
CUST003181,Bhavini Gokhale,24,Female,Bengaluru,Premium,2023-11-05
CUST003182,Diya Sachdev,48,Female,Jaipur,Premium,2023-08-15
CUST003183,Anjali Iyengar,28,Female,Hyderabad,Regular,2023-05-31
CUST003184,Aashi Sarraf,49,Female,Mumbai,Regular,2023-10-13
CUST003185,Vrishti Pant,51,Male,Jaipur,Regular,2025-02-12
CUST003186,Ikshita Virk,27,Male,Jaipur,New,2024-07-27
CUST003187,Balhaar Rajan,35,Female,Indore,Regular,2023-04-27
CUST003188,Radha Palan,35,Female,Chennai,Premium,2025-05-28
CUST003189,Sarthak Oommen,51,Female,Hyderabad,New,2025-08-19
CUST003190,Gautam Varghese,62,Female,Pune,Premium,2025-12-12
CUST003191,Aarna Kamdar,62,Male,Mumbai,Regular,2024-08-24
CUST003192,Azad D’Alia,33,Male,Mumbai,Regular,2024-11-09
CUST003193,Vaishnavi Dey,36,Female,Chennai,Regular,2024-08-23
CUST003194,Kashish Purohit,62,Male,Mumbai,Regular,2025-06-16
CUST003195,Ekantika Cheema,65,Female,Jaipur,New,2025-05-02
CUST003196,Abhiram Dutt,35,Male,Jaipur,Regular,2024-06-13
CUST003197,Gaurika Nayar,32,Female,Kolkata,Regular,2025-05-31
CUST003198,Rachit Parmar,21,Female,Hyderabad,New,2023-12-17
CUST003199,Unni Grewal,40,Male,Hyderabad,New,2025-11-09
CUST003200,Reva Shan,28,Male,Indore,Regular,2025-03-08
CUST003201,Mohini Solanki,35,Female,Bengaluru,New,2026-03-16
CUST003202,Zayyan Prakash,67,Female,Bengaluru,Regular,2025-03-19
CUST003203,Vasudha Rattan,35,Male,Delhi,New,2023-12-08
CUST003204,Vivaan Tripathi,52,Female,Chennai,Regular,2023-02-12
CUST003205,Pooja Luthra,68,Male,Delhi,Regular,2025-02-11
CUST003206,Ayush Gade,25,Female,Kolkata,New,2024-11-01
CUST003207,Charita Viswanathan,23,Male,Ahmedabad,Regular,2023-07-03
CUST003208,Kalpit Nath,62,Female,Jaipur,Regular,2026-01-04
CUST003209,Gautam More,67,Female,Bengaluru,Regular,2026-01-11
CUST003210,Hiral Shanker,67,Male,Ahmedabad,New,2024-05-05
CUST003211,Triveni Acharya,28,Male,Jaipur,New,2025-06-17
CUST003212,Sai Gera,42,Female,Chennai,Regular,2023-12-10
CUST003213,Faris Goyal,27,Male,Bengaluru,Premium,2023-08-30
CUST003214,Rajeshri Chana,35,Male,Hyderabad,Regular,2025-09-26
CUST003215,Mitesh Prasad,28,Female,Ahmedabad,Premium,2022-09-05
CUST003216,Nathaniel Padmanabhan,55,Female,Ahmedabad,New,2023-01-31
CUST003217,Meera Kala,34,Female,Mumbai,New,2026-07-17
CUST003218,Krisha Sheth,53,Female,Indore,Premium,2025-08-30
CUST003219,Gopal Ram,69,Male,Ahmedabad,Regular,2023-03-16
CUST003220,Kiaan Ratta,26,Female,Ahmedabad,Regular,2025-12-12
CUST003221,Barkha Samra,57,Female,Ahmedabad,Premium,2025-03-13
CUST003222,Ekbal Palan,22,Female,Mumbai,Regular,2024-09-25
CUST003223,Tristan Gokhale,26,Male,Jaipur,Premium,2025-12-03
CUST003224,Jyoti Pathak,49,Female,Mumbai,Regular,2024-02-07
CUST003225,Mitali Brahmbhatt,36,Female,Mumbai,Premium,2025-05-27
CUST003226,Lakshit Tata,34,Female,Ahmedabad,Regular,2023-06-17
CUST003227,Siddharth Mittal,20,Female,Bengaluru,Regular,2024-07-05
CUST003228,Harinakshi Rajagopalan,37,Male,Pune,Premium,2025-06-10
CUST003229,Pavani Dora,32,Male,Hyderabad,Premium,2023-11-14
CUST003230,Lila Srivastava,69,Male,Ahmedabad,New,2022-10-22
CUST003231,Oviya Gola,40,Female,Delhi,Premium,2023-05-10
CUST003232,Zansi Cherian,20,Male,Bengaluru,Regular,2024-08-20
CUST003233,Hiral Chaudhuri,32,Male,Pune,Regular,2025-06-12
CUST003234,Advik Dyal,61,Male,Kolkata,New,2024-01-06
CUST003235,Yashica Rajagopalan,43,Female,Pune,New,2025-07-30
CUST003236,Advay Sunder,31,Female,Delhi,New,2025-06-09
CUST003237,Pahal Bhagat,55,Female,Delhi,Regular,2023-12-12
CUST003238,Aarna D’Alia,58,Male,Jaipur,Regular,2025-03-23
CUST003239,Yadavi Pradhan,54,Male,Indore,Regular,2025-12-24
CUST003240,Gautami Warrior,62,Male,Chennai,Premium,2024-03-17
CUST003241,Praneel Samra,65,Other,Ahmedabad,Regular,2024-12-01
CUST003242,Fariq Doctor,50,Female,Hyderabad,Regular,2022-09-08
CUST003243,Aarna Hora,34,Female,Chennai,Regular,2024-11-05
CUST003244,Radhika Bava,39,Male,Bengaluru,New,2024-08-19
CUST003245,Balveer Dara,38,Male,Bengaluru,Regular,2026-05-08
CUST003246,Triveni Peri,49,Male,Mumbai,Premium,2022-11-14
CUST003247,Zayyan Sandal,51,Male,Delhi,New,2024-02-04
CUST003248,Arjun Loke,36,Male,Mumbai,Regular,2023-06-02
CUST003249,Ishanvi Sahni,63,Female,Kolkata,Regular,2022-09-25
CUST003250,Ekta Mishra,57,Female,Mumbai,Regular,2025-05-12
CUST003251,Isaac Parikh,57,Female,Kolkata,Regular,2025-10-08
CUST003252,Meghana Kothari,31,Male,Mumbai,Regular,2023-05-28
CUST003253,Girindra Date,41,Female,Indore,New,2025-10-01
CUST003254,Wakeeta Sankar,68,Other,Delhi,New,2026-06-15
CUST003255,Hemani Shanker,48,Female,Mumbai,Regular,2025-08-03
CUST003256,Tara Baria,45,Male,Chennai,Regular,2022-12-25
CUST003257,Kashish Barad,27,Female,Mumbai,Regular,2023-04-13
CUST003258,Lavanya Vala,61,Female,Jaipur,Regular,2025-09-28
CUST003259,Geetika Mittal,49,Female,Indore,Regular,2024-06-15
CUST003260,Anthony Gour,64,Male,Hyderabad,Regular,2025-11-01
CUST003261,Fariq Sant,38,Female,Hyderabad,Regular,2023-02-25
CUST003262,Advika Mitter,18,Female,Pune,Regular,2025-04-11
CUST003263,Chandran Prasad,51,Male,Mumbai,Premium,2025-02-04
CUST003264,Tanveer Sarkar,23,Female,Delhi,Regular,2023-10-29
CUST003265,Aradhana Thaker,43,Female,Indore,Regular,2025-07-07
CUST003266,Mohini Golla,40,Female,Kolkata,New,2025-07-17
CUST003267,Anjali Ahluwalia,47,Female,Hyderabad,Regular,2024-05-22
CUST003268,Anirudh Sachdeva,66,Male,Mumbai,Premium,2025-06-14
CUST003269,Anvi Loke,24,Female,Delhi,Regular,2024-08-16
CUST003270,Gunbir Kant,64,Male,Hyderabad,Premium,2023-08-13
CUST003271,Ekta Kant,46,Male,Delhi,Regular,2022-12-05
CUST003272,Triveni Salvi,65,Female,Mumbai,Regular,2025-05-11
CUST003273,Lopa Soni,57,Male,Chennai,New,2026-08-12
CUST003274,Hemal Oak,65,Female,Ahmedabad,Regular,2024-01-07
CUST003275,Sai Doshi,41,Male,Ahmedabad,Regular,2024-08-15
CUST003276,Shivansh Walia,59,Female,Pune,Regular,2025-08-16
CUST003277,Madhavi Kumer,26,Male,Mumbai,New,2024-05-15
CUST003278,Farhan Sur,53,Female,Pune,Regular,2025-01-16
CUST003279,Fiyaz Johal,41,Other,Ahmedabad,Regular,2025-11-02
CUST003280,Daksha Manne,26,Female,Delhi,Regular,2025-11-07
CUST003281,Siya Sibal,18,Male,Delhi,Regular,2022-10-13
CUST003282,Ojas Pandey,22,Female,Bengaluru,New,2025-01-22
CUST003283,Ojasvi Bajaj,30,Female,Chennai,Regular,2025-11-08
CUST003284,Vritti Keer,63,Male,Pune,Regular,2024-04-02
CUST003285,Kritika Dasgupta,42,Male,Pune,New,2023-01-26
CUST003286,Tejas Kakar,37,Male,Kolkata,New,2023-02-16
CUST003287,Pranav Dutt,40,Male,Chennai,Regular,2025-12-02
CUST003288,Nilima Pandey,38,Male,Mumbai,New,2025-11-08
CUST003289,Omya Mallick,67,Male,Kolkata,Premium,2024-01-07
CUST003290,Hitesh Nadkarni,25,Male,Ahmedabad,Regular,2024-10-17
CUST003291,Umang Raval,36,Male,Kolkata,Regular,2024-10-05
CUST003292,Bhavini Sengupta,27,Male,Chennai,New,2023-04-29
CUST003293,Mugdha Mani,62,Male,Hyderabad,Regular,2022-09-03
CUST003294,Ucchal Gera,28,Female,Mumbai,New,2025-07-25
CUST003295,Leela Sahota,22,Female,Mumbai,Regular,2024-06-08
CUST003296,Ranbir Balakrishnan,30,Female,Hyderabad,Regular,2025-04-16
CUST003297,Lakshit Thakur,63,Female,Chennai,Premium,2023-01-01
CUST003298,Arin Nair,58,Female,Indore,New,2025-04-02
CUST003299,Ojas Sodhi,47,Female,Jaipur,Regular,2025-07-27
CUST003300,Kamala Bajaj,25,Male,Mumbai,Regular,2025-10-26
CUST003301,Yasti Hans,36,Female,Kolkata,Regular,2026-04-10
CUST003302,Tanvi Pillay,53,Female,Hyderabad,Premium,2025-09-25
CUST003303,Parth Sodhi,47,Female,Ahmedabad,Regular,2026-08-23
CUST003304,Ekantika Deo,24,Male,Kolkata,Premium,2023-11-27
CUST003305,Azaan Jhaveri,52,Female,Mumbai,Regular,2025-02-11
CUST003306,Tripti Konda,67,Male,Mumbai,Regular,2025-07-26
CUST003307,Wyatt Goel,49,Male,Indore,New,2024-08-14
CUST003308,Garima Dutta,56,Female,Bengaluru,Regular,2023-09-13
CUST003309,Ekaraj Amble,39,Male,Hyderabad,Regular,2025-11-03
CUST003310,Niharika Venkatesh,57,Male,Bengaluru,New,2024-08-28
CUST003311,Ekavir Sahni,58,Female,Kolkata,Regular,2023-10-06
CUST003312,Arjun Sarna,18,Male,Delhi,Regular,2024-09-13
CUST003313,Brinda Rao,67,Female,Delhi,Regular,2026-03-07
CUST003314,Januja Ratta,66,Male,Hyderabad,Regular,2025-09-15
CUST003315,Priya Dash,25,Female,Indore,Premium,2023-02-05
CUST003316,Adweta Choudhury,57,Female,Mumbai,Regular,2025-09-23
CUST003317,Jeevika Sachar,32,Male,Chennai,Regular,2025-06-13
CUST003318,Lucky Kibe,66,Female,Hyderabad,New,2026-01-15
CUST003319,Shivansh Lalla,51,Male,Kolkata,New,2023-01-26
CUST003320,Ethan Shanker,34,Female,Pune,Regular,2026-06-25
CUST003321,Yash Lad,65,Female,Chennai,New,2024-02-11
CUST003322,Sai Narayanan,67,Male,Bengaluru,New,2026-01-03
CUST003323,Aarna Maharaj,48,Female,Ahmedabad,Premium,2025-03-09
CUST003324,Logan Divan,29,Male,Delhi,Regular,2024-11-16
CUST003325,Atharv Kant,44,Female,Jaipur,New,2026-05-27
CUST003326,Janani Manne,54,Male,Chennai,Premium,2023-12-18
CUST003327,Dalaja Soman,32,Female,Indore,New,2025-09-09
CUST003328,Chaitaly Dubey,40,Male,Kolkata,Regular,2025-10-27
CUST003329,Manan Master,47,Male,Ahmedabad,Regular,2026-04-24
CUST003330,Aarini Kari,64,Male,Mumbai,New,2022-10-11
CUST003331,Chavvi Divan,64,Male,Chennai,Regular,2025-02-21
CUST003332,Aashi Patla,43,Male,Pune,New,2025-09-22
CUST003333,Vansha Garde,54,Male,Delhi,Regular,2024-02-14
CUST003334,Yachana Murthy,63,Female,Delhi,Premium,2024-11-18
CUST003335,Kritika Sundaram,19,Male,Chennai,Regular,2025-06-01
CUST003336,Vasatika Gill,39,Female,Hyderabad,Regular,2024-09-18
CUST003337,Akshay Bhattacharyya,53,Female,Bengaluru,New,2024-02-11
CUST003338,Dayamai Jhaveri,29,Male,Pune,Regular,2023-08-12
CUST003339,Arunima Dar,40,Female,Mumbai,Regular,2025-06-03
CUST003340,Ishanvi Tara,62,Female,Kolkata,Regular,2024-08-11
CUST003341,Vedant Jain,35,Female,Delhi,Regular,2024-03-15
CUST003342,Mohini Chaudhary,22,Female,Jaipur,Regular,2024-01-22
CUST003343,Anika Warrior,37,Male,Ahmedabad,Regular,2026-04-05
CUST003344,Daksh Sekhon,41,Female,Chennai,Regular,2025-01-25
CUST003345,Yash Kunda,41,Female,Jaipur,Regular,2026-01-18
CUST003346,Yash Kari,29,Female,Hyderabad,Regular,2025-08-04
CUST003347,Peter Baria,63,Male,Pune,Regular,2025-04-01
CUST003348,Arunima Chand,57,Male,Delhi,Regular,2025-10-26
CUST003349,Devansh Deo,46,Male,Delhi,Regular,2024-11-17
CUST003350,Darsh Johal,62,Male,Jaipur,Regular,2023-08-17
CUST003351,Vansha Shetty,32,Male,Delhi,Premium,2023-01-28
CUST003352,Eiravati Bora,44,Male,Hyderabad,New,2023-06-30
CUST003353,Jackson Sathe,20,Female,Indore,Regular,2023-01-05
CUST003354,Rudra Chaudhry,62,Male,Indore,New,2024-12-18
CUST003355,Vidhi Mital,46,Female,Ahmedabad,Regular,2025-01-29
CUST003356,Qushi Choudhury,56,Female,Delhi,Premium,2025-09-20
CUST003357,Robert Shan,21,Male,Bengaluru,Regular,2022-08-29
CUST003358,Niharika Madan,50,Male,Jaipur,Regular,2024-10-02
CUST003359,Falguni Tripathi,45,Female,Chennai,Regular,2024-09-17
CUST003360,Chandani Lalla,30,Female,Pune,Premium,2026-05-07
CUST003361,Harita Maharaj,69,Male,Jaipur,Regular,2025-07-16
CUST003362,Ria Choudhury,30,Male,Indore,Regular,2025-11-16
CUST003363,Vinaya Ahuja,24,Female,Chennai,Regular,2024-01-06
CUST003364,Warhi Gade,45,Male,Hyderabad,Regular,2023-06-02
CUST003365,Rachana Modi,48,Female,Bengaluru,Regular,2023-01-22
CUST003366,Hema Yohannan,27,Female,Delhi,Regular,2026-02-26
CUST003367,Rishi Chopra,46,Male,Bengaluru,Regular,2025-11-26
CUST003368,Tanay Mohanty,60,Female,Mumbai,Regular,2024-10-16
CUST003369,Ekaja Wali,31,Male,Hyderabad,Regular,2024-08-31
CUST003370,Charita Kade,60,Male,Delhi,Premium,2025-02-01
CUST003371,Ekiya Dugar,39,Female,Pune,New,2023-06-23
CUST003372,Onveer Dugar,58,Female,Kolkata,New,2025-04-02
CUST003373,Eshana Varty,19,Female,Kolkata,Regular,2024-09-02
CUST003374,Amruta Karnik,69,Male,Mumbai,Regular,2026-08-17
CUST003375,Urmi Mitter,53,Female,Hyderabad,Premium,2024-03-27
CUST003376,Damini Nath,53,Female,Bengaluru,Regular,2025-09-30
CUST003377,Divya Sengupta,35,Female,Indore,Regular,2023-12-20
CUST003378,Maya Sahni,32,Other,Chennai,Premium,2022-09-06
CUST003379,Christopher Rege,37,Male,Bengaluru,Regular,2024-02-29
CUST003380,Tanmayi Mahal,68,Female,Delhi,Regular,2022-09-28
CUST003381,Sathvik Kunda,56,Female,Indore,Regular,2023-11-29
CUST003382,Arjun Nagy,42,Male,Ahmedabad,New,2024-06-23
CUST003383,Eshana Iyengar,29,Male,Bengaluru,Regular,2026-01-18
CUST003384,Yahvi Sarraf,22,Female,Pune,Premium,2026-04-20
CUST003385,Hredhaan Borde,56,Male,Kolkata,Regular,2023-09-10
CUST003386,Eshana Srinivasan,69,Female,Kolkata,Regular,2025-09-22
CUST003387,Chakradhar Ramakrishnan,54,Female,Hyderabad,Regular,2025-08-01
CUST003388,Zaid Mammen,49,Female,Jaipur,Regular,2025-03-28
CUST003389,Daniel Chaudhuri,46,Female,Pune,New,2022-11-24
CUST003390,Anya Yogi,60,Male,Mumbai,Regular,2024-03-24
CUST003391,Bhavani Choudhry,32,Female,Ahmedabad,Regular,2024-08-30
CUST003392,Ethan Nair,34,Male,Kolkata,New,2025-12-15
CUST003393,Max Dora,47,Male,Jaipur,Premium,2025-03-02
CUST003394,Ryan Chakrabarti,69,Male,Mumbai,New,2024-07-09
CUST003395,Falak Lad,47,Male,Kolkata,Regular,2025-01-09
CUST003396,Anthony Dey,52,Female,Delhi,Regular,2025-12-10
CUST003397,Dipta Patel,53,Female,Indore,Regular,2026-07-05
CUST003398,Tanish Gour,62,Male,Chennai,Regular,2024-01-10
CUST003399,Vedant Sharma,21,Male,Ahmedabad,New,2024-03-13
CUST003400,Rushil Lad,32,Male,Hyderabad,Regular,2023-09-29
CUST003401,Logan Dar,57,Male,Bengaluru,Regular,2025-05-22
CUST003402,Prisha Randhawa,53,Female,Hyderabad,Premium,2026-02-01
CUST003403,Chanakya Wadhwa,48,Male,Hyderabad,Regular,2022-11-30
CUST003404,Amol Sarkar,45,Male,Hyderabad,Regular,2022-10-17
CUST003405,Vyanjana Mandal,49,Male,Indore,Premium,2025-02-06
CUST003406,Ekalinga Borra,47,Male,Kolkata,Regular,2025-01-23
CUST003407,Isaiah Wali,42,Male,Ahmedabad,New,2023-05-01
CUST003408,Upadhriti Halder,30,Male,Bengaluru,Regular,2025-11-09
CUST003409,Raagini Malhotra,53,Male,Bengaluru,Regular,2024-08-21
CUST003410,Max Narayanan,33,Female,Pune,Regular,2022-12-20
CUST003411,Harinakshi Setty,29,Female,Ahmedabad,Regular,2024-11-25
CUST003412,Ansh Ratti,49,Female,Indore,Regular,2025-02-06
CUST003413,Abeer Ramakrishnan,60,Female,Ahmedabad,New,2022-09-27
CUST003414,Umang Naidu,56,Female,Jaipur,New,2024-06-22
CUST003415,Aashi Kapoor,27,Male,Bengaluru,Regular,2025-02-21
CUST003416,Tanvi Iyer,67,Male,Chennai,Premium,2025-12-07
CUST003417,Michael Gulati,58,Male,Hyderabad,Premium,2025-12-11
CUST003418,Samuel Morar,58,Male,Ahmedabad,Regular,2023-06-07
CUST003419,Atharv Walla,53,Female,Mumbai,New,2025-03-21
CUST003420,Joshua Zachariah,31,Male,Jaipur,Regular,2024-02-21
CUST003421,Falak Murty,34,Male,Bengaluru,New,2026-08-10
CUST003422,Sathvik Jaggi,34,Female,Indore,New,2023-12-12
CUST003423,Panini Madan,19,Female,Jaipur,Regular,2023-08-25
CUST003424,Isha Bala,38,Female,Jaipur,New,2023-03-30
CUST003425,Jatin Prashad,61,Female,Kolkata,Regular,2022-10-07
CUST003426,Sathvik Rai,43,Male,Hyderabad,Regular,2022-11-13
CUST003427,Reva Rastogi,43,Female,Kolkata,Regular,2023-07-03
CUST003428,Lajita Dash,48,Male,Kolkata,Premium,2023-01-20
CUST003429,Yashawini Varty,47,Female,Mumbai,Regular,2023-03-06
CUST003430,Shaurya Dara,39,Female,Kolkata,New,2024-09-26
CUST003431,Edhitha Sagar,51,Male,Delhi,Premium,2023-06-21
CUST003432,Gautam Tripathi,40,Male,Bengaluru,Premium,2024-03-10
CUST003433,Aadhya Trivedi,34,Female,Bengaluru,Regular,2023-02-18
CUST003434,Amol Amble,30,Male,Kolkata,New,2024-04-10
CUST003435,Mugdha Chaudhry,46,Female,Ahmedabad,Regular,2024-03-01
CUST003436,Dayita Bhattacharyya,45,Female,Ahmedabad,New,2024-07-03
CUST003437,Veer Chad,44,Female,Ahmedabad,Regular,2025-06-04
CUST003438,Urishilla Babu,28,Female,Delhi,Regular,2023-10-29
CUST003439,Chakradev Dhaliwal,38,Male,Hyderabad,Regular,2026-04-06
CUST003440,Peter Andra,30,Female,Jaipur,Regular,2023-03-15
CUST003441,Logan Singhal,44,Female,Chennai,Regular,2025-11-25
CUST003442,Darsh Kadakia,36,Other,Indore,New,2026-05-05
CUST003443,Kamya Sachdeva,39,Female,Kolkata,New,2026-02-27
CUST003444,Oni Gera,49,Female,Delhi,Regular,2023-05-27
CUST003445,Pratyush Patla,50,Male,Chennai,Premium,2026-05-25
CUST003446,Nicholas Balan,64,Female,Jaipur,Regular,2024-10-09
CUST003447,Damini Raval,40,Male,Mumbai,Regular,2025-04-26
CUST003448,Alka Nagi,42,Female,Chennai,Regular,2022-10-12
CUST003449,Garima Balakrishnan,44,Male,Chennai,Regular,2026-06-09
CUST003450,Bakhshi Dhawan,33,Male,Bengaluru,New,2026-07-18
CUST003451,Chakradhar Zacharia,25,Female,Hyderabad,New,2024-04-05
CUST003452,Nakul Chaudhry,43,Male,Kolkata,Regular,2022-09-21
CUST003453,Udant Chanda,26,Other,Jaipur,New,2024-06-11
CUST003454,Isaiah Soni,61,Female,Jaipur,Regular,2024-08-19
CUST003455,Ria Desai,34,Female,Mumbai,New,2026-04-21
CUST003456,Deepa Soni,20,Male,Ahmedabad,Regular,2024-08-27
CUST003457,Kabir Naidu,21,Female,Indore,Regular,2025-06-13
CUST003458,Gopal Sridhar,41,Female,Pune,New,2024-10-02
CUST003459,Jeremiah Kanda,36,Male,Indore,New,2024-11-05
CUST003460,Luke Kar,69,Other,Kolkata,Premium,2025-06-18
CUST003461,Girish Raval,61,Male,Indore,Regular,2023-11-10
CUST003462,Zaid Kara,30,Female,Hyderabad,Regular,2023-09-22
CUST003463,Charvi Narasimhan,65,Male,Delhi,Regular,2025-09-05
CUST003464,Zinal Varughese,53,Female,Kolkata,Regular,2025-02-10
CUST003465,Karan Narang,54,Male,Indore,Premium,2024-06-14
CUST003466,Maanav Banerjee,56,Female,Kolkata,Regular,2025-11-02
CUST003467,Chanakya Hora,35,Male,Bengaluru,Premium,2023-06-07
CUST003468,Luke Bandi,56,Female,Kolkata,Regular,2026-03-18
CUST003469,Neel Ranganathan,18,Female,Jaipur,New,2024-01-12
CUST003470,Vasana Sule,27,Female,Pune,Regular,2026-04-22
CUST003471,Raghav Ravi,65,Male,Mumbai,Premium,2024-07-31
CUST003472,Sudiksha Lall,52,Other,Jaipur,Premium,2024-12-23
CUST003473,Jacob Mammen,48,Male,Ahmedabad,Premium,2025-06-12
CUST003474,Geetika Grewal,35,Male,Indore,Regular,2023-09-29
CUST003475,Vinaya Shan,28,Female,Indore,Regular,2025-06-24
CUST003476,Hema Venkataraman,18,Male,Chennai,Regular,2023-10-11
CUST003477,Jasmit Sandhu,41,Female,Indore,New,2025-05-22
CUST003478,Jonathan Chandra,51,Female,Ahmedabad,Premium,2023-08-16
CUST003479,Indrajit Dara,20,Male,Ahmedabad,Regular,2024-12-31
CUST003480,Jonathan Palan,42,Male,Chennai,Premium,2023-12-18
CUST003481,Rajata Butala,34,Male,Delhi,Regular,2026-05-06
CUST003482,Mitali Vaidya,61,Male,Delhi,New,2023-06-27
CUST003483,Tristan Badal,26,Male,Chennai,Premium,2023-07-03
CUST003484,Max Wali,18,Female,Bengaluru,Regular,2024-11-21
CUST003485,Janani Zacharia,41,Male,Jaipur,Regular,2023-08-21
CUST003486,Kavya Dutt,34,Male,Mumbai,Regular,2023-01-31
CUST003487,Upkaar Doshi,60,Female,Ahmedabad,Regular,2024-12-16
CUST003488,Samaksh Mallick,60,Other,Ahmedabad,Regular,2022-11-12
CUST003489,Chaman Ramakrishnan,68,Other,Delhi,Regular,2026-06-28
CUST003490,Vamakshi Sidhu,54,Male,Hyderabad,Regular,2024-01-11
CUST003491,Charita Acharya,54,Female,Ahmedabad,New,2022-12-23
CUST003492,Devika Joshi,44,Male,Kolkata,Regular,2026-08-01
CUST003493,Daniel Roy,55,Male,Jaipur,New,2023-04-03
CUST003494,Vasana Dyal,47,Male,Ahmedabad,Regular,2025-11-28
CUST003495,Mahika Dutta,31,Male,Indore,Regular,2025-05-28
CUST003496,Mahika Hari,35,Female,Chennai,Regular,2023-09-19
CUST003497,Ekavir Kara,41,Male,Hyderabad,Regular,2023-11-01
CUST003498,Neelima Dasgupta,59,Female,Ahmedabad,Regular,2025-09-29
CUST003499,Samesh Sawhney,39,Male,Chennai,Regular,2023-04-07
CUST003500,Falak Apte,69,Male,Jaipur,Regular,2025-05-14
CUST003501,Deepa Viswanathan,30,Male,Indore,Regular,2023-02-04
CUST003502,Vincent Sarma,35,Female,Mumbai,Regular,2023-12-06
CUST003503,Suhani Dube,20,Female,Hyderabad,New,2022-12-16
CUST003504,Anita Baria,46,Female,Bengaluru,New,2024-04-12
CUST003505,Isaiah Shukla,22,Female,Kolkata,Regular,2024-06-20
CUST003506,Vidhi Manne,38,Male,Indore,Regular,2023-08-12
CUST003507,Gaurang Patil,27,Male,Bengaluru,Regular,2023-09-07
CUST003508,Rachana Sama,42,Female,Chennai,Premium,2022-11-25
CUST003509,Ati Majumdar,23,Male,Delhi,Regular,2026-07-04
CUST003510,Yashoda Narasimhan,26,Female,Kolkata,New,2024-06-10
CUST003511,Ishanvi Chacko,37,Female,Pune,Regular,2022-09-18
CUST003512,Vedika Kibe,45,Other,Mumbai,New,2025-02-23
CUST003513,Timothy Saraf,24,Male,Kolkata,New,2025-06-28
CUST003514,Hemang Sura,32,Other,Pune,Premium,2025-01-15
CUST003515,Zilmil Raja,57,Other,Kolkata,Regular,2022-11-02
CUST003516,Guneet Chandran,39,Male,Pune,Premium,2023-02-27
CUST003517,Jalsa Sama,20,Male,Ahmedabad,Regular,2026-02-15
CUST003518,Balveer Palan,58,Male,Bengaluru,Regular,2025-05-30
CUST003519,Triveni Virk,48,Other,Chennai,Regular,2022-10-25
CUST003520,Rachana Bal,32,Male,Jaipur,Regular,2023-07-30
CUST003521,Arjun Narasimhan,26,Male,Ahmedabad,Premium,2023-01-29
CUST003522,Nitara Balakrishnan,55,Male,Bengaluru,Regular,2025-10-04
CUST003523,Zehaan Parmer,46,Male,Pune,New,2026-02-20
CUST003524,Indira Kothari,19,Female,Pune,Regular,2023-11-01
CUST003525,Champak Nair,48,Female,Indore,Regular,2024-08-09
CUST003526,Naveen Kadakia,32,Male,Pune,Regular,2025-01-12
CUST003527,Nandini Pall,61,Female,Kolkata,New,2025-12-24
CUST003528,Xalak Chakraborty,51,Female,Kolkata,Regular,2024-01-29
CUST003529,Vedant Nadig,60,Male,Delhi,Premium,2026-03-08
CUST003530,Harrison Chana,20,Female,Hyderabad,New,2025-05-18
CUST003531,Dhriti Tank,57,Male,Kolkata,Premium,2025-05-18
CUST003532,Lavanya Jain,69,Female,Kolkata,Regular,2023-10-14
CUST003533,Indali Nazareth,50,Male,Pune,Regular,2026-01-31
CUST003534,Janaki Dutta,39,Female,Bengaluru,New,2023-05-17
CUST003535,Amol Choudhury,68,Female,Bengaluru,Regular,2023-06-19
CUST003536,Yashawini Minhas,20,Other,Pune,Regular,2025-11-16
CUST003537,Mitali Borra,23,Male,Pune,New,2023-07-03
CUST003538,Gautam Ravel,68,Male,Kolkata,Premium,2026-04-13
CUST003539,Madhav Oak,41,Female,Indore,New,2024-12-03
CUST003540,Mekhala Deol,57,Male,Chennai,Regular,2026-07-30
CUST003541,Hemang Memon,67,Male,Mumbai,Regular,2025-04-07
CUST003542,Ekiya Kar,36,Male,Hyderabad,Regular,2024-07-16
CUST003543,Yatan Dubey,63,Female,Pune,New,2025-06-30
CUST003544,Atharv Talwar,59,Female,Bengaluru,Premium,2023-08-12
CUST003545,Yatan Kara,22,Male,Ahmedabad,Premium,2024-07-13
CUST003546,Maanav Arora,43,Female,Hyderabad,New,2023-12-03
CUST003547,Ansh Subramanian,35,Other,Indore,Regular,2026-03-22
CUST003548,Oeshi Handa,32,Female,Delhi,Regular,2024-05-30
CUST003549,Zilmil Ratta,68,Male,Chennai,Premium,2025-04-29
CUST003550,Advika Patla,64,Female,Kolkata,Premium,2026-01-28
CUST003551,Raagini Prabhakar,67,Male,Indore,Regular,2024-03-17
CUST003552,Ekaja Zachariah,27,Female,Delhi,Regular,2024-03-05
CUST003553,Krish Nagy,23,Female,Chennai,Premium,2026-04-25
CUST003554,Kabir Char,41,Female,Delhi,Regular,2026-07-24
CUST003555,Dipta Cheema,54,Female,Indore,Regular,2026-02-03
CUST003556,Ijaya Kapur,51,Female,Jaipur,Regular,2024-08-20
CUST003557,Chatresh Sharma,25,Female,Pune,Regular,2025-04-16
CUST003558,Widisha Sarin,45,Female,Chennai,Regular,2022-12-07
CUST003559,Anthony Sen,26,Female,Ahmedabad,Regular,2025-01-13
CUST003560,Idika Sood,38,Male,Mumbai,Regular,2026-05-07
CUST003561,Devansh Pandya,66,Female,Jaipur,Regular,2022-12-08
CUST003562,Zayyan Bala,66,Male,Kolkata,New,2025-09-10
CUST003563,Raagini Deol,56,Female,Indore,Regular,2024-05-05
CUST003564,Siya Mukherjee,32,Female,Bengaluru,Regular,2024-12-12
CUST003565,Ganga Kaul,27,Male,Chennai,Premium,2025-01-30
CUST003566,Maanas Zacharia,31,Male,Delhi,Regular,2025-07-22
CUST003567,Abeer Bera,33,Male,Delhi,Regular,2025-09-08
CUST003568,Jagdish Bobal,55,Male,Kolkata,Premium,2025-04-08
CUST003569,Odika Edwin,65,Female,Mumbai,Regular,2025-10-09
CUST003570,Yuvraj Gola,18,Male,Delhi,Regular,2026-03-19
CUST003571,Ayushman Talwar,39,Female,Ahmedabad,Regular,2025-10-03
CUST003572,Garima Chakraborty,20,Female,Kolkata,Regular,2023-01-22
CUST003573,Lila Reddy,69,Male,Hyderabad,Regular,2024-04-12
CUST003574,Lakshit Oza,23,Female,Chennai,Premium,2023-06-09
CUST003575,Deepa Pant,21,Male,Hyderabad,New,2023-05-31
CUST003576,Zayyan Tata,62,Female,Indore,Regular,2023-01-16
CUST003577,Abha Ratti,62,Male,Hyderabad,New,2023-07-06
CUST003578,Indali Bumb,40,Female,Bengaluru,Premium,2024-02-07
CUST003579,Girindra Viswanathan,68,Male,Kolkata,Regular,2023-10-03
CUST003580,Darsh Bhargava,20,Female,Indore,Regular,2025-07-24
CUST003581,Girish Ganguly,63,Female,Ahmedabad,New,2022-08-31
CUST003582,Aayush Narain,55,Male,Jaipur,Regular,2024-04-17
CUST003583,Ayaan Prasad,18,Female,Mumbai,Regular,2026-04-24
CUST003584,Orinder Gulati,65,Male,Chennai,Regular,2025-05-13
CUST003585,Qabil Wason,42,Male,Jaipur,New,2023-08-03
CUST003586,Gunbir Dubey,42,Male,Delhi,Regular,2025-03-17
CUST003587,Peter Sastry,55,Female,Bengaluru,Premium,2025-08-30
CUST003588,Yashica Dixit,27,Female,Jaipur,New,2026-02-14
CUST003589,Azaan Barad,46,Male,Pune,New,2026-08-20
CUST003590,Devika Manne,56,Male,Indore,Regular,2023-02-12
CUST003591,Pranit Vasa,20,Female,Kolkata,Regular,2023-05-16
CUST003592,Widisha Hans,47,Female,Pune,Regular,2025-03-23
CUST003593,Geetika Sha,63,Female,Kolkata,Regular,2026-08-10
CUST003594,Sara Dada,29,Female,Ahmedabad,Regular,2025-07-02
CUST003595,Hamsini Koshy,69,Female,Chennai,New,2024-03-19
CUST003596,Wriddhish Swaminathan,35,Female,Chennai,New,2023-06-17
CUST003597,Benjamin Parmar,39,Male,Jaipur,Premium,2022-11-28
CUST003598,Hardik Venkatesh,69,Male,Pune,Regular,2023-01-17
CUST003599,Meera Iyer,50,Female,Jaipur,Regular,2023-11-10
CUST003600,Krishna Sem,40,Female,Bengaluru,Premium,2025-11-27
CUST003601,Brinda Sandhu,53,Female,Kolkata,New,2024-05-17
CUST003602,Krishna Butala,27,Female,Pune,Regular,2024-09-28
CUST003603,Vyanjana Chawla,66,Male,Ahmedabad,Regular,2024-01-10
CUST003604,Lopa Mohan,49,Male,Mumbai,Premium,2024-10-10
CUST003605,Christopher Wable,32,Female,Bengaluru,Regular,2026-03-12
CUST003606,Raghav Chakraborty,29,Male,Indore,Regular,2023-12-19
CUST003607,Dipta Bava,47,Male,Pune,Premium,2024-12-05
CUST003608,Champak Mitter,51,Female,Jaipur,Regular,2024-04-17
CUST003609,Indira Yogi,22,Female,Indore,Regular,2022-11-18
CUST003610,Yashoda Viswanathan,24,Male,Hyderabad,Regular,2026-04-09
CUST003611,Yashoda Prabhakar,22,Male,Ahmedabad,New,2025-07-22
CUST003612,Tanish Chaudhary,32,Female,Indore,Premium,2024-08-08
CUST003613,Timothy Nagarajan,19,Male,Kolkata,New,2022-12-20
CUST003614,Warhi Jhaveri,21,Male,Mumbai,New,2025-02-01
CUST003615,Chakradev Raj,35,Female,Kolkata,New,2023-07-15
CUST003616,Bina Agrawal,64,Female,Chennai,Regular,2026-07-03
CUST003617,Ganga Goel,45,Female,Indore,Regular,2024-04-25
CUST003618,Kamya Ratti,56,Male,Jaipur,Regular,2022-11-06
CUST003619,Lucky Koshy,40,Male,Chennai,Premium,2025-04-20
CUST003620,Pahal Mukherjee,67,Female,Hyderabad,New,2023-07-13
CUST003621,Nimrat Anne,26,Female,Chennai,New,2024-06-05
CUST003622,Krishna Mall,59,Female,Delhi,Regular,2026-03-29
CUST003623,Vinaya Kulkarni,55,Female,Jaipur,Regular,2025-03-18
CUST003624,Megha Barman,43,Female,Jaipur,Regular,2025-08-14
CUST003625,Kabir Kapoor,37,Male,Indore,Regular,2022-12-16
CUST003626,Jack Dutt,51,Female,Jaipur,Regular,2026-06-30
CUST003627,Ekalinga Goswami,57,Female,Hyderabad,Regular,2024-12-10
CUST003628,Oliver Kunda,38,Female,Jaipur,Regular,2025-07-21
CUST003629,Bhavani Yadav,69,Female,Chennai,Regular,2023-11-16
CUST003630,Advika Chopra,64,Male,Ahmedabad,New,2025-11-23
CUST003631,Megha Jaggi,32,Female,Indore,Regular,2023-01-10
CUST003632,Sai Datta,45,Female,Delhi,Premium,2024-11-11
CUST003633,Upasna Srinivas,25,Female,Mumbai,Premium,2023-02-14
CUST003634,Veer Barad,42,Female,Jaipur,Regular,2026-03-15
CUST003635,Qarin Chacko,29,Female,Chennai,New,2025-11-25
CUST003636,Wyatt Sarin,31,Male,Chennai,Regular,2025-04-10
CUST003637,Raksha Dhar,18,Male,Bengaluru,Premium,2024-07-15
CUST003638,Yahvi Gulati,36,Male,Hyderabad,Regular,2025-12-04
CUST003639,Eesha Bassi,56,Other,Mumbai,Premium,2025-01-28
CUST003640,Michael Om,53,Male,Bengaluru,New,2026-04-25
CUST003641,Parth Palla,65,Male,Chennai,Regular,2024-08-15
CUST003642,Daksh Raman,46,Male,Jaipur,Regular,2024-04-10
CUST003643,Bishakha Tiwari,55,Female,Hyderabad,Regular,2022-12-05
CUST003644,Qarin Hayer,40,Male,Indore,Premium,2024-02-01
CUST003645,Aryan Sastry,67,Male,Hyderabad,Regular,2022-12-14
CUST003646,Bhavna Dyal,64,Male,Indore,Premium,2023-04-08
CUST003647,Dakshesh Choudhury,23,Male,Ahmedabad,Regular,2025-07-27
CUST003648,Nimrat Vasa,30,Male,Jaipur,New,2024-12-05
CUST003649,Omkaar Nagy,18,Female,Hyderabad,Regular,2024-03-26
CUST003650,Luke Chawla,67,Male,Delhi,Regular,2025-07-27
CUST003651,Abeer Raj,39,Female,Bengaluru,Regular,2022-09-03
CUST003652,Lila Dar,37,Male,Chennai,Regular,2026-04-21
CUST003653,Balendra Borah,67,Female,Hyderabad,Regular,2022-09-28
CUST003654,Libni Mandal,48,Female,Pune,Regular,2025-07-29
CUST003655,Shivani Khanna,43,Male,Mumbai,Regular,2025-07-24
CUST003656,Zashil Pai,29,Female,Jaipur,New,2025-05-14
CUST003657,Varenya Dua,46,Female,Jaipur,Regular,2024-08-03
CUST003658,Udarsh Dhawan,21,Male,Pune,Regular,2023-11-17
CUST003659,Lipika Kurian,32,Female,Kolkata,Premium,2026-05-30
CUST003660,Jhalak Bail,33,Male,Delhi,Regular,2024-06-29
CUST003661,Maanas Basak,47,Male,Mumbai,Regular,2024-08-12
CUST003662,Utkarsh Ratti,22,Male,Indore,New,2023-03-11
CUST003663,Sathvik Ravi,51,Male,Indore,New,2024-06-13
CUST003664,Triveni Sethi,67,Male,Jaipur,Regular,2024-07-18
CUST003665,Ubika Patla,64,Female,Kolkata,Regular,2024-02-04
CUST003666,Mohini Deol,22,Female,Pune,Premium,2025-09-25
CUST003667,Yatan Kalla,47,Female,Pune,New,2025-09-08
CUST003668,Robert Patla,68,Male,Mumbai,Premium,2026-06-27
CUST003669,Nilima Prasad,56,Other,Kolkata,Regular,2025-05-25
CUST003670,Tanay Ramaswamy,67,Female,Kolkata,Regular,2023-04-05
CUST003671,Ikbal Sethi,64,Male,Hyderabad,Regular,2023-12-08
CUST003672,Charan Iyengar,62,Female,Kolkata,New,2023-08-01
CUST003673,Naksh Rajagopalan,64,Male,Jaipur,New,2026-08-23
CUST003674,Pranit Savant,58,Male,Delhi,Regular,2022-10-05
CUST003675,Libni Gera,57,Female,Delhi,New,2023-10-27
CUST003676,Neelima Hora,22,Female,Pune,Regular,2023-04-20
CUST003677,Edhitha Sidhu,54,Female,Hyderabad,Regular,2023-09-14
CUST003678,Vidhi Mutti,41,Male,Kolkata,Regular,2025-04-03
CUST003679,Gunbir Bhattacharyya,26,Female,Delhi,Regular,2023-01-09
CUST003680,Abhiram Bera,59,Female,Jaipur,Regular,2024-01-25
CUST003681,Dhriti Parikh,44,Female,Bengaluru,Regular,2023-07-10
CUST003682,Tanay Mohanty,40,Female,Mumbai,Regular,2026-03-26
CUST003683,Janani Mutti,31,Female,Ahmedabad,Regular,2025-02-20
CUST003684,Vaishnavi Nigam,66,Female,Jaipur,Regular,2025-08-26
CUST003685,Bimala Mitter,25,Male,Mumbai,Regular,2023-02-02
CUST003686,Max Gade,46,Male,Indore,Regular,2024-06-03
CUST003687,Nimrat Dutt,68,Female,Jaipur,Regular,2025-01-17
CUST003688,Avni Krish,49,Female,Mumbai,New,2023-02-21
CUST003689,Sai Chatterjee,22,Male,Indore,Regular,2025-11-14
CUST003690,Krishna Raj,30,Female,Indore,Regular,2024-09-01
CUST003691,Vansha Garde,48,Male,Ahmedabad,Regular,2025-12-02
CUST003692,Janani Sastry,35,Male,Pune,Regular,2025-02-22
CUST003693,Sara Bahri,50,Male,Mumbai,Regular,2024-09-30
CUST003694,Harinakshi Chada,53,Male,Jaipur,Regular,2026-06-06
CUST003695,Ekapad Goel,34,Female,Delhi,Premium,2023-03-26
CUST003696,Meera Doctor,69,Male,Mumbai,New,2023-02-17
CUST003697,Ekani Master,25,Female,Ahmedabad,Premium,2025-09-07
CUST003698,Isha Talwar,57,Male,Delhi,Regular,2022-09-22
CUST003699,Omkaar Patla,41,Female,Pune,Premium,2026-04-12
CUST003700,Rehaan Varghese,37,Female,Delhi,Regular,2023-11-07
CUST003701,Vrishti Nagar,26,Male,Hyderabad,Regular,2026-07-06
CUST003702,Charles Khare,55,Male,Ahmedabad,New,2025-08-21
CUST003703,Adya Sen,30,Male,Hyderabad,New,2024-07-01
CUST003704,Banjeet Mahajan,48,Female,Indore,Regular,2025-11-06
CUST003705,Faris Natarajan,58,Female,Ahmedabad,Regular,2025-01-01
CUST003706,Kalpit Anne,25,Male,Chennai,New,2025-10-13
CUST003707,Chasmum Rai,38,Male,Bengaluru,New,2023-07-05
CUST003708,Lajita Rama,57,Female,Jaipur,New,2022-10-23
CUST003709,Keya Nayak,50,Female,Bengaluru,New,2024-03-20
CUST003710,Niharika Oommen,68,Female,Ahmedabad,New,2023-03-22
CUST003711,Advika Hans,51,Male,Kolkata,Regular,2024-09-26
CUST003712,Amara Chacko,49,Female,Pune,Regular,2026-07-17
CUST003713,Frado Nagar,60,Female,Ahmedabad,Regular,2026-04-28
CUST003714,Arin Dave,48,Male,Pune,Regular,2026-02-01
CUST003715,Xavier Borde,21,Male,Mumbai,Regular,2023-05-31
CUST003716,Dhruv Dube,63,Female,Hyderabad,New,2025-02-02
CUST003717,Gagan Borra,52,Female,Kolkata,Premium,2022-09-12
CUST003718,Harita Bobal,23,Female,Delhi,Regular,2023-04-28
CUST003719,Ganga Cherian,39,Female,Mumbai,New,2025-04-06
CUST003720,Daksh Dewan,59,Female,Jaipur,Regular,2023-07-04
CUST003721,Quincy Chand,53,Female,Delhi,Regular,2025-09-17
CUST003722,Aarush Sant,45,Male,Jaipur,New,2026-01-09
CUST003723,Shivansh Bedi,59,Female,Ahmedabad,New,2025-09-15
CUST003724,Lila Nagi,52,Female,Bengaluru,Regular,2025-04-26
CUST003725,Vamakshi Hora,44,Male,Pune,Regular,2025-09-02
CUST003726,Quincy Singh,24,Female,Ahmedabad,Premium,2023-11-19
CUST003727,Saanvi Goyal,68,Male,Ahmedabad,Regular,2024-10-25
CUST003728,Fariq Goda,58,Male,Jaipur,Regular,2023-07-02
CUST003729,Maanas Gulati,20,Female,Ahmedabad,Regular,2025-08-20
CUST003730,Faqid Guha,27,Male,Indore,Regular,2023-06-15
CUST003731,Vedant Gaba,49,Female,Jaipur,Regular,2024-05-03
CUST003732,Nitara Toor,68,Male,Indore,Premium,2025-05-20
CUST003733,Tejas Sandhu,22,Female,Indore,New,2023-09-22
CUST003734,Wridesh Wali,63,Female,Ahmedabad,Regular,2022-09-08
CUST003735,Baghyawati Edwin,63,Male,Indore,New,2022-12-07
CUST003736,Dev Tak,24,Male,Chennai,New,2024-02-14
CUST003737,Qushi Buch,42,Male,Delhi,Regular,2025-07-11
CUST003738,Advik Chakrabarti,22,Female,Chennai,Regular,2024-01-05
CUST003739,Dominic Lala,31,Female,Indore,Regular,2025-10-01
CUST003740,Shravya Parmar,18,Male,Mumbai,Regular,2025-10-24
CUST003741,Kamala Tata,22,Female,Delhi,Regular,2023-12-08
CUST003742,Dhriti Gupta,29,Male,Kolkata,Regular,2023-08-18
CUST003743,Brijesh Pandit,51,Female,Chennai,Regular,2024-05-26
CUST003744,Triya Nair,46,Female,Pune,Regular,2026-08-02
CUST003745,Ubika Shetty,67,Male,Ahmedabad,Premium,2024-07-31
CUST003746,Lucky Rajan,40,Male,Indore,Regular,2024-06-10
CUST003747,Liam Nadig,64,Female,Kolkata,Regular,2024-04-12
CUST003748,Mugdha Pau,38,Male,Chennai,New,2022-09-19
CUST003749,Orinder Dora,31,Male,Bengaluru,Regular,2025-03-07
CUST003750,Teerth Chandran,23,Other,Pune,Regular,2022-09-23
CUST003751,Urmi Doctor,22,Female,Mumbai,Regular,2023-10-23
CUST003752,Rudra Bains,30,Female,Kolkata,Regular,2024-10-09
CUST003753,Nathan Mitter,42,Male,Chennai,Regular,2026-03-10
CUST003754,Vedant Gupta,54,Female,Pune,Regular,2024-09-22
CUST003755,Rachita Saran,41,Female,Pune,Regular,2026-04-12
CUST003756,Vinaya Bhasin,57,Female,Kolkata,Regular,2024-02-28
CUST003757,Ekalinga Naik,34,Female,Mumbai,New,2025-08-29
CUST003758,Bimala Dhaliwal,22,Other,Delhi,Regular,2023-08-29
CUST003759,Tarak Saha,27,Male,Kolkata,New,2024-09-28
CUST003760,Darika Dutt,63,Female,Jaipur,Premium,2024-02-05
CUST003761,Pushti Dara,63,Female,Bengaluru,Regular,2025-03-16
CUST003762,Baghyawati Om,21,Male,Kolkata,Premium,2025-09-27
CUST003763,Kabir Pingle,36,Male,Delhi,Regular,2025-01-23
CUST003764,Dev Badami,20,Female,Mumbai,Regular,2024-07-23
CUST003765,Omisha Koshy,27,Male,Mumbai,Regular,2023-07-20
CUST003766,Vivaan Munshi,32,Female,Indore,Regular,2025-05-09
CUST003767,Avni Oak,18,Male,Bengaluru,Regular,2025-02-10
CUST003768,Robert Datta,47,Male,Kolkata,Premium,2024-01-10
CUST003769,Warjas Krish,20,Male,Pune,New,2024-09-25
CUST003770,Anirudh Munshi,32,Male,Chennai,New,2024-10-30
CUST003771,Leena Divan,39,Female,Hyderabad,Regular,2025-04-23
CUST003772,Finn Wadhwa,44,Female,Delhi,Regular,2024-09-29
CUST003773,Amaira Bhavsar,46,Male,Mumbai,Regular,2024-07-27
CUST003774,Reyansh Majumdar,44,Female,Jaipur,Regular,2025-09-07
CUST003775,Januja Bhargava,50,Male,Hyderabad,Regular,2024-09-02
CUST003776,Udant Aggarwal,29,Female,Bengaluru,New,2024-01-19
CUST003777,Vasudha Dhingra,21,Female,Jaipur,Regular,2025-12-28
CUST003778,Ekaja Sundaram,26,Male,Ahmedabad,Regular,2023-12-30
CUST003779,Raghav Dara,26,Male,Indore,New,2023-12-01
CUST003780,Robert Viswanathan,34,Female,Ahmedabad,Regular,2026-01-20
CUST003781,Yuvraj Puri,45,Other,Bengaluru,Regular,2024-06-16
CUST003782,Chanchal Lal,18,Female,Delhi,New,2023-07-12
CUST003783,Chaman Bakshi,54,Male,Ahmedabad,Regular,2022-10-12
CUST003784,Farhan Pillay,61,Male,Jaipur,Regular,2024-08-20
CUST003785,Sanya Raja,43,Female,Pune,Regular,2025-01-07
CUST003786,Sachi Murthy,65,Other,Ahmedabad,Regular,2023-02-12
CUST003787,Tamanna Majumdar,26,Female,Mumbai,Regular,2023-07-02
CUST003788,Bhavani Gaba,48,Female,Pune,Premium,2025-02-25
CUST003789,Ekantika Badal,46,Female,Pune,Regular,2023-03-09
CUST003790,Eta Sood,19,Male,Delhi,Regular,2024-03-23
CUST003791,Divya Prashad,41,Female,Delhi,Regular,2024-12-30
CUST003792,Radha Naik,42,Female,Kolkata,Regular,2024-05-04
CUST003793,Eta Banerjee,67,Male,Pune,Regular,2025-05-24
CUST003794,Ekiya Baral,22,Male,Ahmedabad,Regular,2026-06-01
CUST003795,Kevin Taneja,55,Male,Jaipur,Regular,2022-12-06
CUST003796,Logan Doshi,61,Male,Jaipur,Regular,2023-02-03
CUST003797,Wahab Chanda,51,Male,Indore,New,2025-11-13
CUST003798,Ishanvi Nigam,53,Male,Hyderabad,Regular,2023-01-02
CUST003799,Hemal Boase,66,Male,Ahmedabad,New,2024-10-02
CUST003800,David Vohra,66,Female,Delhi,Regular,2024-06-05
CUST003801,Mohammed Chakraborty,32,Male,Indore,New,2026-02-14
CUST003802,Saumya Dutt,54,Male,Bengaluru,New,2023-02-24
CUST003803,Utkarsh Khatri,47,Female,Kolkata,New,2022-11-24
CUST003804,Charles Kar,18,Male,Hyderabad,Premium,2024-09-10
CUST003805,Brijesh Kanda,23,Male,Hyderabad,New,2025-11-19
CUST003806,Michael Devan,20,Male,Bengaluru,New,2024-10-14
CUST003807,Ekantika Ram,40,Male,Indore,Premium,2025-11-15
CUST003808,Anirudh Uppal,32,Female,Delhi,Premium,2025-11-30
CUST003809,Waida Bajwa,32,Male,Mumbai,Premium,2025-07-04
CUST003810,Ekansh Baria,44,Female,Mumbai,Premium,2023-07-05
CUST003811,Sathvik Karpe,18,Female,Indore,New,2025-02-19
CUST003812,Abhimanyu Palla,53,Male,Jaipur,Premium,2025-08-23
CUST003813,Jhalak Upadhyay,67,Female,Delhi,Regular,2026-06-24
CUST003814,Mekhala Kala,39,Other,Jaipur,New,2023-04-22
CUST003815,Baghyawati Lata,25,Female,Hyderabad,Regular,2025-01-09
CUST003816,Yasti Rama,47,Male,Hyderabad,Regular,2023-05-04
CUST003817,Aahana Natt,63,Female,Pune,Regular,2023-06-29
CUST003818,Abha Ramaswamy,54,Female,Ahmedabad,Regular,2023-03-02
CUST003819,Siya Balakrishnan,56,Female,Bengaluru,New,2024-07-21
CUST003820,Samarth Goyal,61,Male,Ahmedabad,New,2023-02-20
CUST003821,Lila Chhabra,18,Female,Hyderabad,Regular,2025-10-25
CUST003822,Ryan Misra,55,Male,Jaipur,New,2026-03-14
CUST003823,Chavvi Patel,34,Female,Hyderabad,Regular,2024-08-18
CUST003824,Victor Krishnan,50,Female,Delhi,Premium,2023-07-31
CUST003825,Dayita Arora,47,Female,Hyderabad,Premium,2023-07-31
CUST003826,Gauri Jhaveri,18,Male,Bengaluru,New,2024-10-13
CUST003827,Falak Shankar,63,Male,Indore,Premium,2024-04-27
CUST003828,Vyanjana Srinivasan,39,Male,Kolkata,New,2025-01-16
CUST003829,Yuvraj Brahmbhatt,38,Male,Ahmedabad,Regular,2025-04-12
CUST003830,Aadi Balasubramanian,53,Female,Jaipur,Regular,2025-04-17
CUST003831,Advay Mahal,35,Female,Pune,Regular,2026-08-12
CUST003832,Chavvi Saxena,45,Female,Hyderabad,Regular,2024-04-12
CUST003833,Gunbir Bera,66,Male,Bengaluru,Premium,2024-03-22
CUST003834,Rayaan Sampath,48,Other,Bengaluru,Regular,2025-10-24
CUST003835,Faqid Mammen,47,Male,Kolkata,Regular,2024-06-07
CUST003836,Chameli Banerjee,36,Female,Mumbai,New,2026-06-24
CUST003837,Chasmum Dhar,23,Male,Delhi,New,2023-10-11
CUST003838,Samarth Dara,52,Female,Indore,Regular,2026-07-27
CUST003839,Vamakshi Ghosh,62,Male,Indore,New,2022-09-20
CUST003840,Gabriel Keer,62,Male,Bengaluru,Regular,2024-08-05
CUST003841,Anamika Bajaj,32,Male,Ahmedabad,Regular,2025-08-24
CUST003842,Dev Dua,55,Female,Kolkata,Premium,2023-07-29
CUST003843,Mitali Purohit,66,Male,Ahmedabad,New,2022-10-14
CUST003844,Widisha Sankaran,41,Male,Ahmedabad,Regular,2026-03-11
CUST003845,Nitara Gill,26,Male,Ahmedabad,Premium,2022-09-18
CUST003846,Dev Mand,52,Female,Kolkata,New,2025-09-04
CUST003847,Varenya Jain,19,Female,Chennai,Regular,2026-01-25
CUST003848,Arjun Magar,69,Male,Bengaluru,Regular,2026-05-14
CUST003849,Wahab Sem,29,Male,Ahmedabad,Regular,2026-02-07
CUST003850,Chaitanya Saran,51,Male,Chennai,Premium,2025-01-13
CUST003851,Vincent Batta,23,Male,Mumbai,Premium,2023-11-17
CUST003852,Gaurang Pillai,62,Male,Chennai,Regular,2024-08-06
CUST003853,Nihal Prakash,65,Male,Delhi,Regular,2025-06-17
CUST003854,Madhav Nagi,40,Female,Indore,Regular,2025-10-14
CUST003855,Niharika Ghosh,21,Male,Chennai,Regular,2025-02-15
CUST003856,Kashish Sibal,27,Male,Ahmedabad,Regular,2024-02-19
CUST003857,Manbir Talwar,23,Female,Delhi,Regular,2025-07-13
CUST003858,Jagvi Sankaran,57,Female,Ahmedabad,Regular,2023-01-10
CUST003859,Laksh Natarajan,62,Female,Ahmedabad,New,2026-08-04
CUST003860,Unnati Seshadri,45,Female,Bengaluru,Regular,2025-11-11
CUST003861,Brijesh Oza,28,Female,Indore,Regular,2024-10-23
CUST003862,Harita Zachariah,46,Female,Hyderabad,Regular,2025-05-07
CUST003863,Liam Jha,30,Other,Pune,Regular,2026-03-02
CUST003864,Finn Saini,26,Male,Ahmedabad,Premium,2026-05-28
CUST003865,Yachana Barman,22,Female,Pune,Regular,2024-11-13
CUST003866,Aayush Kumar,45,Female,Jaipur,Regular,2026-08-19
CUST003867,Utkarsh Natt,64,Female,Pune,New,2024-09-26
CUST003868,Eshana Prakash,33,Other,Bengaluru,New,2024-12-27
CUST003869,Maya Kanda,20,Male,Kolkata,Regular,2025-02-10
CUST003870,Nikita Cherian,69,Female,Chennai,Regular,2023-08-14
CUST003871,Nachiket Guha,64,Female,Delhi,New,2025-09-14
CUST003872,Yamini Chokshi,60,Male,Delhi,Regular,2024-10-06
CUST003873,Ekbal Mohan,42,Female,Ahmedabad,New,2023-09-08
CUST003874,Chavvi Kadakia,51,Male,Jaipur,Regular,2024-12-17
CUST003875,Rayaan Bajwa,19,Female,Hyderabad,Premium,2022-09-23
CUST003876,Chakrika Dara,27,Female,Jaipur,Regular,2023-07-16
CUST003877,Ekbal Bhavsar,36,Male,Indore,Regular,2023-09-26
CUST003878,Jagat Sami,29,Male,Delhi,New,2024-03-06
CUST003879,Advaith Mital,51,Male,Jaipur,New,2024-02-13
CUST003880,Kavya Joshi,51,Female,Chennai,Regular,2023-12-13
CUST003881,Vanya Barman,53,Other,Chennai,New,2025-07-18
CUST003882,Azad Tata,36,Male,Chennai,Regular,2024-01-07
CUST003883,Azaan Kumer,22,Female,Pune,Regular,2025-08-21
CUST003884,Leela Yohannan,33,Female,Kolkata,Regular,2025-12-06
CUST003885,Pahal Panchal,25,Other,Bengaluru,New,2025-07-27
CUST003886,Avi Rai,29,Female,Kolkata,Regular,2022-10-28
CUST003887,Gabriel Soman,48,Male,Indore,Regular,2023-09-24
CUST003888,Fitan Korpal,68,Female,Jaipur,Regular,2025-09-27
CUST003889,Suhani Raghavan,55,Female,Mumbai,New,2025-11-04
CUST003890,Wyatt Singh,27,Female,Bengaluru,Regular,2022-10-21
CUST003891,Dayita Seth,26,Male,Ahmedabad,Premium,2023-07-31
CUST003892,Girish Anne,28,Female,Delhi,New,2025-07-26
CUST003893,Ayaan Toor,46,Male,Hyderabad,New,2024-07-19
CUST003894,Yadavi Golla,43,Male,Delhi,Regular,2024-08-17
CUST003895,Lipika Wason,31,Female,Indore,Regular,2025-06-09
CUST003896,Zehaan Dalal,18,Male,Bengaluru,Premium,2025-08-17
CUST003897,Owen Seth,20,Female,Ahmedabad,New,2023-11-27
CUST003898,Balveer Mannan,58,Male,Chennai,Regular,2025-03-19
CUST003899,Pooja Choudhary,33,Male,Ahmedabad,Regular,2025-07-30
CUST003900,Faraj Issac,55,Female,Pune,Regular,2024-09-15
CUST003901,Zaid Ahluwalia,21,Male,Delhi,New,2024-04-21
CUST003902,Krisha Bassi,38,Male,Delhi,New,2023-12-11
CUST003903,Udant Oak,43,Male,Bengaluru,New,2026-05-04
CUST003904,Veer Saxena,62,Female,Jaipur,Regular,2026-02-04
CUST003905,Harrison Gala,28,Female,Ahmedabad,Regular,2023-04-02
CUST003906,Arjun Sarma,52,Female,Jaipur,Regular,2024-10-07
CUST003907,Qushi Bail,57,Other,Kolkata,Regular,2025-09-02
CUST003908,Hitesh Sahota,59,Female,Ahmedabad,Premium,2024-09-02
CUST003909,Arya Sarin,65,Male,Ahmedabad,Regular,2025-01-10
CUST003910,Ekalinga Bhattacharyya,51,Female,Pune,New,2023-01-11
CUST003911,Ishita Soman,26,Female,Ahmedabad,Regular,2024-05-13
CUST003912,Laksh Dara,30,Female,Chennai,Regular,2022-10-05
CUST003913,Gabriel Grover,35,Female,Bengaluru,Regular,2025-06-26
CUST003914,Sanaya Prakash,69,Male,Jaipur,Regular,2025-01-10
CUST003915,Vanya Bhavsar,22,Other,Indore,Regular,2026-01-07
CUST003916,Odika D’Alia,67,Male,Hyderabad,Regular,2025-01-14
CUST003917,Vincent Jain,67,Male,Delhi,Premium,2023-04-14
CUST003918,Kiaan Raman,41,Male,Pune,New,2022-09-15
CUST003919,Darpan Uppal,65,Male,Ahmedabad,New,2026-01-04
CUST003920,Isaiah Vohra,58,Female,Indore,New,2025-06-28
CUST003921,Aditya Mitter,58,Female,Bengaluru,Regular,2026-05-27
CUST003922,Ekaja Kohli,44,Female,Bengaluru,New,2026-04-26
CUST003923,Tanay Gulati,59,Male,Chennai,Regular,2025-06-25
CUST003924,Vanya Srinivas,69,Female,Ahmedabad,Regular,2023-07-27
CUST003925,Orinder Rama,19,Male,Kolkata,Regular,2025-01-04
CUST003926,Madhav Datta,50,Female,Mumbai,Regular,2026-04-22
CUST003927,Ekansh Sridhar,34,Female,Kolkata,Regular,2024-11-03
CUST003928,Nitesh Koshy,29,Other,Delhi,Regular,2025-04-28
CUST003929,Janaki Kar,18,Male,Jaipur,Regular,2026-03-07
CUST003930,Niharika Bhasin,34,Female,Mumbai,Regular,2025-11-09
CUST003931,Brijesh Nagi,38,Female,Delhi,New,2025-12-23
CUST003932,Ayaan Hans,18,Male,Hyderabad,Regular,2025-07-07
CUST003933,Mahika Sengupta,22,Female,Mumbai,Regular,2025-03-28
CUST003934,Joshua Srinivas,30,Male,Bengaluru,Regular,2025-04-10
CUST003935,Nakul Khurana,44,Male,Ahmedabad,Regular,2025-03-16
CUST003936,Widisha Borde,19,Male,Jaipur,Regular,2024-07-01
CUST003937,Omisha Bhatti,57,Female,Indore,Regular,2025-01-17
CUST003938,Madhav Baral,39,Male,Indore,Regular,2024-03-25
CUST003939,Maya Mand,47,Female,Mumbai,Regular,2024-08-19
CUST003940,Chavvi Wason,22,Female,Pune,New,2025-03-26
CUST003941,Darika Singhal,25,Female,Hyderabad,Regular,2024-10-31
CUST003942,Libni Devan,32,Female,Hyderabad,Regular,2024-08-27
CUST003943,Gavin Suri,56,Female,Kolkata,Regular,2024-02-11
CUST003944,Zayan Loyal,30,Male,Kolkata,Regular,2026-08-19
CUST003945,Bhavya Varghese,28,Male,Delhi,Regular,2023-08-17
CUST003946,Ekiya Khatri,25,Other,Hyderabad,New,2025-01-24
CUST003947,Ijaya Mohan,64,Female,Indore,Regular,2023-06-23
CUST003948,Zarna Sabharwal,51,Male,Delhi,New,2023-11-04
CUST003949,Panini Guha,45,Female,Jaipur,Regular,2025-12-04
CUST003950,Chakrika Gupta,41,Female,Hyderabad,New,2025-07-31
CUST003951,Ekani Jayaraman,53,Female,Bengaluru,Premium,2026-01-19
CUST003952,Zinal Ghose,25,Male,Mumbai,Regular,2023-02-27
CUST003953,Yatin Jha,31,Female,Chennai,Premium,2025-03-15
CUST003954,Qadim Taneja,63,Male,Mumbai,Premium,2024-04-02
CUST003955,Manya Sule,63,Male,Jaipur,Regular,2025-09-15
CUST003956,Tripti Yogi,26,Male,Chennai,Premium,2024-02-10
CUST003957,Aachal Bora,35,Female,Mumbai,New,2023-09-25
CUST003958,Krisha Ramaswamy,58,Male,Delhi,Regular,2022-09-03
CUST003959,Ranbir Kumar,63,Female,Bengaluru,Premium,2026-08-09
CUST003960,Suhani Malhotra,56,Female,Bengaluru,Premium,2024-10-30
CUST003961,Rushil Lata,44,Female,Hyderabad,New,2022-11-16
CUST003962,Vrishti Chokshi,42,Female,Bengaluru,Premium,2024-09-07
CUST003963,Lila Munshi,58,Male,Delhi,Regular,2023-03-02
CUST003964,Pratyush Das,68,Other,Ahmedabad,Regular,2024-03-12
CUST003965,Benjamin Boase,56,Female,Ahmedabad,Premium,2023-11-02
CUST003966,Amrita Datta,36,Male,Jaipur,Regular,2025-12-28
CUST003967,Pallavi Jayaraman,45,Other,Hyderabad,Regular,2022-10-30
CUST003968,Advaith Choudhury,22,Female,Hyderabad,Regular,2024-02-04
CUST003969,Bhavani Sani,67,Male,Pune,Premium,2023-09-06
CUST003970,Thomas Loke,19,Female,Jaipur,New,2026-08-09
CUST003971,Warjas Doshi,60,Female,Kolkata,Premium,2022-10-03
CUST003972,Thomas Garg,63,Male,Indore,New,2026-01-31
CUST003973,Samar Badal,45,Female,Pune,Regular,2023-05-05
CUST003974,Anamika Sunder,54,Male,Mumbai,New,2023-03-10
CUST003975,Yatin Ray,27,Male,Hyderabad,Regular,2023-08-07
CUST003976,Tripti Gandhi,43,Female,Kolkata,Regular,2026-06-14
CUST003977,Thomas Mammen,35,Male,Delhi,Premium,2023-02-11
CUST003978,William Morar,61,Male,Mumbai,Regular,2024-07-05
CUST003979,Sanaya Kala,68,Female,Kolkata,Regular,2023-08-24
CUST003980,Finn Rege,29,Male,Mumbai,Premium,2025-09-08
CUST003981,Saanvi Doctor,55,Female,Indore,Premium,2025-10-20
CUST003982,Lajita Bajaj,63,Male,Bengaluru,Premium,2024-12-16
CUST003983,Samesh Swamy,19,Male,Bengaluru,Premium,2024-07-07
CUST003984,Ekanta Bail,65,Male,Kolkata,Premium,2024-10-12
CUST003985,Riya Jha,20,Male,Kolkata,New,2024-03-30
CUST003986,Faras Purohit,37,Male,Mumbai,New,2023-05-17
CUST003987,Sarthak Kamdar,27,Female,Pune,Regular,2023-12-30
CUST003988,Nidhi Mahal,25,Male,Chennai,New,2023-09-19
CUST003989,Vihaan Raghavan,50,Male,Hyderabad,Regular,2025-03-18
CUST003990,Arjun Kohli,19,Male,Indore,Premium,2025-05-27
CUST003991,Sneha Bains,67,Male,Chennai,New,2024-04-24
CUST003992,Jagvi Raj,66,Male,Delhi,New,2022-09-29
CUST003993,Rajata Sehgal,58,Male,Ahmedabad,Regular,2026-07-11
CUST003994,Gaurav Sarkar,39,Female,Kolkata,Regular,2023-09-29
CUST003995,Veer Luthra,43,Female,Indore,Premium,2024-03-20
CUST003996,Varenya Dugar,64,Male,Jaipur,New,2023-05-17
CUST003997,Zansi Wali,38,Female,Indore,Regular,2026-02-07
CUST003998,Balhaar Raj,33,Male,Ahmedabad,New,2024-03-17
CUST003999,Veer Chana,28,Female,Pune,Regular,2025-08-31
CUST004000,George Bedi,60,Male,Bengaluru,Regular,2023-09-21
CUST004001,Aadhya Sethi,36,Female,Indore,Regular,2023-04-17
CUST004002,Lucky Sarin,49,Female,Chennai,Regular,2023-11-04
CUST004003,Veer Rout,26,Female,Indore,Regular,2023-12-26
CUST004004,Ekalinga Kata,46,Male,Kolkata,New,2026-05-14
CUST004005,Charles Goda,60,Male,Pune,Regular,2023-11-19
CUST004006,Pallavi Ganesh,31,Male,Ahmedabad,Premium,2023-08-30
CUST004007,Rohan Bose,51,Male,Jaipur,Premium,2022-12-11
CUST004008,Amruta Gola,25,Female,Kolkata,New,2024-12-05
CUST004009,Turvi Pillay,20,Female,Bengaluru,Premium,2025-09-25
CUST004010,Michael Walla,63,Male,Jaipur,Premium,2026-08-16
CUST004011,Yatan Anand,19,Female,Bengaluru,Regular,2024-01-16
CUST004012,Anita Varghese,35,Male,Bengaluru,New,2026-02-12
CUST004013,Xiti Thaman,41,Other,Indore,Regular,2026-06-19
CUST004014,Meera Deshmukh,18,Male,Ahmedabad,Regular,2023-05-15
CUST004015,Upasna Dugal,48,Female,Chennai,Regular,2026-04-05
CUST004016,Wyatt Pillai,54,Male,Delhi,New,2025-02-05
CUST004017,Turvi Korpal,45,Female,Pune,Regular,2024-08-04
CUST004018,Imaran Kothari,19,Female,Kolkata,Premium,2023-05-07
CUST004019,Ekalinga Purohit,64,Female,Delhi,Regular,2023-03-28
CUST004020,Bhavna Sharma,26,Male,Pune,Regular,2024-11-27
CUST004021,Megha Raval,69,Male,Bengaluru,New,2026-06-09
CUST004022,Zinal Pandya,66,Female,Pune,New,2026-01-01
CUST004023,Zayan Viswanathan,38,Female,Hyderabad,Regular,2026-08-23
CUST004024,Ojas Thakur,63,Male,Indore,Premium,2026-04-22
CUST004025,Jonathan Bansal,63,Female,Mumbai,New,2023-07-16
CUST004026,Jhalak Misra,59,Male,Delhi,New,2023-02-24
CUST004027,Lavanya Prashad,32,Male,Bengaluru,Regular,2023-12-07
CUST004028,Arjun Murty,40,Male,Hyderabad,Regular,2024-09-23
CUST004029,Amol Kale,24,Male,Ahmedabad,Regular,2024-07-05
CUST004030,Shivani Dey,61,Female,Indore,New,2025-06-02
CUST004031,Meghana Konda,60,Male,Bengaluru,New,2023-04-07
CUST004032,Utkarsh Sarna,18,Male,Ahmedabad,Regular,2023-09-25
CUST004033,Mohini Shukla,18,Male,Ahmedabad,Regular,2025-09-09
CUST004034,Kamya Jayaraman,50,Female,Jaipur,New,2024-08-17
CUST004035,Ojasvi Behl,42,Female,Pune,Premium,2023-09-14
CUST004036,Harrison Merchant,57,Female,Hyderabad,Regular,2024-04-01
CUST004037,Inaya Shroff,62,Female,Delhi,Premium,2026-07-11
CUST004038,Rachita Brahmbhatt,20,Female,Bengaluru,Regular,2025-03-15
CUST004039,Isha Vala,25,Female,Mumbai,New,2025-01-01
CUST004040,Banjeet Srinivas,52,Other,Ahmedabad,Regular,2022-12-12
CUST004041,Garima Hari,35,Male,Kolkata,New,2023-12-24
CUST004042,Advay Chaudhuri,40,Female,Chennai,Regular,2023-04-12
CUST004043,Darpan Bakshi,66,Male,Jaipur,Regular,2024-10-28
CUST004044,Kamya Bajwa,19,Male,Bengaluru,Regular,2024-07-25
CUST004045,Gaurika Sharma,31,Other,Bengaluru,Premium,2024-02-18
CUST004046,Bhavani Pillai,42,Male,Jaipur,New,2022-11-16
CUST004047,Raksha Sura,31,Male,Pune,New,2024-07-02
CUST004048,Yashawini Bhavsar,25,Female,Bengaluru,Regular,2023-04-24
CUST004049,Ganga Sarraf,47,Female,Pune,Regular,2025-10-08
CUST004050,Maanas Dhar,21,Female,Bengaluru,New,2025-11-24
CUST004051,Girik Rajagopalan,47,Male,Delhi,Premium,2023-10-31
CUST004052,Thomas Barman,45,Male,Indore,Regular,2022-11-05
CUST004053,Advik Deol,63,Male,Kolkata,New,2023-06-27
CUST004054,Rishi Sahni,48,Male,Jaipur,Premium,2026-01-21
CUST004055,Prisha Kumer,66,Male,Kolkata,Premium,2026-07-22
CUST004056,Aadi Bhatti,42,Female,Indore,Regular,2023-05-09
CUST004057,Alka Subramanian,29,Female,Chennai,Regular,2026-01-02
CUST004058,Theodore Sidhu,24,Male,Hyderabad,Regular,2026-07-20
CUST004059,Wakeeta Comar,38,Male,Mumbai,New,2022-12-31
CUST004060,Hema Pradhan,24,Female,Ahmedabad,Regular,2026-04-11
CUST004061,Aarna Narayanan,58,Female,Chennai,Regular,2025-05-06
CUST004062,Nachiket Venkatesh,51,Female,Mumbai,Regular,2025-07-24
CUST004063,Yatan Kara,46,Male,Indore,Regular,2026-02-14
CUST004064,Radha Subramanian,57,Female,Hyderabad,New,2023-10-25
CUST004065,Yashodhara Mital,29,Male,Pune,Regular,2024-10-11
CUST004066,Charan Mital,30,Female,Pune,Regular,2026-01-25
CUST004067,Hredhaan Divan,62,Male,Chennai,Premium,2025-01-07
CUST004068,Theodore Kothari,60,Female,Pune,Regular,2024-08-19
CUST004069,Guneet Tiwari,68,Male,Kolkata,Regular,2024-03-14
CUST004070,Mugdha Saini,59,Female,Chennai,New,2025-01-25
CUST004071,Chandani Bumb,27,Male,Ahmedabad,Regular,2023-09-09
CUST004072,Vasana Bhatti,44,Female,Delhi,Regular,2025-12-14
CUST004073,Dakshesh Sarin,50,Male,Ahmedabad,Premium,2024-05-20
CUST004074,Mitesh Sachdeva,64,Male,Bengaluru,Regular,2024-09-02
CUST004075,Gauri Prabhakar,46,Female,Ahmedabad,Regular,2023-02-28
CUST004076,Warinder Sur,19,Female,Mumbai,Premium,2026-05-25
CUST004077,Meghana Kala,36,Female,Pune,New,2024-05-19
CUST004078,Wahab Mangat,69,Male,Jaipur,Regular,2023-09-10
CUST004079,Gayathri Dutta,21,Male,Hyderabad,Premium,2025-03-14
CUST004080,Krisha Butala,65,Male,Pune,New,2023-02-01
CUST004081,Fitan Anand,66,Female,Ahmedabad,Regular,2023-04-19
CUST004082,Waida Chanda,65,Female,Pune,New,2026-08-19
CUST004083,Charan Agate,40,Female,Kolkata,Regular,2024-08-29
CUST004084,Bachittar Deol,58,Female,Mumbai,Regular,2023-11-24
CUST004085,Ishanvi Chahal,42,Male,Jaipur,Premium,2022-10-30
CUST004086,Dayita Narayanan,54,Male,Chennai,New,2023-01-31
CUST004087,Fitan Baral,22,Female,Kolkata,Regular,2025-04-09
CUST004088,Rehaan Garde,24,Male,Mumbai,New,2026-06-22
CUST004089,Vritti Chokshi,50,Female,Indore,Regular,2023-10-18
CUST004090,Ekbal Mane,58,Female,Jaipur,Regular,2023-04-01
CUST004091,Turvi Lad,59,Female,Chennai,Regular,2023-04-30
CUST004092,Watika Kapur,43,Male,Chennai,New,2025-08-03
CUST004093,Azad Ramaswamy,32,Female,Hyderabad,Regular,2026-04-13
CUST004094,Nicholas Solanki,45,Female,Pune,Regular,2026-02-07
CUST004095,Jagrati Upadhyay,21,Female,Mumbai,New,2023-12-17
CUST004096,Nandini Sahota,39,Female,Ahmedabad,Regular,2026-02-02
CUST004097,Dayamai Narain,38,Male,Bengaluru,Regular,2023-07-22
CUST004098,Triya Dixit,24,Male,Indore,New,2025-08-25
CUST004099,Balhaar Buch,30,Male,Pune,New,2022-11-28
CUST004100,Manbir Chokshi,53,Male,Mumbai,Regular,2024-07-26
CUST004101,Manthan Borah,22,Female,Jaipur,Regular,2023-11-10
CUST004102,Ekaja Khare,29,Female,Ahmedabad,New,2025-09-18
CUST004103,Radhika Rout,44,Female,Indore,Regular,2023-03-07
CUST004104,Shaurya Solanki,31,Male,Kolkata,Regular,2025-06-13
CUST004105,Januja Dugar,29,Other,Hyderabad,Premium,2024-04-27
CUST004106,Hemani Bhatti,59,Male,Pune,Regular,2022-11-12
CUST004107,Zayyan Ramachandran,64,Male,Kolkata,Premium,2023-06-14
CUST004108,Ubika Rao,43,Male,Pune,Regular,2025-12-28
CUST004109,Shivani Deol,36,Male,Ahmedabad,Regular,2026-02-16
CUST004110,Pahal Murty,40,Male,Mumbai,Regular,2026-07-21
CUST004111,Abhimanyu Gala,59,Male,Jaipur,New,2023-09-22
CUST004112,Girik Sur,65,Male,Jaipur,Regular,2026-05-20
CUST004113,Manbir Basak,63,Female,Hyderabad,Regular,2026-06-02
CUST004114,Wriddhish Varghese,59,Male,Jaipur,Regular,2025-03-24
CUST004115,Arunima Jain,26,Male,Delhi,New,2025-09-21
CUST004116,Omisha Barad,37,Female,Hyderabad,New,2025-12-08
CUST004117,Jalsa Oza,25,Male,Indore,Regular,2026-01-23
CUST004118,Geetika Agate,50,Male,Pune,Regular,2023-02-07
CUST004119,Yachana Jaggi,32,Male,Jaipur,Regular,2023-07-22
CUST004120,Gaurangi Tiwari,67,Female,Ahmedabad,Premium,2023-10-27
CUST004121,Ronith Saran,36,Male,Indore,Premium,2025-12-06
CUST004122,Suhani Mannan,67,Other,Jaipur,Regular,2024-12-12
CUST004123,Chaitanya Mane,18,Male,Indore,Regular,2024-01-27
CUST004124,Nikita Bhatnagar,19,Female,Indore,New,2024-09-04
CUST004125,Ubika Kashyap,64,Male,Jaipur,New,2026-08-01
CUST004126,Udant Sengupta,36,Female,Indore,Regular,2023-10-14
CUST004127,Balvan Karnik,41,Other,Ahmedabad,New,2025-07-02
CUST004128,Megha Lanka,55,Female,Delhi,New,2022-09-04
CUST004129,Banjeet Kapadia,50,Male,Indore,Regular,2026-02-25
CUST004130,William Ranganathan,56,Other,Mumbai,Regular,2022-09-01
CUST004131,Champak Borra,30,Other,Chennai,Regular,2026-01-26
CUST004132,Omaja Babu,19,Female,Bengaluru,Regular,2024-10-16
CUST004133,Charan Taneja,65,Male,Delhi,Regular,2025-02-15
CUST004134,Bhavna D’Alia,22,Male,Ahmedabad,Regular,2026-04-18
CUST004135,Lopa Narasimhan,31,Male,Hyderabad,New,2023-05-31
CUST004136,Akshay Sanghvi,55,Male,Mumbai,Regular,2022-12-30
CUST004137,Yatan Srinivasan,27,Male,Pune,New,2022-09-30
CUST004138,Kai Kuruvilla,60,Male,Mumbai,Regular,2023-05-18
CUST004139,Aarini Sagar,64,Male,Delhi,Regular,2023-05-07
CUST004140,Samar Gade,43,Male,Hyderabad,Regular,2024-03-12
CUST004141,Bhavya More,39,Male,Chennai,Regular,2024-12-18
CUST004142,Faraj Dugal,34,Male,Ahmedabad,New,2026-05-16
CUST004143,Aarush Khatri,39,Male,Pune,Regular,2022-12-09
CUST004144,Praneel Comar,53,Female,Delhi,Regular,2025-11-29
CUST004145,Geetika Dara,43,Male,Jaipur,Regular,2024-10-14
CUST004146,Yasti Das,33,Female,Hyderabad,Premium,2024-09-14
CUST004147,Fiyaz Parekh,58,Female,Mumbai,Premium,2026-01-05
CUST004148,Ira Goda,41,Male,Kolkata,Regular,2024-04-22
CUST004149,Zashil Badami,26,Female,Mumbai,Regular,2026-07-14
CUST004150,Dev Gaba,36,Female,Delhi,New,2023-04-12
CUST004151,Naveen Vig,51,Female,Bengaluru,Regular,2026-02-15
CUST004152,Varenya Panchal,68,Female,Jaipur,Premium,2022-10-14
CUST004153,Lopa Sankaran,65,Male,Indore,Regular,2023-02-05
CUST004154,Simon Ganesh,53,Female,Pune,Regular,2023-06-20
CUST004155,Ekalinga Karan,61,Male,Jaipur,Regular,2026-03-17
CUST004156,Tanvi Ram,24,Male,Delhi,Regular,2024-01-11
CUST004157,Rushil Barman,57,Female,Ahmedabad,Regular,2022-10-24
CUST004158,Raghav Aggarwal,24,Female,Indore,Premium,2025-01-31
CUST004159,Anay Pradhan,62,Female,Kolkata,New,2025-06-01
CUST004160,Ojasvi Amble,43,Male,Mumbai,New,2023-12-31
CUST004161,Frederick Desai,29,Male,Chennai,Regular,2026-03-30
CUST004162,Jackson Deshpande,62,Male,Chennai,Regular,2024-09-02
CUST004163,Harini Dar,39,Female,Ahmedabad,Regular,2025-04-25
CUST004164,Edhitha Korpal,67,Male,Mumbai,Premium,2023-12-26
CUST004165,Chaaya Barad,35,Female,Pune,Premium,2026-04-23
CUST004166,Christopher Mital,36,Male,Pune,New,2025-06-26
CUST004167,Aarna Raghavan,36,Female,Indore,Regular,2023-04-23
CUST004168,Harini Sabharwal,66,Other,Kolkata,Regular,2022-12-22
CUST004169,Falan Tara,20,Female,Chennai,New,2023-12-21
CUST004170,Niharika Bajaj,55,Male,Hyderabad,Regular,2022-10-08
CUST004171,Falak Goyal,44,Male,Pune,Premium,2025-09-07
CUST004172,Laksh Vohra,36,Female,Delhi,Regular,2025-03-22
CUST004173,Janani Comar,57,Female,Kolkata,Regular,2023-01-23
CUST004174,Gauri Nadkarni,32,Female,Pune,Regular,2026-06-09
CUST004175,Qadim Kala,52,Male,Delhi,New,2025-02-18
CUST004176,Vincent Bawa,36,Male,Ahmedabad,Premium,2023-11-01
CUST004177,Fariq Mishra,52,Female,Jaipur,Regular,2026-07-06
CUST004178,Harish Raval,29,Female,Indore,Regular,2025-11-09
CUST004179,Devika Salvi,23,Female,Bengaluru,Regular,2023-01-20
CUST004180,Amruta Ben,42,Male,Kolkata,Premium,2023-03-29
CUST004181,Girindra Agrawal,53,Female,Mumbai,New,2023-02-10
CUST004182,Brijesh Singh,60,Female,Mumbai,Regular,2026-02-06
CUST004183,Nidra Chhabra,43,Female,Pune,Regular,2023-10-13
CUST004184,Yug Bumb,29,Male,Chennai,Regular,2024-01-29
CUST004185,Qasim Chawla,31,Male,Indore,New,2025-05-04
CUST004186,Upma Kamdar,34,Female,Mumbai,New,2025-10-04
CUST004187,Omkaar Upadhyay,58,Female,Bengaluru,Regular,2023-09-03
CUST004188,Abdul Virk,32,Female,Kolkata,Regular,2026-05-19
CUST004189,Raghav Tailor,52,Male,Kolkata,Regular,2024-12-26
CUST004190,Daniel Sani,18,Female,Mumbai,New,2023-07-22
CUST004191,Reyansh Wable,18,Male,Chennai,Regular,2023-11-26
CUST004192,Laban Ravel,44,Male,Jaipur,New,2025-03-03
CUST004193,Bhavna Luthra,33,Male,Indore,Regular,2023-09-19
CUST004194,Osha Kumer,27,Female,Jaipur,Regular,2025-06-01
CUST004195,Aarav Contractor,65,Female,Indore,New,2024-05-19
CUST004196,Zehaan Dave,37,Female,Delhi,Premium,2025-02-09
CUST004197,Jagdish Kothari,41,Male,Delhi,New,2023-03-22
CUST004198,Vihaan Krish,51,Male,Kolkata,Premium,2025-10-29
CUST004199,Ekbal Rana,34,Male,Indore,Regular,2023-03-23
CUST004200,Aradhana Chowdhury,48,Female,Bengaluru,New,2025-02-06
CUST004201,Shivansh Choudhry,18,Male,Pune,Regular,2026-03-10
CUST004202,Odika Chhabra,55,Other,Pune,Regular,2024-02-10
CUST004203,Sanya Dhawan,32,Male,Delhi,Premium,2023-04-14
CUST004204,Jyoti Nair,36,Female,Delhi,New,2024-05-28
CUST004205,Zilmil Maharaj,69,Female,Delhi,New,2024-07-17
CUST004206,Madhav Jhaveri,53,Female,Bengaluru,Regular,2024-04-24
CUST004207,Raghav Kibe,39,Male,Mumbai,New,2024-09-28
CUST004208,Anusha Sarkar,18,Male,Bengaluru,Regular,2022-11-13
CUST004209,Aarush Sant,38,Male,Mumbai,Premium,2024-08-18
CUST004210,Darsh Bhasin,60,Female,Delhi,Premium,2025-11-03
CUST004211,Bimala Jani,64,Male,Mumbai,Regular,2024-06-01
CUST004212,Bhavna Dhaliwal,49,Female,Indore,New,2023-11-12
CUST004213,Peter Sandhu,55,Female,Bengaluru,Regular,2025-12-05
CUST004214,Urvashi Wagle,37,Female,Pune,Premium,2022-12-08
CUST004215,Ijaya Mitter,57,Male,Ahmedabad,Regular,2025-05-25
CUST004216,Shivani Iyer,58,Female,Jaipur,Regular,2025-08-02
CUST004217,Vansha Ramakrishnan,58,Female,Indore,New,2023-10-21
CUST004218,Varsha Kannan,49,Female,Kolkata,Regular,2024-07-09
CUST004219,Anay Keer,62,Female,Indore,Regular,2025-05-27
CUST004220,Leena Kanda,69,Female,Delhi,Regular,2025-01-02
CUST004221,Imaran Loyal,34,Male,Chennai,Regular,2025-09-22
CUST004222,Aachal Chaudhary,61,Female,Hyderabad,Regular,2023-10-25
CUST004223,Netra Bahri,57,Female,Jaipur,Regular,2022-12-04
CUST004224,Wyatt Mandal,40,Male,Hyderabad,Regular,2023-09-24
CUST004225,Qadim Taneja,58,Male,Hyderabad,Premium,2024-11-26
CUST004226,Manthan Bahri,27,Female,Jaipur,Regular,2024-01-19
CUST004227,Harita Agarwal,30,Female,Ahmedabad,Regular,2024-09-14
CUST004228,Rachit Chopra,61,Female,Mumbai,Regular,2025-10-10
CUST004229,Pavani Krishnamurthy,41,Male,Bengaluru,Premium,2025-08-14
CUST004230,Ryan Ratti,29,Male,Jaipur,Regular,2025-07-04
CUST004231,Gopal Rai,65,Male,Bengaluru,Regular,2024-08-31
CUST004232,Yash Nair,21,Male,Delhi,New,2022-11-08
CUST004233,Ishanvi Sinha,59,Male,Hyderabad,Premium,2025-11-19
CUST004234,Gauri Tailor,43,Female,Kolkata,New,2023-08-17
CUST004235,Amol Bose,32,Female,Hyderabad,Regular,2023-02-05
CUST004236,Vihaan Roy,44,Other,Hyderabad,Regular,2026-05-06
CUST004237,Samarth Sibal,22,Male,Bengaluru,Regular,2024-05-30
CUST004238,Harshil Sastry,39,Male,Jaipur,New,2025-09-18
CUST004239,Timothy Kala,35,Other,Hyderabad,Premium,2023-08-03
CUST004240,Gunbir Bansal,46,Female,Pune,Regular,2023-10-01
CUST004241,Nilima Dara,36,Other,Ahmedabad,Regular,2023-11-07
CUST004242,Shaurya Chander,20,Female,Bengaluru,Regular,2024-02-09
CUST004243,Jagat Chander,54,Male,Hyderabad,New,2026-01-31
CUST004244,Wridesh Basu,51,Male,Delhi,Regular,2024-09-06
CUST004245,Oliver Ahuja,54,Male,Hyderabad,Regular,2026-08-06
CUST004246,Tarak Sabharwal,42,Male,Indore,New,2026-06-07
CUST004247,Harish Chakrabarti,65,Male,Bengaluru,New,2024-10-19
CUST004248,Arunima Acharya,26,Male,Jaipur,Regular,2024-06-22
CUST004249,Ishanvi Sethi,47,Female,Kolkata,Regular,2025-01-09
CUST004250,Avi Chatterjee,38,Male,Mumbai,Regular,2025-04-29
CUST004251,Anvi Hans,25,Female,Kolkata,Regular,2023-05-23
CUST004252,Vivaan Bath,36,Other,Jaipur,Regular,2025-10-09
CUST004253,Rohan Kadakia,55,Male,Bengaluru,Regular,2023-07-02
CUST004254,Chakrika Sharma,21,Male,Chennai,New,2022-12-02
CUST004255,Upkaar Desai,57,Female,Delhi,New,2022-10-16
CUST004256,Samarth Peri,54,Male,Pune,Regular,2025-04-29
CUST004257,Rachana Dube,30,Male,Mumbai,Regular,2025-08-01
CUST004258,Nathan Som,28,Male,Delhi,Regular,2024-04-07
CUST004259,Onveer Prasad,34,Male,Chennai,Regular,2022-10-22
CUST004260,Osha Chopra,18,Female,Hyderabad,Regular,2023-01-07
CUST004261,Siddharth Bora,62,Male,Kolkata,New,2023-04-24
CUST004262,Ikbal Saran,65,Female,Bengaluru,Regular,2023-08-20
CUST004263,Amaira Venkatesh,54,Female,Pune,New,2025-09-10
CUST004264,Sneha Dugar,20,Male,Chennai,Premium,2026-03-08
CUST004265,Saumya Sandal,26,Female,Ahmedabad,Regular,2023-05-23
CUST004266,Arya Mutti,61,Female,Kolkata,Regular,2023-10-07
CUST004267,Anmol Hayre,41,Female,Ahmedabad,Regular,2024-05-20
CUST004268,Keya Wason,58,Male,Indore,New,2024-08-20
CUST004269,Jack Date,29,Female,Jaipur,Regular,2026-06-28
CUST004270,Victor Walla,23,Male,Delhi,Regular,2026-04-21
CUST004271,Varenya Rana,64,Male,Pune,New,2026-07-11
CUST004272,Chatresh Vasa,49,Male,Bengaluru,New,2023-06-04
CUST004273,Jonathan Khosla,39,Male,Kolkata,Regular,2026-07-09
CUST004274,Yashoda Borah,39,Female,Mumbai,Premium,2023-09-08
CUST004275,Harinakshi Vohra,59,Female,Pune,New,2024-12-11
CUST004276,Aashi Lal,21,Female,Indore,Regular,2024-01-26
CUST004277,Pranav Basu,45,Female,Indore,New,2024-06-23
CUST004278,Samesh Dey,38,Male,Indore,Premium,2026-01-27
CUST004279,Gaurav Vasa,52,Male,Jaipur,New,2023-04-15
CUST004280,Ekbal Sami,48,Male,Kolkata,Regular,2025-09-21
CUST004281,Ekanta Sharma,24,Female,Indore,New,2023-05-11
CUST004282,Geetika Balan,28,Female,Delhi,Regular,2022-10-19
CUST004283,Avi Bajwa,64,Male,Indore,Premium,2026-04-30
CUST004284,Fiyaz Naidu,46,Female,Mumbai,Regular,2023-05-12
CUST004285,Fitan Gupta,50,Male,Jaipur,Regular,2024-09-13
CUST004286,Reva Yohannan,57,Female,Jaipur,Premium,2025-05-30
CUST004287,Dakshesh Bal,45,Female,Indore,Regular,2025-09-19
CUST004288,Ira Munshi,29,Male,Kolkata,Premium,2024-04-08
CUST004289,Yamini Mann,63,Female,Chennai,Regular,2025-11-10
CUST004290,Advika Dutta,51,Male,Pune,Regular,2023-01-08
CUST004291,Vansha Mani,25,Female,Kolkata,Regular,2024-09-29
CUST004292,Matthew Gill,33,Male,Hyderabad,New,2026-03-01
CUST004293,Yachana Basak,64,Male,Kolkata,Premium,2023-12-29
CUST004294,Upasna Baria,62,Female,Delhi,Regular,2024-10-24
CUST004295,Unni Bal,32,Other,Ahmedabad,Regular,2022-11-05
CUST004296,Aarnav Lal,52,Male,Kolkata,New,2026-06-05
CUST004297,Krishna Pai,27,Male,Chennai,Regular,2025-05-14
CUST004298,Gaurang Pathak,23,Female,Bengaluru,Regular,2025-09-26
CUST004299,Mason Ravel,45,Male,Chennai,New,2024-04-06
CUST004300,Warinder Sachar,67,Male,Ahmedabad,Regular,2023-04-17
CUST004301,Yasti Kari,69,Male,Kolkata,Regular,2024-01-10
CUST004302,Chandran Pau,28,Male,Chennai,Regular,2023-12-23
CUST004303,Keya Barman,27,Female,Kolkata,Regular,2025-01-03
CUST004304,Upma Bera,39,Female,Indore,Regular,2024-05-21
CUST004305,Wridesh Roy,68,Male,Kolkata,Regular,2025-03-21
CUST004306,Isha Badal,64,Female,Delhi,Regular,2025-12-10
CUST004307,Jeremiah Bhattacharyya,67,Female,Indore,Premium,2022-12-01
CUST004308,Champak Das,27,Female,Jaipur,Regular,2026-05-04
CUST004309,Zayyan Wadhwa,22,Female,Jaipur,Regular,2023-03-10
CUST004310,Advika Kuruvilla,66,Male,Mumbai,Premium,2026-04-21
CUST004311,Urvi Tara,60,Male,Indore,Regular,2026-05-27
CUST004312,Zaitra Hari,51,Other,Chennai,Premium,2024-04-07
CUST004313,Devansh Ratta,51,Female,Hyderabad,Regular,2023-10-19
CUST004314,Mohammed Bhatti,65,Male,Bengaluru,Regular,2023-04-05
CUST004315,Chakrika Garde,54,Male,Delhi,Regular,2024-11-16
CUST004316,Nikita Mishra,59,Male,Mumbai,Premium,2023-05-02
CUST004317,Xavier Saini,51,Male,Jaipur,Regular,2025-11-16
CUST004318,Jyoti Wadhwa,56,Male,Hyderabad,New,2024-06-28
CUST004319,Hemang Mukherjee,35,Male,Bengaluru,Premium,2025-12-20
CUST004320,Fitan Shere,62,Female,Ahmedabad,Regular,2026-05-16
CUST004321,Madhavi Manne,61,Female,Hyderabad,Premium,2025-05-06
CUST004322,Naksh Pant,36,Male,Indore,Regular,2025-11-06
CUST004323,Bina Basak,26,Male,Chennai,Premium,2023-06-14
CUST004324,Veer Pillay,32,Male,Ahmedabad,Regular,2024-02-08
CUST004325,Chaaya Handa,40,Male,Chennai,Premium,2026-05-04
CUST004326,Frado Singhal,44,Male,Hyderabad,Premium,2024-04-06
CUST004327,Nisha Mammen,52,Male,Bengaluru,New,2026-04-30
CUST004328,Yochana Wali,56,Female,Jaipur,Regular,2024-10-21
CUST004329,Upkaar Chopra,24,Female,Jaipur,Regular,2024-03-23
CUST004330,Xiti Venkataraman,45,Female,Chennai,Regular,2023-06-02
CUST004331,Garima Desai,21,Female,Mumbai,Premium,2024-08-21
CUST004332,Harini Barad,50,Male,Indore,Regular,2023-11-22
CUST004333,Bishakha Khare,50,Female,Ahmedabad,Regular,2023-07-12
CUST004334,Sathvik Pant,60,Female,Jaipur,Regular,2023-06-26
CUST004335,Divya Das,69,Female,Kolkata,Regular,2024-05-03
CUST004336,Lohit Chaudry,60,Other,Kolkata,Premium,2023-01-15
CUST004337,Suhani Vora,48,Other,Pune,Regular,2024-08-22
CUST004338,Chanakya Issac,65,Female,Indore,Regular,2023-09-07
CUST004339,Rudra Tailor,27,Female,Pune,Premium,2023-07-31
CUST004340,Nidhi Naidu,69,Male,Mumbai,New,2023-08-14
CUST004341,Niharika Banerjee,57,Male,Indore,Regular,2025-09-25
CUST004342,Fiyaz Tiwari,68,Male,Delhi,Regular,2024-10-08
CUST004343,Lopa Chandran,29,Male,Pune,Regular,2024-08-15
CUST004344,Abhiram Anne,37,Female,Indore,Regular,2026-07-14
CUST004345,Sathvik Bala,26,Female,Chennai,Regular,2026-02-08
CUST004346,Hredhaan Natt,24,Male,Delhi,Regular,2025-12-20
CUST004347,Isaac Datta,28,Female,Mumbai,New,2026-03-22
CUST004348,Yash Purohit,65,Female,Chennai,Regular,2024-01-29
CUST004349,Widisha Lalla,24,Female,Bengaluru,Regular,2025-10-04
CUST004350,Jagdish Sagar,62,Male,Mumbai,Regular,2026-07-23
CUST004351,Tanay Ramanathan,64,Male,Jaipur,Regular,2024-03-22
CUST004352,Krish Bhardwaj,67,Male,Indore,Regular,2022-12-25
CUST004353,Ekavir Dasgupta,22,Female,Kolkata,Regular,2026-05-12
CUST004354,Ikbal Zacharia,48,Male,Indore,Regular,2023-11-25
CUST004355,Vihaan Ranganathan,65,Male,Ahmedabad,Regular,2024-11-29
CUST004356,Hemal Bala,61,Female,Chennai,Regular,2025-02-25
CUST004357,Nikita Hayer,36,Female,Kolkata,New,2023-05-21
CUST004358,Tanveer Tiwari,38,Male,Kolkata,Regular,2023-04-15
CUST004359,Wriddhish Seth,36,Female,Delhi,Premium,2023-10-30
CUST004360,Geetika Sahota,29,Male,Indore,Regular,2022-12-26
CUST004361,Aadhya Bansal,21,Male,Indore,Regular,2025-08-13
CUST004362,Kalpit Venkatesh,43,Male,Mumbai,New,2024-12-08
CUST004363,Brijesh Peri,49,Female,Indore,New,2025-05-04
CUST004364,Geetika Khanna,50,Female,Ahmedabad,Regular,2024-10-01
CUST004365,Priya Saran,30,Male,Pune,Regular,2026-01-08
CUST004366,Zilmil Char,46,Male,Chennai,New,2023-02-25
CUST004367,Pooja Badami,57,Male,Bengaluru,Regular,2026-08-26
CUST004368,Reyansh Bhakta,21,Male,Hyderabad,New,2024-11-14
CUST004369,Jalsa Ramakrishnan,37,Female,Kolkata,Regular,2024-05-08
CUST004370,Avi Raju,46,Male,Delhi,New,2023-04-25
CUST004371,Elijah Nagi,34,Male,Jaipur,Regular,2026-08-28
CUST004372,Harish Gill,41,Female,Indore,Premium,2025-12-03
CUST004373,Aachal Oak,25,Male,Delhi,Regular,2024-03-03
CUST004374,Qushi Upadhyay,63,Male,Pune,Regular,2024-12-30
CUST004375,Rajata Chopra,31,Male,Pune,New,2024-09-21
CUST004376,Panini Dhar,47,Female,Delhi,Regular,2025-04-19
CUST004377,Aishani Mannan,36,Male,Delhi,Regular,2025-11-05
CUST004378,Jack Khurana,32,Female,Pune,Premium,2023-12-14
CUST004379,Sara Hari,50,Male,Hyderabad,Regular,2024-02-12
CUST004380,Wazir Sood,30,Male,Jaipur,Regular,2026-04-30
CUST004381,Nikita Batra,38,Male,Hyderabad,Premium,2023-07-24
CUST004382,Kavya Dash,64,Female,Mumbai,Regular,2022-11-19
CUST004383,Kamala Seth,29,Male,Indore,Regular,2025-08-06
CUST004384,Champak Tripathi,36,Male,Jaipur,New,2024-03-23
CUST004385,Bimala Mangal,23,Male,Hyderabad,Regular,2025-02-05
CUST004386,Amol Sethi,38,Male,Kolkata,Regular,2023-09-29
CUST004387,Neha Salvi,46,Female,Ahmedabad,Premium,2025-12-01
CUST004388,Chaman Shan,43,Female,Hyderabad,Regular,2023-01-15
CUST004389,Maanav Wason,42,Female,Kolkata,Regular,2025-12-28
CUST004390,Leena Kothari,47,Male,Chennai,Regular,2023-04-14
CUST004391,Harshil Menon,26,Female,Hyderabad,Premium,2022-10-01
CUST004392,Robert Gill,25,Female,Chennai,Regular,2026-06-12
CUST004393,Hritik Goyal,45,Male,Chennai,Regular,2026-03-24
CUST004394,Chaitaly Dhaliwal,44,Female,Ahmedabad,New,2025-12-16
CUST004395,Netra Bhakta,51,Male,Pune,Regular,2024-05-23
CUST004396,Urvashi Dubey,30,Female,Kolkata,New,2024-05-08
CUST004397,Tanvi Sahni,20,Male,Pune,Regular,2026-06-14
CUST004398,Riya Ghosh,22,Female,Mumbai,New,2025-11-04
CUST004399,Dayamai Kari,68,Male,Delhi,New,2024-11-13
CUST004400,Eshana Pathak,41,Female,Chennai,New,2025-06-04
CUST004401,Zinal Devi,58,Female,Indore,Regular,2025-06-15
CUST004402,Bhavani Aggarwal,18,Female,Bengaluru,New,2026-06-22
CUST004403,Nikita Dalal,57,Male,Ahmedabad,Regular,2023-04-07
CUST004404,Harita Balan,49,Male,Hyderabad,Regular,2024-12-29
CUST004405,Nidra Parmer,28,Male,Delhi,Regular,2024-12-21
CUST004406,Radha Lata,50,Female,Indore,New,2023-01-21
CUST004407,Kritika Padmanabhan,56,Female,Mumbai,Regular,2024-05-22
CUST004408,Tarak Aurora,28,Female,Ahmedabad,Regular,2025-01-17
CUST004409,Pooja Chaudhari,39,Female,Jaipur,New,2025-07-07
CUST004410,Ranveer Wadhwa,18,Female,Kolkata,Regular,2023-12-29
CUST004411,Jai Krishnamurthy,53,Female,Hyderabad,New,2026-03-31
CUST004412,Amara Rastogi,52,Male,Bengaluru,New,2024-12-17
CUST004413,Wridesh Mukhopadhyay,33,Female,Bengaluru,Regular,2026-04-10
CUST004414,Banjeet Balan,18,Male,Kolkata,New,2026-03-14
CUST004415,Vanya Kapur,38,Male,Indore,Regular,2022-08-30
CUST004416,Yoshita Saraf,62,Female,Jaipur,New,2025-03-18
CUST004417,Lopa Bhatnagar,50,Male,Kolkata,New,2022-11-22
CUST004418,Lila Thakur,61,Male,Kolkata,New,2023-07-08
CUST004419,Finn Hans,56,Male,Indore,Premium,2026-02-13
CUST004420,Atharv Bava,58,Male,Jaipur,Regular,2022-12-09
CUST004421,Daksh Mallick,41,Male,Delhi,New,2022-12-31
CUST004422,Elijah Nagy,21,Female,Pune,Regular,2022-11-21
CUST004423,Nikita Goel,64,Male,Indore,Regular,2026-04-30
CUST004424,Saanvi Sabharwal,23,Male,Hyderabad,Regular,2025-04-28
CUST004425,Chandresh Pillay,32,Female,Hyderabad,Regular,2023-08-06
CUST004426,Anamika Badal,39,Male,Kolkata,Regular,2026-06-20
CUST004427,Ridhi Savant,52,Female,Ahmedabad,Premium,2025-03-16
CUST004428,Mahika Gaba,19,Male,Kolkata,Regular,2022-11-27
CUST004429,Logan Rau,23,Male,Pune,Regular,2025-11-26
CUST004430,Kalpit Devan,20,Male,Bengaluru,New,2024-02-15
CUST004431,George Swamy,46,Female,Ahmedabad,New,2025-09-28
CUST004432,Leena Batta,38,Female,Pune,New,2023-05-06
CUST004433,Adya Bajaj,63,Male,Chennai,Regular,2024-05-07
CUST004434,Ekalinga Hayer,59,Male,Kolkata,Regular,2023-07-03
CUST004435,Sudiksha Kata,49,Male,Indore,Premium,2023-01-14
CUST004436,Dipta Parmar,51,Male,Ahmedabad,Regular,2025-09-12
CUST004437,Samaksh Pai,38,Male,Ahmedabad,Premium,2026-07-21
CUST004438,Ikbal Sibal,19,Female,Chennai,Premium,2024-12-22
CUST004439,Ucchal Anne,65,Female,Indore,New,2023-07-13
CUST004440,Harsh Brar,29,Female,Bengaluru,Regular,2025-03-22
CUST004441,Aadi Raghavan,54,Female,Ahmedabad,Premium,2023-02-19
CUST004442,Pahal Khanna,43,Female,Jaipur,Regular,2026-03-02
CUST004443,Kevin Sibal,18,Male,Kolkata,Regular,2024-10-07
CUST004444,Krisha Dara,62,Male,Indore,Regular,2023-06-20
CUST004445,Sara Borde,33,Female,Bengaluru,Regular,2026-06-13
CUST004446,Damyanti Lalla,36,Male,Delhi,Premium,2025-03-06
CUST004447,Om Naidu,42,Female,Jaipur,Premium,2022-11-11
CUST004448,Meghana Menon,21,Female,Kolkata,Premium,2024-10-29
CUST004449,Girindra Sankar,33,Male,Hyderabad,Regular,2023-10-30
CUST004450,Chatresh Khalsa,53,Female,Jaipur,New,2024-07-30
CUST004451,Zashil Chaudry,36,Female,Ahmedabad,New,2024-05-08
CUST004452,Hritik Dhar,19,Male,Bengaluru,New,2026-07-04
CUST004453,Xalak Varghese,20,Other,Pune,Regular,2023-05-20
CUST004454,Falan Atwal,42,Female,Indore,Premium,2026-03-16
CUST004455,George Swamy,53,Female,Indore,Regular,2026-06-18
CUST004456,Harsh Hari,21,Male,Delhi,Regular,2023-10-08
CUST004457,Onveer Oak,26,Other,Mumbai,New,2025-10-13
CUST004458,Raksha Kaur,42,Male,Delhi,Premium,2025-11-18
CUST004459,Vincent Zacharia,43,Female,Indore,Regular,2023-09-10
CUST004460,Yutika Goel,48,Male,Ahmedabad,Regular,2024-12-20
CUST004461,Nilima Balakrishnan,61,Female,Jaipur,Premium,2024-02-05
CUST004462,Shivani Bajaj,41,Other,Delhi,New,2024-10-02
CUST004463,Neha Dani,39,Male,Mumbai,Regular,2024-08-02
CUST004464,Darsh Rau,60,Female,Hyderabad,Regular,2026-04-27
CUST004465,Warinder Ravel,57,Male,Ahmedabad,Premium,2024-11-11
CUST004466,Alexander Patla,30,Female,Hyderabad,Premium,2025-11-28
CUST004467,Krisha Zachariah,68,Female,Chennai,Premium,2023-04-09
CUST004468,Onveer Gole,31,Male,Hyderabad,Regular,2023-08-11
CUST004469,Falak Dutta,43,Female,Delhi,New,2023-01-09
CUST004470,Jasmit Aurora,55,Female,Chennai,Regular,2025-12-18
CUST004471,Sara Cheema,63,Female,Bengaluru,Regular,2025-07-30
CUST004472,Nidhi Doctor,20,Male,Hyderabad,Regular,2025-10-09
CUST004473,Owen Bora,37,Female,Jaipur,Regular,2025-01-31
CUST004474,Falak Rao,47,Male,Mumbai,Regular,2024-08-07
CUST004475,Amrita Keer,37,Female,Pune,New,2024-06-26
CUST004476,Amol Dutt,41,Female,Bengaluru,Regular,2023-03-14
CUST004477,Ganga Bandi,26,Other,Ahmedabad,Regular,2025-03-26
CUST004478,Rachita Krishna,46,Female,Chennai,Regular,2024-10-25
CUST004479,Kalpit Misra,18,Male,Kolkata,Premium,2026-05-30
CUST004480,Yauvani Bhatti,18,Female,Pune,Regular,2025-05-30
CUST004481,Bhanumati Palan,68,Female,Delhi,Regular,2024-07-30
CUST004482,Balendra Sastry,69,Male,Jaipur,Regular,2023-01-18
CUST004483,Praneel Keer,53,Male,Chennai,Premium,2026-06-19
CUST004484,Sara Ramakrishnan,37,Male,Bengaluru,Regular,2024-09-08
CUST004485,Rachit Bal,35,Male,Chennai,Regular,2026-08-18
CUST004486,Anvi Rai,64,Female,Ahmedabad,New,2025-12-23
CUST004487,Devansh Shenoy,66,Female,Jaipur,New,2024-10-05
CUST004488,Leena Doctor,41,Male,Kolkata,Regular,2026-04-21
CUST004489,Yashasvi Tank,27,Male,Mumbai,New,2025-09-18
CUST004490,Kai Nagarajan,23,Male,Pune,New,2024-11-07
CUST004491,Wakeeta Barad,58,Male,Bengaluru,Regular,2026-01-08
CUST004492,Aadi Rastogi,50,Female,Pune,Regular,2025-05-24
CUST004493,Wazir Pillay,55,Female,Jaipur,Regular,2022-11-17
CUST004494,Ayushman Patel,46,Male,Indore,Regular,2025-11-14
CUST004495,Lakshmi Narula,52,Male,Ahmedabad,Regular,2025-07-29
CUST004496,Balvan Balasubramanian,64,Male,Indore,Premium,2025-07-09
CUST004497,Oliver Mammen,36,Female,Chennai,New,2026-06-26
CUST004498,Hema Prasad,30,Male,Indore,Regular,2023-10-19
CUST004499,Qabil Viswanathan,23,Female,Kolkata,Regular,2024-04-30
CUST004500,Meera Hayre,63,Female,Kolkata,New,2023-04-04
CUST004501,Chaitaly Grewal,18,Female,Chennai,Premium,2025-05-16
CUST004502,Kiaan Walia,23,Male,Mumbai,Regular,2025-10-20
CUST004503,Mahika Kapadia,46,Male,Indore,Regular,2026-05-05
CUST004504,Harshil Oak,32,Female,Jaipur,Regular,2024-05-18
CUST004505,Abha Buch,36,Female,Mumbai,New,2025-07-27
CUST004506,Rachit Walia,28,Female,Jaipur,Regular,2025-11-23
CUST004507,Vasudha Gokhale,26,Female,Chennai,New,2026-07-18
CUST004508,Lopa Ganesh,29,Male,Hyderabad,Regular,2025-02-07
CUST004509,Netra Kant,34,Female,Hyderabad,New,2026-05-08
CUST004510,Hemal Wagle,35,Female,Ahmedabad,Regular,2025-03-30
CUST004511,Harsh Kapoor,62,Female,Kolkata,New,2026-04-26
CUST004512,Mahika Pingle,19,Female,Ahmedabad,Regular,2024-03-19
CUST004513,Vrishti Venkataraman,50,Male,Ahmedabad,New,2023-10-11
CUST004514,Ekta Babu,55,Male,Kolkata,New,2025-04-02
CUST004515,Vinaya Mani,27,Female,Indore,New,2026-03-02
CUST004516,Udarsh Amble,20,Male,Delhi,Regular,2023-06-26
CUST004517,Jagdish Vala,59,Male,Bengaluru,Regular,2026-03-01
CUST004518,Isaiah Srivastava,66,Male,Kolkata,Premium,2025-03-16
CUST004519,Nitesh Batta,51,Male,Indore,Regular,2023-07-04
CUST004520,Warinder Luthra,67,Male,Chennai,New,2026-01-12
CUST004521,Gabriel Patla,55,Female,Jaipur,Premium,2023-07-21
CUST004522,Damyanti Chakrabarti,25,Male,Mumbai,Regular,2024-01-16
CUST004523,Sudiksha Chokshi,63,Female,Pune,Regular,2024-01-18
CUST004524,Samaksh Chhabra,65,Male,Bengaluru,Regular,2023-07-31
CUST004525,Jasmit Kala,46,Female,Delhi,Regular,2026-02-19
CUST004526,Vamakshi Vohra,49,Other,Indore,Premium,2023-01-27
CUST004527,Pooja Sem,50,Male,Bengaluru,Premium,2026-04-12
CUST004528,Chakradev Babu,42,Male,Delhi,Regular,2025-04-19
CUST004529,Mason Chopra,57,Female,Kolkata,Premium,2023-11-12
CUST004530,Balendra Pandya,64,Female,Ahmedabad,Premium,2023-05-31
CUST004531,Leela Wadhwa,67,Female,Kolkata,Regular,2023-03-06
CUST004532,Darpan Deep,27,Male,Ahmedabad,Regular,2025-11-18
CUST004533,Abeer Magar,51,Female,Pune,Regular,2024-03-11
CUST004534,Wahab Varkey,30,Male,Bengaluru,New,2024-11-24
CUST004535,Neelima Gaba,67,Female,Jaipur,New,2026-06-11
CUST004536,Ganga Sangha,25,Female,Jaipur,Regular,2024-06-05
CUST004537,Ekta Toor,67,Male,Mumbai,Regular,2024-06-04
CUST004538,Riya Mammen,30,Male,Jaipur,Regular,2023-12-05
CUST004539,Lakshit Tailor,62,Female,Hyderabad,Regular,2025-08-29
CUST004540,Yashvi Nazareth,48,Other,Jaipur,New,2025-10-22
CUST004541,Harinakshi Sami,20,Female,Ahmedabad,Regular,2024-03-16
CUST004542,Bhavna Gokhale,57,Female,Chennai,Regular,2024-10-16
CUST004543,Daksha Dani,28,Male,Indore,New,2023-01-04
CUST004544,Gaurangi Bal,42,Female,Chennai,New,2023-03-28
CUST004545,Balveer Basak,25,Male,Delhi,Regular,2023-04-28
CUST004546,Kashish Karpe,60,Male,Indore,Regular,2025-02-24
CUST004547,Elijah Khalsa,35,Female,Chennai,New,2023-03-20
CUST004548,Eshana Nadig,45,Male,Mumbai,Premium,2022-12-14
CUST004549,Abdul Naik,23,Male,Jaipur,Regular,2024-02-08
CUST004550,Bahadurjit Vig,28,Male,Pune,New,2023-07-12
CUST004551,Qabil Chaudhry,22,Female,Pune,Premium,2023-11-13
CUST004552,Bhavani Venkatesh,27,Male,Delhi,Regular,2024-11-21
CUST004553,Libni Swaminathan,52,Male,Jaipur,Regular,2023-04-09
CUST004554,Tristan Sampath,19,Male,Ahmedabad,Regular,2024-07-26
CUST004555,Brinda Sachdev,30,Female,Chennai,Regular,2023-04-18
CUST004556,Kai Peri,29,Male,Chennai,Premium,2026-04-04
CUST004557,Jyoti Mani,24,Female,Hyderabad,Regular,2023-07-19
CUST004558,Tejas Ghose,51,Female,Jaipur,Regular,2025-09-01
CUST004559,Kiaan Gupta,63,Male,Mumbai,Regular,2026-03-20
CUST004560,Jonathan Iyengar,44,Female,Pune,Premium,2025-03-28
CUST004561,Abhimanyu Mody,64,Female,Mumbai,New,2025-04-24
CUST004562,Daniel Purohit,51,Female,Indore,Regular,2025-10-18
CUST004563,Gautam Venkatesh,45,Female,Bengaluru,Premium,2023-09-13
CUST004564,Adweta Suri,23,Male,Ahmedabad,Regular,2023-05-04
CUST004565,Ubika Pai,40,Male,Hyderabad,Regular,2022-10-05
CUST004566,Urishilla Raval,53,Male,Kolkata,Regular,2024-11-11
CUST004567,Tamanna Goel,19,Female,Jaipur,New,2026-01-02
CUST004568,Inaya Srinivasan,58,Male,Jaipur,Regular,2024-08-19
CUST004569,Abha Patil,65,Female,Ahmedabad,Regular,2025-01-18
CUST004570,Veda Deshmukh,27,Male,Bengaluru,New,2024-04-08
CUST004571,Bachittar Nanda,67,Female,Jaipur,Regular,2023-04-07
CUST004572,Yasti Setty,38,Female,Jaipur,Regular,2024-04-14
CUST004573,Harsh Ramanathan,58,Other,Bengaluru,Regular,2022-11-19
CUST004574,Ria Dara,52,Male,Kolkata,Premium,2025-05-27
CUST004575,Parth Bhatnagar,68,Female,Delhi,Premium,2024-08-08
CUST004576,Rushil Savant,52,Female,Hyderabad,Regular,2026-01-02
CUST004577,Quincy Balakrishnan,30,Female,Mumbai,Premium,2024-01-17
CUST004578,Orinder Dubey,62,Male,Jaipur,New,2025-02-09
CUST004579,Nisha Garg,36,Female,Delhi,Regular,2023-02-01
CUST004580,Eta Borra,36,Female,Kolkata,Premium,2025-05-19
CUST004581,Warinder Dhawan,45,Male,Jaipur,New,2023-08-31
CUST004582,Ekta Patla,66,Female,Kolkata,Regular,2025-08-24
CUST004583,Samar Nagarajan,23,Male,Jaipur,New,2025-01-08
CUST004584,Amara Sahni,22,Female,Kolkata,New,2023-03-06
CUST004585,Ubika Tailor,35,Male,Jaipur,Regular,2023-08-03
CUST004586,Maya Mann,21,Female,Chennai,Regular,2023-09-16
CUST004587,Gaurangi Lal,62,Male,Pune,Regular,2026-05-04
CUST004588,Wishi Dada,35,Male,Delhi,Regular,2023-06-05
CUST004589,Reva Agate,47,Male,Chennai,Regular,2023-06-15
CUST004590,Ria Boase,59,Female,Jaipur,New,2023-05-07
CUST004591,Garima Koshy,34,Female,Hyderabad,Regular,2025-06-29
CUST004592,Widisha Chowdhury,28,Male,Bengaluru,Premium,2023-07-27
CUST004593,Eta Devi,41,Female,Mumbai,Regular,2025-02-14
CUST004594,Kalpit Dixit,28,Female,Kolkata,Regular,2022-10-11
CUST004595,Krish Patla,20,Male,Jaipur,Regular,2024-05-06
CUST004596,Raghav Ghose,55,Male,Mumbai,Regular,2022-10-26
CUST004597,Alka Suresh,41,Male,Indore,New,2025-03-28
CUST004598,Zilmil Thakur,58,Female,Mumbai,New,2024-10-22
CUST004599,Ikshita Kade,50,Female,Pune,Premium,2025-08-10
CUST004600,Yoshita Parikh,41,Male,Mumbai,New,2023-06-11
CUST004601,Meera Bhat,60,Female,Hyderabad,New,2026-01-20
CUST004602,Saksham Badal,64,Male,Delhi,New,2023-11-04
CUST004603,Warinder Rama,25,Male,Chennai,Regular,2025-05-27
CUST004604,Ekani Choudhary,33,Female,Ahmedabad,Regular,2024-08-12
CUST004605,Idika Gaba,68,Female,Jaipur,Regular,2023-07-21
CUST004606,Arin Dixit,60,Male,Delhi,Regular,2025-05-23
CUST004607,Ijaya Bajwa,64,Male,Delhi,Regular,2023-01-19
CUST004608,Rushil Sridhar,51,Male,Kolkata,Regular,2023-11-02
CUST004609,Dakshesh Hegde,67,Male,Pune,New,2026-07-15
CUST004610,Ojasvi Singhal,48,Female,Ahmedabad,Regular,2023-01-04
CUST004611,Xalak Chander,64,Female,Hyderabad,Regular,2025-03-31
CUST004612,Maanav Rao,52,Male,Indore,New,2022-11-12
CUST004613,Max D’Alia,33,Female,Jaipur,Regular,2023-07-16
CUST004614,Jacob Sharma,36,Female,Mumbai,Premium,2024-05-27
CUST004615,Liam Bera,53,Male,Kolkata,New,2023-02-23
CUST004616,Jack Chowdhury,59,Female,Delhi,New,2024-04-14
CUST004617,Henry Dayal,24,Male,Hyderabad,Regular,2026-07-17
CUST004618,Benjamin Dara,37,Male,Ahmedabad,New,2025-04-14
CUST004619,Sanya Deshpande,50,Female,Indore,Regular,2025-09-25
CUST004620,Raksha Kothari,20,Female,Kolkata,New,2023-07-02
CUST004621,Balhaar Memon,65,Female,Bengaluru,Regular,2025-02-02
CUST004622,Raagini Rai,42,Male,Jaipur,Regular,2024-02-03
CUST004623,Agastya Gola,33,Male,Chennai,Premium,2024-08-05
CUST004624,Hemang Doctor,19,Male,Delhi,Premium,2025-11-28
CUST004625,Patrick Chaudhry,49,Male,Indore,Regular,2023-01-15
CUST004626,Arin Rana,48,Female,Chennai,New,2025-04-26
CUST004627,Geetika Anand,46,Female,Jaipur,Regular,2025-02-09
CUST004628,Krish Doctor,60,Male,Kolkata,New,2025-03-12
CUST004629,Keya Dave,33,Female,Indore,New,2022-09-24
CUST004630,Jeevika Palla,35,Male,Delhi,Premium,2025-09-22
CUST004631,Dominic Agarwal,50,Female,Bengaluru,Regular,2026-01-31
CUST004632,Hemani Dave,50,Male,Mumbai,New,2025-12-21
CUST004633,Anay Chatterjee,42,Female,Pune,Premium,2023-08-19
CUST004634,Jagat Dhar,40,Male,Delhi,Regular,2023-10-30
CUST004635,Panini Parmer,53,Female,Pune,New,2024-12-29
CUST004636,Jeevika Ram,62,Female,Delhi,Regular,2023-12-18
CUST004637,Simon Bala,57,Female,Mumbai,Regular,2023-10-05
CUST004638,Nachiket Bal,44,Male,Kolkata,Premium,2023-04-04
CUST004639,Chatura Sami,44,Male,Hyderabad,Regular,2023-03-08
CUST004640,Neel Srinivas,61,Male,Kolkata,Regular,2023-08-22
CUST004641,Arunima Bhasin,20,Female,Ahmedabad,Regular,2023-05-14
CUST004642,Saanvi Chada,30,Male,Bengaluru,Regular,2024-06-28
CUST004643,Anthony Sachar,58,Female,Delhi,New,2023-08-18
CUST004644,Jonathan Manda,54,Male,Mumbai,Premium,2024-11-30
CUST004645,Hema Nagarajan,68,Other,Indore,Regular,2023-10-08
CUST004646,Abhimanyu Kapadia,37,Male,Bengaluru,Premium,2025-08-22
CUST004647,Bachittar Krish,59,Male,Pune,New,2022-11-28
CUST004648,Anay Patil,29,Male,Pune,Regular,2026-07-09
CUST004649,Watika Seth,25,Male,Delhi,New,2024-03-23
CUST004650,Darika Bhattacharyya,58,Female,Delhi,New,2024-03-27
CUST004651,Ijaya Prabhu,34,Male,Chennai,New,2023-11-14
CUST004652,Orinder Koshy,46,Male,Bengaluru,Regular,2023-09-23
CUST004653,Hitesh Devan,63,Male,Hyderabad,New,2026-03-20
CUST004654,Triya Saraf,63,Female,Hyderabad,Regular,2022-09-02
CUST004655,Chaitanya Bhargava,41,Male,Indore,Regular,2025-12-05
CUST004656,Yoshita Das,44,Male,Ahmedabad,Regular,2022-10-28
CUST004657,Avi Sachar,25,Male,Ahmedabad,New,2025-01-05
CUST004658,Harish Sengupta,46,Female,Bengaluru,New,2024-05-09
CUST004659,Gautam Suresh,45,Male,Delhi,Regular,2023-05-07
CUST004660,Zaitra Basak,69,Male,Pune,Regular,2024-12-21
CUST004661,Zansi Chatterjee,23,Male,Kolkata,New,2026-02-10
CUST004662,Sara Chhabra,53,Female,Indore,New,2023-04-16
CUST004663,Hritik Oommen,68,Male,Pune,Regular,2025-08-27
CUST004664,Ubika Chad,46,Female,Jaipur,Premium,2023-06-28
CUST004665,Nilima Sethi,42,Male,Delhi,Premium,2023-02-02
CUST004666,Chatura Shere,20,Male,Chennai,Premium,2025-09-09
CUST004667,Gaurangi Buch,37,Female,Bengaluru,Premium,2022-11-11
CUST004668,Jalsa Wali,65,Female,Hyderabad,Regular,2023-10-31
CUST004669,Charita Iyengar,59,Male,Bengaluru,Regular,2026-01-24
CUST004670,Parth Comar,67,Male,Pune,Regular,2025-08-26
CUST004671,Aryan Badal,63,Male,Hyderabad,Regular,2025-01-22
CUST004672,Qabil Palla,45,Male,Bengaluru,New,2024-12-01
CUST004673,Sanya Sandhu,57,Female,Bengaluru,Premium,2025-08-25
CUST004674,Zehaan Taneja,42,Female,Bengaluru,Regular,2022-10-14
CUST004675,Jai Ahluwalia,47,Male,Hyderabad,Regular,2024-01-29
CUST004676,Sai Rau,50,Female,Pune,Premium,2023-04-29
CUST004677,Aachal Sarkar,37,Male,Pune,Regular,2026-06-11
CUST004678,Rajeshri Dixit,40,Female,Indore,Regular,2022-12-29
CUST004679,Devansh Vohra,69,Male,Pune,New,2023-09-06
CUST004680,Vaishnavi Bahl,55,Male,Kolkata,Premium,2022-10-17
CUST004681,Amaira Rau,66,Female,Pune,Premium,2024-06-03
CUST004682,Harish Mukhopadhyay,39,Female,Mumbai,New,2024-01-24
CUST004683,Ekansh Dada,38,Other,Ahmedabad,New,2022-11-15
CUST004684,Vedika Sibal,40,Female,Mumbai,Premium,2023-03-10
CUST004685,Baljiwan Bahri,24,Female,Chennai,Premium,2025-11-04
CUST004686,Warinder Bir,21,Male,Hyderabad,Premium,2026-02-23
CUST004687,Aarush Murty,19,Male,Pune,Regular,2023-09-20
CUST004688,Edhitha Gera,47,Male,Jaipur,Regular,2022-11-02
CUST004689,Yachana Barad,63,Male,Jaipur,Premium,2026-02-03
CUST004690,Watika Rana,34,Female,Pune,Regular,2025-12-27
CUST004691,Udarsh Bhattacharyya,49,Male,Indore,Regular,2023-07-03
CUST004692,Reva Dara,42,Female,Bengaluru,Regular,2026-02-12
CUST004693,Lavanya Master,55,Male,Hyderabad,New,2023-02-03
CUST004694,Lavanya Chaudhary,51,Male,Kolkata,Regular,2023-04-16
CUST004695,Vedhika Mangat,53,Female,Chennai,Regular,2022-11-13
CUST004696,Varsha Lata,53,Female,Pune,Regular,2023-09-18
CUST004697,Owen Naidu,56,Male,Jaipur,Regular,2024-07-07
CUST004698,Shivansh Varma,21,Female,Jaipur,New,2025-07-04
CUST004699,Ishaan Sehgal,32,Female,Delhi,Regular,2026-02-02
CUST004700,Ekalinga Lalla,35,Female,Pune,Regular,2023-05-12
CUST004701,Liam Bal,35,Female,Chennai,Regular,2023-07-27
CUST004702,Charan Varma,38,Male,Jaipur,Premium,2024-08-13
CUST004703,Hitesh Chakraborty,67,Male,Chennai,Regular,2024-05-28
CUST004704,Nathan Bala,25,Male,Ahmedabad,Regular,2025-05-04
CUST004705,Girish Chacko,58,Female,Mumbai,Premium,2023-08-29
CUST004706,Yochana Thaman,48,Male,Pune,Regular,2026-06-03
CUST004707,Manan Choudhury,32,Female,Bengaluru,Regular,2023-01-05
CUST004708,Anthony Yogi,28,Female,Indore,New,2024-10-19
CUST004709,Yashoda Balasubramanian,60,Female,Delhi,Regular,2026-02-15
CUST004710,Mohini Lad,27,Male,Hyderabad,Premium,2023-12-14
CUST004711,Naveen Dara,33,Male,Hyderabad,Regular,2024-07-30
CUST004712,Yochana Kaul,46,Female,Bengaluru,Premium,2025-02-01
CUST004713,Yashica Prakash,59,Female,Indore,Regular,2024-07-08
CUST004714,Orinder Bhatia,43,Female,Mumbai,Regular,2026-02-10
CUST004715,Aashi Zachariah,44,Male,Delhi,Regular,2022-11-09
CUST004716,Urvi Nagarajan,56,Female,Indore,Regular,2024-09-02
CUST004717,Pranit Gulati,18,Female,Indore,Regular,2024-04-10
CUST004718,Chandani Rau,27,Male,Indore,Regular,2023-01-18
CUST004719,Nakul Vaidya,59,Male,Delhi,Regular,2026-06-13
CUST004720,Anamika Gandhi,53,Female,Delhi,Premium,2025-03-17
CUST004721,Yamini Dora,34,Male,Jaipur,Regular,2024-08-17
CUST004722,Vansha Bedi,23,Female,Delhi,Regular,2023-10-17
CUST004723,Isha Karnik,21,Female,Jaipur,Regular,2025-09-10
CUST004724,Aarna Chakrabarti,62,Male,Kolkata,Regular,2026-01-07
CUST004725,Isaiah Pant,68,Male,Ahmedabad,New,2024-06-22
CUST004726,Warda Kothari,48,Female,Kolkata,New,2023-05-31
CUST004727,Bhanumati Kapur,50,Male,Bengaluru,New,2024-01-28
CUST004728,Irya Chhabra,49,Male,Indore,New,2025-12-21
CUST004729,Mitali Gopal,43,Female,Jaipur,New,2023-11-26
CUST004730,Oviya Mandal,28,Female,Jaipur,New,2026-03-18
CUST004731,Leela Kothari,35,Female,Delhi,New,2025-09-21
CUST004732,Pushti Bal,44,Male,Pune,Regular,2023-10-15
CUST004733,Yasti Muni,59,Male,Delhi,Regular,2023-04-21
CUST004734,Sachi Apte,49,Male,Ahmedabad,Regular,2023-04-23
CUST004735,Harsh Raju,26,Female,Pune,Regular,2023-04-07
CUST004736,Ishani Kibe,25,Female,Hyderabad,Regular,2026-03-03
CUST004737,Anvi Dass,18,Male,Jaipur,Regular,2022-08-29
CUST004738,Amaira Warrior,64,Female,Delhi,Premium,2024-05-11
CUST004739,Benjamin Sarin,34,Male,Pune,Regular,2023-03-30
CUST004740,Megha Srinivasan,29,Female,Jaipur,Regular,2023-04-21
CUST004741,Ekansh Sandal,20,Male,Ahmedabad,Regular,2022-10-02
CUST004742,Gaurav Mital,59,Female,Jaipur,Regular,2022-12-21
CUST004743,Isaiah Kothari,44,Female,Delhi,Premium,2024-03-06
CUST004744,Samarth Reddy,50,Female,Chennai,Regular,2023-02-12
CUST004745,Tanay Soman,28,Female,Kolkata,Regular,2025-09-20
CUST004746,Aadi Om,25,Other,Jaipur,New,2023-06-14
CUST004747,Caleb Kumar,57,Female,Mumbai,New,2024-01-09
CUST004748,Nandini Natarajan,63,Male,Hyderabad,Regular,2025-12-22
CUST004749,Noah Parsa,55,Female,Indore,Regular,2026-07-07
CUST004750,Chasmum Tandon,40,Male,Delhi,Regular,2023-04-10
CUST004751,Jeet Chatterjee,58,Female,Hyderabad,Regular,2024-06-25
CUST004752,Azad Hans,66,Male,Indore,New,2025-08-15
CUST004753,Anusha Bala,34,Female,Ahmedabad,Premium,2026-01-03
CUST004754,Neelima Bhatnagar,20,Female,Bengaluru,Premium,2024-08-28
CUST004755,Dhruv Varty,21,Female,Kolkata,Regular,2023-03-13
CUST004756,Benjamin Agate,26,Female,Ahmedabad,Regular,2026-05-05
CUST004757,Triya Dhillon,45,Female,Ahmedabad,Premium,2023-01-26
CUST004758,Fariq Savant,50,Male,Indore,Premium,2023-10-23
CUST004759,Zansi Cheema,39,Male,Chennai,Premium,2026-01-02
CUST004760,Eta Goyal,62,Male,Pune,Regular,2026-07-26
CUST004761,Krisha Lanka,34,Male,Chennai,Regular,2024-12-24
CUST004762,Yuvraj Randhawa,24,Female,Indore,Regular,2025-08-14
CUST004763,Devika Toor,26,Female,Jaipur,Regular,2024-04-12
CUST004764,Gautam Narang,49,Female,Chennai,Regular,2024-02-08
CUST004765,Dipta Bawa,39,Male,Hyderabad,New,2023-02-16
CUST004766,Krishna Gole,54,Male,Pune,Regular,2022-11-28
CUST004767,Jalsa Koshy,49,Female,Pune,Regular,2025-08-15
CUST004768,Chaitanya Panchal,22,Female,Indore,Regular,2023-02-21
CUST004769,Urvi Brar,47,Male,Mumbai,Regular,2024-06-15
CUST004770,Utkarsh Yogi,22,Female,Indore,Regular,2025-11-10
CUST004771,Sarthak Sama,66,Other,Delhi,Regular,2023-12-30
CUST004772,Nirja Dass,23,Male,Ahmedabad,Regular,2023-01-31
CUST004773,Falak Pradhan,49,Female,Chennai,New,2025-03-17
CUST004774,Ladli Sunder,50,Female,Jaipur,Regular,2022-09-09
CUST004775,Aryan Mitra,68,Female,Delhi,New,2026-02-02
CUST004776,Chanchal Wali,58,Female,Mumbai,New,2025-02-15
CUST004777,Praneel Batta,65,Female,Ahmedabad,Regular,2023-11-27
CUST004778,Keya Mahal,40,Female,Mumbai,New,2025-12-31
CUST004779,Raagini Tank,47,Female,Hyderabad,New,2024-05-27
CUST004780,Eta Sarin,67,Male,Delhi,Regular,2023-10-10
CUST004781,Akshay Mukhopadhyay,53,Male,Indore,Premium,2023-12-30
CUST004782,Januja Suri,40,Female,Delhi,Premium,2025-11-15
CUST004783,Harini Yogi,38,Female,Bengaluru,Regular,2026-06-15
CUST004784,Shravya Morar,43,Female,Hyderabad,Regular,2025-12-04
CUST004785,Timothy Handa,39,Male,Bengaluru,Regular,2025-12-24
CUST004786,Pavani De,39,Male,Indore,Regular,2023-09-09
CUST004787,Aarna Ravel,35,Female,Bengaluru,Regular,2026-05-20
CUST004788,Kalpit Gour,69,Female,Chennai,New,2025-12-07
CUST004789,Gayathri Mann,39,Female,Mumbai,Premium,2022-11-21
CUST004790,Mekhala Natt,41,Male,Delhi,Regular,2025-03-23
CUST004791,Veer Bera,59,Male,Pune,Regular,2022-09-12
CUST004792,Naveen Grover,66,Male,Chennai,Regular,2023-02-28
CUST004793,Max Menon,63,Female,Hyderabad,Regular,2023-06-06
CUST004794,Priya Sridhar,51,Male,Mumbai,New,2025-08-11
CUST004795,Deepa Rattan,38,Male,Mumbai,Regular,2023-03-25
CUST004796,Ekalinga Ramakrishnan,43,Male,Chennai,Regular,2022-10-11
CUST004797,Farhan Goel,58,Female,Bengaluru,New,2023-11-08
CUST004798,George Pradhan,61,Female,Indore,Premium,2026-07-13
CUST004799,Zansi Rama,19,Female,Delhi,Regular,2022-11-30
CUST004800,Alexander Chokshi,27,Male,Ahmedabad,Regular,2024-09-04
CUST004801,Vasana Talwar,23,Male,Hyderabad,New,2025-01-13
CUST004802,Rohan Buch,69,Male,Delhi,Regular,2023-05-24
CUST004803,Sachi Arya,39,Female,Pune,Regular,2026-08-14
CUST004804,Sanaya Deshmukh,57,Female,Mumbai,New,2025-09-17
CUST004805,Adya Gala,35,Male,Chennai,Premium,2025-05-17
CUST004806,Faqid Din,49,Male,Ahmedabad,Regular,2025-10-06
CUST004807,Nitesh Bera,28,Male,Bengaluru,Regular,2023-07-11
CUST004808,Veer Srinivas,18,Female,Delhi,Regular,2024-02-11
CUST004809,Qushi Pal,58,Female,Pune,Regular,2025-08-14
CUST004810,Chanakya Shenoy,69,Female,Delhi,Regular,2025-01-05
CUST004811,Om Pillay,20,Male,Chennai,Regular,2023-10-14
CUST004812,Dayita Datta,26,Female,Bengaluru,Regular,2023-03-08
CUST004813,Yahvi Nair,45,Female,Ahmedabad,Regular,2026-05-24
CUST004814,Janaki Loyal,56,Female,Hyderabad,Regular,2022-11-10
CUST004815,Pushti Kumar,37,Female,Ahmedabad,Regular,2023-12-16
CUST004816,Bhavika Sibal,45,Female,Pune,New,2024-02-05
CUST004817,Ronith Bose,36,Male,Pune,Regular,2023-02-18
CUST004818,Rishi Dube,32,Female,Hyderabad,New,2026-08-19
CUST004819,Bhavika Yogi,27,Female,Delhi,Regular,2025-04-10
CUST004820,Frado Seshadri,69,Male,Mumbai,New,2024-07-10
CUST004821,Samuel Kibe,20,Female,Kolkata,New,2025-06-26
CUST004822,Ojas Suri,54,Female,Mumbai,Regular,2023-05-19
CUST004823,Rehaan Yohannan,63,Male,Indore,New,2024-04-09
CUST004824,Elijah Soman,35,Male,Ahmedabad,New,2024-02-29
CUST004825,Darsh Bhavsar,20,Female,Mumbai,Regular,2025-03-28
CUST004826,Yatin Barman,23,Male,Mumbai,Regular,2023-09-29
CUST004827,Robert Bali,69,Male,Ahmedabad,Regular,2024-04-20
CUST004828,Ekta Thakur,44,Other,Delhi,Regular,2026-03-09
CUST004829,Amara Karnik,69,Male,Hyderabad,Regular,2024-01-25
CUST004830,Dalaja Arora,26,Male,Jaipur,New,2022-10-23
CUST004831,Yutika Biswas,46,Female,Hyderabad,New,2025-09-12
CUST004832,Ridhi Som,31,Female,Bengaluru,Regular,2024-10-21
CUST004833,Yoshita Bhavsar,55,Female,Hyderabad,New,2026-03-29
CUST004834,Hemani Gera,37,Female,Bengaluru,Regular,2023-11-05
CUST004835,Aachal Parsa,35,Male,Chennai,Regular,2023-10-09
CUST004836,Prisha Bera,53,Female,Mumbai,Regular,2026-03-03
CUST004837,Janaki Bhatti,32,Female,Indore,New,2024-09-05
CUST004838,Shravya Chhabra,18,Male,Kolkata,New,2022-09-22
CUST004839,Wridesh Dasgupta,62,Female,Kolkata,Regular,2023-04-14
CUST004840,Yadavi Vala,30,Female,Pune,Premium,2025-06-20
CUST004841,Libni Sandal,65,Other,Delhi,Regular,2025-02-24
CUST004842,Darsh Mohan,52,Male,Chennai,Regular,2023-12-30
CUST004843,Kiaan Srinivas,47,Female,Kolkata,Regular,2023-02-07
CUST004844,Shivani Devan,32,Female,Pune,Regular,2023-09-27
CUST004845,Viraj Bansal,59,Female,Pune,Premium,2026-02-07
CUST004846,Lakshmi Krishnan,37,Female,Ahmedabad,New,2023-05-27
CUST004847,Kevin Jani,22,Male,Kolkata,Regular,2026-03-12
CUST004848,Shivani Gaba,59,Other,Hyderabad,Regular,2024-11-16
CUST004849,Wazir Chauhan,59,Female,Jaipur,New,2023-04-20
CUST004850,Xalak Balan,39,Male,Ahmedabad,Regular,2024-04-28
CUST004851,Shivansh Gera,55,Male,Bengaluru,Regular,2024-11-09
CUST004852,Simon Ganesh,57,Male,Bengaluru,Premium,2023-04-12
CUST004853,Chaitanya Dada,65,Male,Ahmedabad,Regular,2022-09-21
CUST004854,Victor Gill,56,Male,Hyderabad,Premium,2026-06-09
CUST004855,Amol Bhatnagar,63,Female,Pune,Regular,2025-08-07
CUST004856,Triya Saraf,56,Female,Pune,Regular,2024-04-09
CUST004857,Chakradev Balan,51,Female,Delhi,Regular,2024-10-26
CUST004858,Libni Dara,23,Female,Hyderabad,Regular,2022-09-15
CUST004859,Chakrika Gulati,53,Female,Jaipur,Regular,2024-03-29
CUST004860,Girik Mani,52,Male,Mumbai,Premium,2022-12-02
CUST004861,Bimala Nagar,38,Female,Kolkata,New,2025-06-03
CUST004862,Frederick Uppal,23,Female,Mumbai,Regular,2025-11-14
CUST004863,Vasudha Majumdar,59,Female,Chennai,New,2024-06-13
CUST004864,Robert Murty,45,Male,Kolkata,Premium,2023-12-22
CUST004865,Diya Chaudhari,41,Female,Jaipur,Regular,2022-10-22
CUST004866,Rushil Badal,52,Female,Jaipur,Regular,2024-08-07
CUST004867,Qabil Aggarwal,28,Female,Hyderabad,Regular,2024-03-25
CUST004868,Forum Raghavan,68,Male,Mumbai,Regular,2024-07-08
CUST004869,Garima Bahri,58,Female,Chennai,Premium,2026-07-01
CUST004870,Rajata Sant,53,Male,Jaipur,New,2026-06-22
CUST004871,Pahal Luthra,47,Female,Mumbai,Premium,2023-01-18
CUST004872,Agastya Ramaswamy,69,Female,Chennai,New,2026-07-22
CUST004873,Chandani Chadha,21,Male,Jaipur,Premium,2025-09-03
CUST004874,Umang Manda,45,Female,Ahmedabad,Regular,2022-08-31
CUST004875,Ekiya Chaudhry,61,Male,Hyderabad,Regular,2024-05-09
CUST004876,Upasna Barman,34,Male,Indore,Premium,2024-11-18
CUST004877,Jhalak Hayer,19,Female,Kolkata,Regular,2024-06-26
CUST004878,Samaksh Menon,21,Male,Delhi,New,2025-01-05
CUST004879,Krishna Warrior,60,Female,Bengaluru,Premium,2025-09-29
CUST004880,Nathaniel Rama,63,Female,Indore,New,2025-03-28
CUST004881,Alexander Wable,19,Female,Kolkata,Regular,2023-08-27
CUST004882,Zinal Dani,29,Female,Chennai,Regular,2024-08-31
CUST004883,Elijah Patla,34,Female,Kolkata,Regular,2022-10-15
CUST004884,Pushti Gole,51,Female,Indore,Regular,2024-03-14
CUST004885,Faras Sha,50,Female,Delhi,Regular,2026-06-22
CUST004886,Arin Khalsa,21,Male,Delhi,Regular,2023-03-13
CUST004887,Gagan Deo,63,Female,Bengaluru,Regular,2024-06-29
CUST004888,Suhani Vig,29,Female,Mumbai,Regular,2025-02-10
CUST004889,Lajita Aurora,39,Male,Indore,Regular,2023-12-12
CUST004890,Abdul Pillay,39,Male,Jaipur,New,2026-08-19
CUST004891,Elijah Shenoy,58,Female,Chennai,Regular,2024-03-12
CUST004892,Yashvi Murthy,50,Female,Ahmedabad,Regular,2023-02-27
CUST004893,Vidhi Shan,57,Male,Bengaluru,Premium,2023-11-23
CUST004894,Lakshit Sura,52,Female,Mumbai,Regular,2023-12-03
CUST004895,Qasim Borde,23,Male,Pune,Regular,2023-01-26
CUST004896,Avni Chanda,40,Female,Hyderabad,Regular,2025-03-31
CUST004897,Lakshit Sarin,42,Female,Pune,Regular,2023-10-16
CUST004898,Nicholas Dhaliwal,37,Male,Pune,Premium,2025-03-22
CUST004899,Gaurika Vala,22,Male,Ahmedabad,Regular,2025-02-26
CUST004900,Shivani Bera,35,Male,Kolkata,Premium,2026-02-09
CUST004901,Jeevika Lata,60,Male,Pune,New,2026-07-22
CUST004902,Henry Pal,28,Male,Ahmedabad,New,2025-07-21
CUST004903,Kashish Sunder,26,Female,Pune,New,2026-03-15
CUST004904,Eiravati Saran,68,Male,Ahmedabad,Regular,2025-12-21
CUST004905,Aarnav Dhaliwal,62,Female,Hyderabad,Premium,2023-03-13
CUST004906,Watika Acharya,62,Female,Pune,Premium,2025-09-05
CUST004907,Chandran Bhatnagar,63,Male,Pune,Regular,2025-05-06
CUST004908,Theodore Oommen,65,Male,Bengaluru,Regular,2024-05-26
CUST004909,Chatresh Sharaf,67,Male,Delhi,Regular,2023-05-22
CUST004910,Laban Mallick,58,Female,Bengaluru,Premium,2026-04-06
CUST004911,Peter Thakur,36,Female,Delhi,Premium,2023-05-09
CUST004912,Ati Ahluwalia,60,Male,Chennai,New,2022-11-27
CUST004913,Vedika Venkatesh,60,Male,Pune,Regular,2025-06-06
CUST004914,Naveen Lala,26,Female,Chennai,Premium,2025-09-15
CUST004915,Wridesh Chana,53,Male,Indore,Regular,2023-03-28
CUST004916,Elijah Ramachandran,47,Male,Ahmedabad,Regular,2026-08-18
CUST004917,Abeer Subramaniam,45,Male,Pune,Regular,2022-12-09
CUST004918,Indali Bhargava,28,Male,Delhi,Regular,2023-01-18
CUST004919,Kamya Agarwal,26,Other,Chennai,New,2025-04-03
CUST004920,Ubika Chopra,25,Male,Delhi,Regular,2026-02-17
CUST004921,Divya Grewal,23,Female,Jaipur,Regular,2024-06-22
CUST004922,Caleb Patil,36,Male,Mumbai,Regular,2023-08-17
CUST004923,Chatresh Deshpande,33,Female,Indore,New,2023-07-05
CUST004924,Bachittar Shere,25,Male,Indore,New,2022-12-17
CUST004925,Dipta Aurora,27,Male,Delhi,Premium,2022-09-05
CUST004926,Aahana Chadha,32,Male,Pune,Regular,2026-05-22
CUST004927,Falak Memon,26,Female,Hyderabad,New,2023-08-16
CUST004928,Upadhriti Sachdev,26,Female,Ahmedabad,New,2025-03-07
CUST004929,Nitara Padmanabhan,65,Female,Kolkata,Regular,2023-03-21
CUST004930,Arya Sodhi,47,Female,Chennai,Regular,2025-11-30
CUST004931,Odika Chakrabarti,52,Male,Ahmedabad,Regular,2025-04-24
CUST004932,Urvi Jain,66,Female,Jaipur,Premium,2026-01-30
CUST004933,Fitan Kala,68,Male,Ahmedabad,New,2026-06-29
CUST004934,Balendra Kuruvilla,42,Male,Bengaluru,Regular,2024-01-27
CUST004935,Mitesh Pandey,66,Female,Ahmedabad,Regular,2025-12-14
CUST004936,Tristan Goswami,56,Female,Kolkata,Regular,2022-12-13
CUST004937,Chaman Kala,65,Female,Bengaluru,Regular,2026-05-29
CUST004938,Raksha Kunda,37,Female,Jaipur,Regular,2024-11-20
CUST004939,Geetika Doshi,33,Female,Kolkata,Regular,2024-06-12
CUST004940,Nidra Mahajan,37,Female,Chennai,Regular,2024-12-23
CUST004941,Balvan Sanghvi,22,Male,Kolkata,Regular,2024-07-24
CUST004942,Theodore Krishnamurthy,43,Other,Ahmedabad,Regular,2026-06-13
CUST004943,Yahvi Hayer,29,Female,Pune,Regular,2024-12-25
CUST004944,Peter Nadkarni,37,Female,Bengaluru,Regular,2026-01-23
CUST004945,Lavanya Misra,55,Female,Indore,Regular,2024-05-20
CUST004946,Champak Narayanan,62,Male,Jaipur,Regular,2024-01-29
CUST004947,Sanaya Sawhney,62,Male,Hyderabad,Regular,2026-08-08
CUST004948,Chandresh Ramaswamy,29,Male,Ahmedabad,Regular,2024-03-10
CUST004949,Gautami Pandey,35,Female,Hyderabad,Premium,2022-12-31
CUST004950,Mekhala Dutta,52,Female,Ahmedabad,Premium,2023-07-14
CUST004951,Aditya Bandi,51,Female,Ahmedabad,Regular,2024-12-16
CUST004952,Ekta Chhabra,25,Male,Mumbai,New,2022-11-03
CUST004953,Dayamai Bala,41,Female,Bengaluru,New,2025-06-28
CUST004954,Vivaan Chaudhry,26,Male,Kolkata,New,2023-01-05
CUST004955,Turvi Tripathi,26,Male,Bengaluru,Premium,2024-04-22
CUST004956,Anirudh Dhar,44,Male,Pune,New,2024-01-21
CUST004957,Sai Ramachandran,51,Female,Ahmedabad,New,2022-11-20
CUST004958,Om Bajwa,68,Female,Jaipur,Premium,2024-05-20
CUST004959,Vivaan Murty,64,Female,Delhi,Regular,2026-02-19
CUST004960,Fiyaz Goel,57,Female,Chennai,Premium,2022-08-30
CUST004961,Krishna Gopal,52,Male,Kolkata,Premium,2024-07-09
CUST004962,Ishanvi Bhargava,47,Female,Kolkata,Regular,2022-09-14
CUST004963,Omisha Bedi,27,Female,Indore,New,2022-12-29
CUST004964,Indrajit Nazareth,61,Female,Mumbai,Premium,2023-07-28
CUST004965,Idika Lad,20,Female,Bengaluru,Premium,2024-07-12
CUST004966,Azad Sarma,44,Female,Kolkata,Regular,2023-11-10
CUST004967,Waida Chaudhry,28,Female,Ahmedabad,New,2025-11-29
CUST004968,Rayaan Dayal,51,Female,Hyderabad,New,2024-08-18
CUST004969,Irya Pau,43,Male,Bengaluru,Regular,2025-05-25
CUST004970,Vihaan Bhatti,62,Male,Mumbai,New,2022-11-11
CUST004971,Maya Mani,56,Male,Indore,Premium,2025-07-16
CUST004972,Daksha Arora,65,Female,Kolkata,Regular,2023-07-10
CUST004973,Aarush Mall,23,Female,Kolkata,Premium,2024-02-20
CUST004974,Azad Kala,69,Female,Ahmedabad,Regular,2024-06-24
CUST004975,Yashawini Mane,58,Male,Jaipur,Regular,2022-12-07
CUST004976,Charita Chandra,50,Other,Kolkata,Regular,2023-08-07
CUST004977,Owen Parmer,27,Female,Pune,New,2024-02-17
CUST004978,Kashvi Oak,53,Male,Pune,Regular,2023-04-13
CUST004979,Janaki Rama,51,Male,Pune,Regular,2022-12-16
CUST004980,Daniel Reddy,25,Female,Hyderabad,Regular,2024-09-23
CUST004981,Anirudh Rao,22,Male,Indore,Regular,2025-02-01
CUST004982,Daniel Borah,29,Male,Chennai,Regular,2024-12-25
CUST004983,Reva Sood,35,Female,Pune,Premium,2023-10-11
CUST004984,Wyatt Srinivas,58,Female,Kolkata,New,2024-10-15
CUST004985,Jeremiah Kamdar,64,Female,Delhi,Regular,2025-06-22
CUST004986,Bhavya Mohanty,62,Female,Pune,Regular,2025-02-16
CUST004987,Umang Bail,61,Female,Indore,New,2022-09-02
CUST004988,Vritti Shanker,63,Female,Delhi,Regular,2024-04-05
CUST004989,Gaurika Narang,51,Female,Jaipur,Premium,2022-09-10
CUST004990,Naveen Pall,56,Male,Indore,Regular,2026-03-07
CUST004991,Elijah Tak,61,Male,Jaipur,Regular,2023-07-25
CUST004992,Dhriti Kumer,28,Other,Pune,Premium,2023-03-18
CUST004993,Qarin Mangal,51,Male,Kolkata,Regular,2023-02-09
CUST004994,Aachal Gour,52,Female,Delhi,Regular,2025-02-18
CUST004995,Rachit Doctor,29,Male,Delhi,Regular,2023-08-03
CUST004996,Darika Narayanan,18,Male,Jaipur,Premium,2026-04-19
CUST004997,Ekaraj Aurora,27,Female,Delhi,Regular,2025-10-17
CUST004998,Balveer Sama,21,Male,Hyderabad,Premium,2026-03-24
CUST004999,Ishani Konda,20,Female,Mumbai,Premium,2022-09-06
CUST005000,Yashvi Kulkarni,34,Female,Jaipur,Premium,2023-09-10
CUST005001,Max Dada,67,Female,Mumbai,Regular,2023-01-13
CUST005002,Maya Sawhney,19,Male,Jaipur,Regular,2023-08-05
CUST005003,Abeer Manda,48,Male,Delhi,Regular,2026-06-21
CUST005004,Tanmayi Natt,47,Female,Mumbai,New,2025-11-12
CUST005005,Ekiya Grewal,51,Female,Delhi,New,2023-01-12
CUST005006,Pallavi Muni,41,Male,Jaipur,Regular,2023-05-16
CUST005007,Chakradhar Kashyap,59,Male,Ahmedabad,Regular,2026-03-30
CUST005008,Oni Gola,52,Male,Indore,Regular,2026-01-18
CUST005009,Lohit Shankar,23,Other,Delhi,Regular,2024-03-25
CUST005010,Rachit Brahmbhatt,51,Female,Kolkata,Regular,2023-09-30
CUST005011,Ubika Bakshi,53,Female,Hyderabad,New,2025-08-12
CUST005012,Aarav Saxena,47,Male,Hyderabad,Premium,2023-02-22
CUST005013,Hemangini Edwin,39,Female,Hyderabad,Regular,2023-08-14
CUST005014,Pratyush Gulati,44,Female,Pune,Regular,2024-06-29
CUST005015,Hardik Garg,23,Female,Hyderabad,Regular,2022-12-11
CUST005016,Jeet Vig,38,Male,Pune,Premium,2025-02-03
CUST005017,Aayush Pau,36,Male,Mumbai,Regular,2025-01-23
CUST005018,Radha Cherian,56,Male,Pune,New,2025-12-11
CUST005019,Yahvi Sarkar,29,Female,Kolkata,New,2023-07-23
CUST005020,Gaurangi Bumb,54,Female,Mumbai,Premium,2025-10-06
CUST005021,Ubika Singhal,47,Female,Ahmedabad,New,2023-05-16
CUST005022,Lakshmi Varughese,55,Other,Mumbai,Regular,2022-11-06
CUST005023,Harinakshi Khalsa,24,Male,Chennai,Premium,2024-09-10
CUST005024,Ekalinga Prashad,24,Male,Bengaluru,Regular,2025-03-31
CUST005025,Yashoda Srinivasan,36,Female,Pune,Premium,2026-06-25
CUST005026,Yashodhara Majumdar,43,Female,Kolkata,Regular,2024-01-26
CUST005027,Chatresh Char,23,Female,Indore,New,2024-11-04
CUST005028,Om Sood,67,Male,Mumbai,Regular,2023-05-08
CUST005029,Chatura Goel,38,Male,Delhi,Regular,2025-01-01
CUST005030,Chaitaly Yadav,46,Male,Ahmedabad,New,2023-03-15
CUST005031,Krishna Dugal,42,Female,Bengaluru,New,2022-11-28
CUST005032,Gaurang Mall,35,Male,Mumbai,Premium,2023-11-05
CUST005033,Arya Kakar,18,Female,Hyderabad,Premium,2025-10-07
CUST005034,Imaran Bhatti,49,Female,Chennai,Regular,2024-06-13
CUST005035,Rohan Anne,24,Female,Kolkata,Regular,2025-07-09
CUST005036,Agastya Datta,43,Female,Ahmedabad,New,2022-10-24
CUST005037,Chandresh Malhotra,45,Male,Pune,Premium,2026-08-23
CUST005038,Theodore Deep,19,Male,Hyderabad,New,2023-03-19
CUST005039,Widisha Parmer,56,Female,Bengaluru,New,2026-04-11
CUST005040,Harshil Kohli,49,Female,Chennai,Regular,2024-03-30
CUST005041,Benjamin De,68,Male,Kolkata,New,2024-10-18
CUST005042,Omisha Nayak,53,Female,Bengaluru,Regular,2026-06-05
CUST005043,Niharika Kulkarni,47,Female,Jaipur,New,2024-05-04
CUST005044,Aarnav Bhandari,24,Female,Bengaluru,Regular,2024-02-15
CUST005045,Ria Shan,56,Female,Mumbai,Premium,2024-08-11
CUST005046,Mitali Char,39,Male,Kolkata,Regular,2025-04-04
CUST005047,Kevin Bobal,49,Female,Mumbai,New,2025-07-26
CUST005048,Neel Chakraborty,43,Female,Bengaluru,Regular,2024-06-04
CUST005049,Upasna Misra,32,Male,Ahmedabad,Regular,2024-04-07
CUST005050,Nathan Wali,40,Female,Mumbai,Regular,2023-08-02
CUST005051,Ayush Lall,34,Male,Indore,New,2023-09-18
CUST005052,Ekalinga Ram,57,Female,Chennai,Regular,2024-04-28
CUST005053,Matthew Bumb,56,Male,Kolkata,New,2026-01-25
CUST005054,Jagat Saini,59,Female,Pune,Regular,2024-09-23
CUST005055,Yachana Bhalla,29,Male,Delhi,Regular,2024-03-20
CUST005056,Jyoti Sahni,63,Female,Kolkata,Regular,2026-03-28
CUST005057,Triveni Baria,47,Male,Ahmedabad,New,2024-04-15
CUST005058,Meera Dua,35,Female,Hyderabad,Regular,2023-01-06
CUST005059,Janaki Pathak,54,Female,Ahmedabad,Regular,2022-11-30
CUST005060,Bhavini Kumar,30,Male,Chennai,Regular,2023-12-08
CUST005061,Ridhi Sankar,43,Male,Ahmedabad,Regular,2024-04-28
CUST005062,Damini Gulati,60,Male,Ahmedabad,New,2025-09-16
CUST005063,Omaja Padmanabhan,50,Male,Hyderabad,Regular,2022-09-11
CUST005064,Krisha Ganesh,61,Female,Bengaluru,Regular,2024-08-02
CUST005065,Kai Ganguly,40,Female,Kolkata,Premium,2024-04-18
CUST005066,Radha Dalal,20,Male,Hyderabad,New,2023-01-13
CUST005067,Manan Kumer,25,Female,Kolkata,Regular,2023-07-31
CUST005068,Laksh Oza,50,Female,Bengaluru,Regular,2025-06-10
CUST005069,Amaira Dora,61,Female,Hyderabad,Premium,2023-02-02
CUST005070,Waida Chaudhari,61,Male,Hyderabad,Regular,2025-10-21
CUST005071,Manbir Khatri,59,Male,Jaipur,Regular,2025-09-27
CUST005072,Frado Rai,55,Female,Chennai,Regular,2023-10-12
CUST005073,Sai Nigam,22,Female,Delhi,Regular,2026-01-30
CUST005074,Krish Manda,18,Female,Ahmedabad,Regular,2024-08-14
CUST005075,Jasmit Bhandari,53,Female,Delhi,New,2024-03-17
CUST005076,Umang Korpal,34,Male,Pune,Regular,2023-10-08
CUST005077,Bakhshi Khosla,65,Female,Chennai,New,2022-12-27
CUST005078,Jasmit Wadhwa,27,Male,Hyderabad,New,2024-10-12
CUST005079,Ayaan Prakash,44,Male,Bengaluru,New,2025-09-18
CUST005080,Kala Sibal,53,Female,Ahmedabad,New,2025-12-20
CUST005081,Amruta Tata,43,Male,Ahmedabad,New,2024-01-24
CUST005082,Neelima Loyal,31,Male,Bengaluru,Regular,2025-09-23
CUST005083,Ryan Patel,39,Male,Pune,Regular,2023-09-05
CUST005084,Kamala Sodhi,45,Female,Pune,New,2026-04-21
CUST005085,Maya Raju,42,Female,Kolkata,Regular,2026-08-14
CUST005086,Devansh Sankar,52,Female,Bengaluru,New,2023-07-19
CUST005087,Jonathan Brar,66,Male,Jaipur,Regular,2023-05-31
CUST005088,Bhavika Pingle,19,Female,Mumbai,Regular,2022-10-02
CUST005089,Gaurangi Mohan,39,Male,Chennai,Regular,2024-10-26
CUST005090,Harita Goyal,41,Male,Jaipur,Premium,2025-11-22
CUST005091,Luke Naidu,67,Male,Mumbai,Regular,2026-01-01
CUST005092,Lakshmi Ranganathan,42,Male,Mumbai,Premium,2023-12-11
CUST005093,Qabil Chowdhury,29,Male,Indore,Regular,2026-04-15
CUST005094,Agastya Setty,59,Male,Kolkata,New,2026-05-11
CUST005095,Laban Khatri,55,Male,Hyderabad,Regular,2024-03-22
CUST005096,Amaira Golla,49,Female,Delhi,New,2024-04-17
CUST005097,Bhavika Ben,49,Male,Mumbai,Regular,2025-07-01
CUST005098,Rohan Kota,63,Male,Bengaluru,New,2026-01-11
CUST005099,Ojasvi Dada,61,Male,Mumbai,Premium,2023-12-09
CUST005100,Dayamai Kala,59,Male,Ahmedabad,New,2025-09-17
CUST005101,Sneha Sachar,60,Male,Pune,Regular,2023-08-05
CUST005102,Upkaar Chawla,36,Female,Mumbai,Premium,2026-07-08
CUST005103,Ayushman Walla,34,Female,Bengaluru,Regular,2025-05-27
CUST005104,Warhi Wali,40,Male,Bengaluru,Regular,2026-02-25
CUST005105,Oliver Dhar,33,Female,Pune,Regular,2026-08-15
CUST005106,Fariq Pillay,41,Other,Delhi,Regular,2025-10-05
CUST005107,George Mand,57,Female,Indore,Regular,2024-01-05
CUST005108,Shaurya Patil,38,Male,Hyderabad,New,2026-02-16
CUST005109,Patrick Sant,63,Female,Mumbai,New,2026-06-10
CUST005110,Aashi Loke,65,Male,Delhi,Regular,2026-04-01
CUST005111,Chanakya Chowdhury,24,Male,Pune,Regular,2024-10-09
CUST005112,Nihal Bakshi,63,Male,Indore,Regular,2025-08-07
CUST005113,Harita Divan,63,Female,Jaipur,New,2023-08-09
CUST005114,Turvi Sethi,45,Male,Hyderabad,Regular,2023-03-22
CUST005115,Mugdha Naik,46,Male,Mumbai,Premium,2024-05-21
CUST005116,Robert Sidhu,37,Female,Bengaluru,Premium,2022-09-03
CUST005117,Arya Bhatia,20,Male,Pune,Regular,2025-05-28
CUST005118,Ishanvi Dua,57,Male,Bengaluru,New,2026-02-12
CUST005119,Dev Bakshi,40,Male,Delhi,Regular,2026-08-08
CUST005120,Eshana Venkataraman,55,Female,Chennai,Regular,2025-06-16
CUST005121,Balhaar Bakshi,60,Female,Chennai,Regular,2026-07-29
CUST005122,Veda Gokhale,49,Male,Kolkata,Regular,2025-10-05
CUST005123,Dominic More,32,Female,Indore,New,2023-06-14
CUST005124,Ubika Hayer,51,Male,Indore,Regular,2023-03-03
CUST005125,Avi Mitra,22,Female,Hyderabad,Premium,2023-08-16
CUST005126,Teerth Rao,22,Male,Mumbai,Premium,2024-11-27
CUST005127,Warda Gala,67,Male,Ahmedabad,New,2026-07-10
CUST005128,Rushil Dara,37,Female,Ahmedabad,New,2023-07-02
CUST005129,Hiral Panchal,28,Female,Hyderabad,Premium,2025-09-03
CUST005130,Zarna Raman,21,Female,Chennai,Regular,2023-05-29
CUST005131,Quincy Sundaram,65,Male,Indore,New,2025-12-29
CUST005132,Hemangini Datta,50,Female,Jaipur,New,2025-09-19
CUST005133,Indira Kala,62,Male,Pune,Premium,2026-07-11
CUST005134,Manbir Gara,30,Female,Delhi,Regular,2023-04-20
CUST005135,Utkarsh Gupta,66,Female,Hyderabad,Regular,2026-06-17
CUST005136,Aarav Mani,65,Male,Pune,Regular,2024-03-15
CUST005137,Tristan Pandya,30,Female,Delhi,Regular,2023-08-14
CUST005138,Utkarsh Sampath,38,Male,Indore,Regular,2024-06-22
CUST005139,Yashica Palla,37,Female,Jaipur,Premium,2022-10-21
CUST005140,Mekhala Chand,31,Male,Delhi,New,2026-07-08
CUST005141,Tripti Bath,41,Female,Jaipur,Regular,2024-10-31
CUST005142,Lopa Tank,26,Female,Mumbai,Premium,2026-01-03
CUST005143,Yashasvi Dutt,26,Female,Delhi,New,2026-03-09
CUST005144,Lakshmi Barad,27,Female,Ahmedabad,New,2023-01-29
CUST005145,Vyanjana Dash,41,Other,Indore,New,2023-04-28
CUST005146,Harish Pandya,35,Male,Hyderabad,Regular,2025-05-26
CUST005147,Qadim Chakraborty,22,Male,Delhi,New,2026-04-24
CUST005148,Radhika Lala,24,Male,Pune,Premium,2024-12-05
CUST005149,Neha Sridhar,34,Female,Ahmedabad,New,2023-07-06
CUST005150,Saanvi Lala,56,Female,Ahmedabad,Regular,2023-03-20
CUST005151,Shaurya Kalita,54,Female,Pune,Regular,2025-08-06
CUST005152,Lucky Edwin,52,Female,Chennai,New,2026-07-27
CUST005153,Hitesh Master,67,Male,Jaipur,New,2023-09-27
CUST005154,Hiral Dube,40,Other,Mumbai,New,2025-09-16
CUST005155,Pranav Pandya,57,Female,Jaipur,Regular,2024-05-19
CUST005156,Krishna Goswami,34,Female,Pune,New,2026-02-24
CUST005157,Siddharth Prabhu,44,Female,Bengaluru,New,2025-06-13
CUST005158,Lopa Kibe,59,Female,Hyderabad,Premium,2026-03-15
CUST005159,Yash Bhavsar,56,Male,Jaipur,Regular,2026-04-18
CUST005160,Christopher Magar,47,Female,Ahmedabad,Premium,2024-05-06
CUST005161,Anya Cheema,48,Male,Jaipur,Regular,2026-03-06
CUST005162,Abeer Sunder,40,Male,Mumbai,New,2025-07-03
CUST005163,Veer Mody,27,Female,Bengaluru,New,2025-12-10
CUST005164,Ekiya Dixit,54,Female,Hyderabad,Premium,2022-09-19
CUST005165,Thomas Rajan,61,Male,Kolkata,Regular,2023-05-27
CUST005166,Dakshesh Trivedi,24,Male,Pune,Regular,2025-12-29
CUST005167,Mohini Karnik,50,Female,Jaipur,New,2025-01-31
CUST005168,Jasmit Raju,55,Male,Bengaluru,New,2022-12-05
CUST005169,Aradhana Soni,52,Male,Kolkata,Premium,2022-11-06
CUST005170,Eiravati Krishnamurthy,35,Female,Hyderabad,Regular,2025-01-28
CUST005171,Owen Bhavsar,28,Female,Delhi,Regular,2024-03-23
CUST005172,Priya Loyal,59,Female,Hyderabad,New,2022-12-18
CUST005173,Hema Narayan,33,Male,Hyderabad,Regular,2024-06-24
CUST005174,Anay Chand,20,Male,Mumbai,Regular,2025-02-09
CUST005175,Siddharth Nagi,28,Male,Bengaluru,New,2024-07-29
CUST005176,Ishita Goyal,35,Female,Delhi,New,2022-11-30
CUST005177,Aadi Devan,56,Female,Indore,Regular,2022-09-26
CUST005178,Om Saran,43,Male,Ahmedabad,Premium,2023-05-01
CUST005179,Ekavir Taneja,55,Male,Ahmedabad,Premium,2023-01-25
CUST005180,Gaurav Doctor,55,Female,Hyderabad,Regular,2023-12-19
CUST005181,Saksham Kohli,57,Female,Jaipur,New,2025-11-09
CUST005182,Netra Shere,23,Female,Indore,New,2024-12-02
CUST005183,Nidra Bansal,64,Male,Chennai,New,2025-01-24
CUST005184,Tanveer Borah,67,Male,Jaipur,Regular,2023-05-12
CUST005185,Vritti Sule,31,Male,Delhi,Regular,2023-08-23
CUST005186,Qasim Deo,42,Female,Indore,Regular,2024-07-09
CUST005187,Ayaan Sharma,45,Male,Ahmedabad,Regular,2024-02-06
CUST005188,Osha Pandey,54,Female,Kolkata,Regular,2023-09-01
CUST005189,Dayamai Jain,55,Male,Chennai,Regular,2023-02-24
CUST005190,Lavanya Narasimhan,50,Male,Jaipur,Regular,2023-12-21
CUST005191,Azaan Vala,40,Female,Indore,Regular,2025-07-08
CUST005192,Qabil Kaul,53,Female,Delhi,Regular,2023-03-10
CUST005193,Chakradev Dutt,45,Female,Chennai,Premium,2023-03-05
CUST005194,Indira Bajwa,24,Female,Chennai,New,2025-12-14
CUST005195,Vedika Radhakrishnan,65,Female,Hyderabad,Regular,2023-10-25
CUST005196,Tanmayi Mander,23,Male,Hyderabad,Regular,2024-09-12
CUST005197,Chandresh Agarwal,26,Male,Jaipur,New,2023-04-03
CUST005198,Ucchal Randhawa,53,Female,Mumbai,Regular,2023-12-17
CUST005199,Radhika Taneja,27,Female,Indore,Regular,2024-05-12
CUST005200,Sara Sengupta,23,Female,Kolkata,Regular,2026-08-02
CUST005201,Gaurav Saini,44,Male,Hyderabad,Regular,2026-02-16
CUST005202,Lekha Palan,52,Female,Delhi,Premium,2024-06-21
CUST005203,Aarini Narayanan,41,Female,Jaipur,Regular,2022-10-19
CUST005204,Niharika Konda,54,Female,Chennai,Regular,2024-02-28
CUST005205,Thomas Singhal,52,Male,Hyderabad,Regular,2023-07-04
CUST005206,Libni Magar,29,Male,Delhi,New,2025-01-22
CUST005207,Quincy Shetty,33,Female,Kolkata,New,2024-07-14
CUST005208,Imaran Parmar,53,Female,Pune,New,2023-03-30
CUST005209,Udant Nagi,20,Male,Hyderabad,Premium,2023-07-14
CUST005210,Kamala Shukla,28,Female,Ahmedabad,Regular,2025-09-18
CUST005211,Praneel Pillai,63,Female,Chennai,Regular,2024-02-23
CUST005212,Neel Wadhwa,65,Male,Chennai,Regular,2023-05-06
CUST005213,Odika Jhaveri,29,Female,Chennai,New,2024-06-21
CUST005214,Wahab Brar,22,Male,Chennai,Regular,2026-04-15
CUST005215,Bimala Vohra,63,Female,Jaipur,Regular,2025-04-19
CUST005216,Maya Palla,30,Female,Delhi,Regular,2026-08-01
CUST005217,Odika Saran,52,Female,Mumbai,New,2023-09-18
CUST005218,Ganga Lala,34,Female,Hyderabad,Regular,2026-05-18
CUST005219,Timothy Mohanty,44,Male,Ahmedabad,Premium,2025-09-03
CUST005220,Elijah Mody,28,Male,Kolkata,Regular,2025-04-05
CUST005221,Meghana Konda,64,Male,Bengaluru,Regular,2025-11-10
CUST005222,Aarna Majumdar,63,Other,Bengaluru,Premium,2025-02-12
CUST005223,Bhavani Kara,25,Male,Delhi,Regular,2025-02-07
CUST005224,Nimrat Lalla,66,Female,Chennai,New,2022-09-24
CUST005225,Madhav Kapur,39,Female,Delhi,New,2022-11-11
CUST005226,Xiti Salvi,63,Male,Jaipur,Regular,2023-03-16
CUST005227,Tejas Walia,69,Female,Kolkata,New,2025-05-23
CUST005228,Harish Krish,68,Other,Mumbai,Regular,2023-04-30
CUST005229,Abhiram Sehgal,51,Male,Hyderabad,Regular,2023-03-17
CUST005230,Oscar Contractor,22,Female,Kolkata,Premium,2026-04-26
CUST005231,Caleb Srinivas,42,Male,Pune,New,2024-01-18
CUST005232,Zilmil Pall,27,Male,Delhi,Regular,2023-06-24
CUST005233,Nitara Prabhakar,54,Female,Indore,Regular,2024-02-03
CUST005234,Kevin Dass,66,Male,Ahmedabad,Regular,2022-10-25
CUST005235,Advaith Basak,23,Female,Ahmedabad,Regular,2023-12-10
CUST005236,Rachita Modi,26,Male,Indore,Regular,2024-04-12
CUST005237,Manbir Kapoor,67,Male,Bengaluru,Premium,2025-01-25
CUST005238,Ayaan Dhaliwal,46,Female,Delhi,Premium,2026-06-22
CUST005239,Hredhaan Deshpande,68,Male,Indore,New,2025-12-20
CUST005240,Samar Shenoy,51,Male,Pune,Premium,2024-01-28
CUST005241,Ishani Wadhwa,38,Male,Hyderabad,New,2025-08-31
CUST005242,Ranveer Narayanan,24,Male,Delhi,Premium,2025-02-18
CUST005243,Urishilla Agate,23,Male,Indore,Regular,2025-01-07
CUST005244,Farhan Kamdar,45,Female,Indore,New,2022-12-13
CUST005245,Jalsa Misra,58,Female,Jaipur,Regular,2023-06-18
CUST005246,Falak Ranganathan,36,Male,Chennai,New,2024-04-22
CUST005247,Frado Bora,40,Male,Chennai,Premium,2023-08-10
CUST005248,Chanakya Jayaraman,27,Female,Ahmedabad,Regular,2023-12-02
CUST005249,Rayaan Reddy,31,Female,Chennai,Regular,2023-04-30
CUST005250,Bahadurjit Kothari,41,Male,Indore,Regular,2023-06-27
CUST005251,Tanvi Master,20,Female,Ahmedabad,Regular,2023-06-09
CUST005252,Niharika Johal,55,Female,Mumbai,Regular,2025-06-13
CUST005253,Anirudh Mitra,66,Female,Chennai,Regular,2023-08-24
CUST005254,Ojasvi Thaman,53,Female,Delhi,New,2025-10-23
CUST005255,Ayaan Bali,33,Female,Jaipur,Regular,2025-01-02
CUST005256,Lohit Mand,40,Female,Hyderabad,New,2024-04-12
CUST005257,Michael Chakraborty,40,Male,Kolkata,New,2025-05-29
CUST005258,Raksha Mangal,50,Male,Delhi,Regular,2022-12-07
CUST005259,Adya Guha,40,Female,Ahmedabad,Premium,2022-10-26
CUST005260,Sarthak Nagar,45,Male,Mumbai,Regular,2022-11-27
CUST005261,Vedant Yadav,34,Female,Hyderabad,Regular,2026-01-13
CUST005262,Champak Gade,56,Female,Chennai,Regular,2023-05-07
CUST005263,Pahal Raman,57,Female,Indore,New,2024-02-05
CUST005264,Saumya Nayar,36,Female,Jaipur,Regular,2025-10-05
CUST005265,Rushil Iyer,55,Male,Hyderabad,Regular,2023-03-24
CUST005266,Vivaan Andra,36,Male,Jaipur,Premium,2023-03-28
CUST005267,Krish Narayanan,28,Female,Bengaluru,Regular,2024-05-13
CUST005268,Tanveer Jayaraman,40,Female,Indore,New,2026-05-23
CUST005269,Victor Bains,49,Female,Indore,Regular,2023-08-04
CUST005270,Zehaan Rege,46,Female,Kolkata,Regular,2024-08-25
CUST005271,Ekansh Das,59,Male,Pune,New,2025-07-05
CUST005272,Tanmayi Patla,31,Female,Mumbai,Regular,2026-08-17
CUST005273,Raksha Sane,65,Male,Chennai,Regular,2023-04-06
CUST005274,Idika Murty,24,Female,Pune,Premium,2023-09-19
CUST005275,Oscar Mall,42,Male,Bengaluru,New,2025-05-21
CUST005276,Shivansh Bhalla,46,Other,Kolkata,Premium,2022-12-28
CUST005277,Vihaan Kuruvilla,56,Female,Pune,Regular,2026-02-16
CUST005278,Onkar Keer,31,Female,Indore,Regular,2022-10-13
CUST005279,Anika Deep,60,Female,Pune,Regular,2022-11-09
CUST005280,Chaman Shanker,56,Female,Ahmedabad,New,2022-12-12
CUST005281,Gavin Sha,41,Female,Mumbai,New,2025-09-16
CUST005282,Nihal Deo,57,Male,Delhi,New,2023-11-26
CUST005283,Kashvi Bhardwaj,61,Female,Kolkata,New,2024-07-11
CUST005284,Aashi Shere,27,Female,Kolkata,Regular,2025-10-05
CUST005285,Vamakshi Tandon,69,Female,Pune,New,2024-01-09
CUST005286,Odika Cherian,25,Male,Ahmedabad,New,2025-04-21
CUST005287,Aishani Bedi,21,Female,Mumbai,New,2024-04-20
CUST005288,Utkarsh Yadav,29,Female,Hyderabad,Regular,2026-05-15
CUST005289,Mitesh Singh,44,Female,Chennai,Regular,2025-05-01
CUST005290,Harinakshi Tiwari,32,Male,Mumbai,Premium,2026-05-14
CUST005291,Pranit Dugal,36,Male,Delhi,Regular,2024-01-02
CUST005292,Hemal Rajan,54,Female,Chennai,Regular,2024-05-02
CUST005293,Aachal Tripathi,48,Female,Pune,New,2025-09-27
CUST005294,Yug Sunder,48,Male,Mumbai,Regular,2023-09-19
CUST005295,Siya Bose,30,Male,Hyderabad,Premium,2026-01-14
CUST005296,Harish De,65,Male,Delhi,Regular,2023-01-07
CUST005297,Champak Dar,65,Male,Hyderabad,Premium,2024-11-30
CUST005298,Yochana Barman,42,Male,Indore,Regular,2023-08-30
CUST005299,Ojasvi Bedi,64,Female,Bengaluru,Regular,2025-07-04
CUST005300,Suhani Bawa,35,Female,Chennai,Regular,2026-04-30
CUST005301,Bishakha Banik,43,Male,Bengaluru,New,2026-01-19
CUST005302,Matthew Pandey,65,Female,Bengaluru,New,2023-02-05
CUST005303,Isha Gokhale,23,Male,Pune,Regular,2025-03-15
CUST005304,Imaran Tak,57,Female,Pune,Regular,2023-02-03
CUST005305,Parth Dhar,61,Female,Pune,Regular,2026-07-05
CUST005306,Lipika Kumar,53,Female,Bengaluru,Regular,2023-09-21
CUST005307,Suhani Gopal,22,Female,Indore,Regular,2023-05-10
CUST005308,Jalsa Mann,52,Male,Chennai,Regular,2023-04-18
CUST005309,Isaiah Prashad,25,Female,Bengaluru,New,2023-05-29
CUST005310,Ekani Lad,57,Male,Pune,New,2025-03-04
CUST005311,Rehaan Hayer,63,Male,Delhi,Regular,2025-10-21
CUST005312,Rohan Jain,30,Male,Jaipur,Regular,2023-11-22
CUST005313,Chasmum Savant,33,Male,Mumbai,New,2026-05-22
CUST005314,Dalaja Thakkar,41,Female,Kolkata,Regular,2026-03-26
CUST005315,Yashoda Narayanan,55,Male,Indore,New,2022-09-16
CUST005316,Ucchal Bail,66,Male,Ahmedabad,Regular,2026-01-29
CUST005317,Advaith Prasad,55,Female,Kolkata,Regular,2025-04-08
CUST005318,Yashica Palla,35,Female,Kolkata,Premium,2022-12-17
CUST005319,Ranveer Sem,53,Male,Mumbai,Regular,2024-10-08
CUST005320,Qabil Ranganathan,57,Male,Delhi,Regular,2024-06-22
CUST005321,Nathaniel Nadig,39,Male,Ahmedabad,Regular,2024-06-02
CUST005322,Amrita Goyal,33,Female,Pune,Regular,2024-07-31
CUST005323,Urvi Nagar,29,Male,Chennai,Premium,2026-01-14
CUST005324,Nathaniel Parmer,44,Male,Chennai,New,2025-01-26
CUST005325,Anay Sahota,29,Male,Kolkata,New,2023-01-01
CUST005326,Ikshita Chacko,48,Male,Chennai,New,2023-04-06
CUST005327,Ayaan Pillay,57,Male,Jaipur,Regular,2025-02-03
CUST005328,Matthew Mangal,68,Female,Mumbai,New,2023-02-26
CUST005329,Ekantika Roy,45,Female,Ahmedabad,Regular,2023-08-03
CUST005330,Max Nadkarni,60,Male,Mumbai,Regular,2024-01-01
CUST005331,Viraj Sarin,46,Female,Delhi,Regular,2023-09-12
CUST005332,Mitesh Rege,29,Male,Bengaluru,Regular,2023-05-23
CUST005333,Pranit Basak,35,Female,Jaipur,New,2024-06-29
CUST005334,Faqid Nayak,48,Female,Pune,New,2025-06-24
CUST005335,Yoshita Bala,38,Female,Chennai,Regular,2025-05-29
CUST005336,Gunbir Hayer,61,Female,Indore,New,2023-07-13
CUST005337,Udant Yohannan,30,Female,Kolkata,New,2025-11-22
CUST005338,Caleb Mahajan,45,Male,Pune,Premium,2025-02-05
CUST005339,Naksh Bhatt,45,Male,Delhi,Regular,2026-02-21
CUST005340,Peter Doshi,49,Male,Bengaluru,Regular,2023-01-22
CUST005341,Faraj Pradhan,46,Male,Kolkata,Regular,2025-11-04
CUST005342,Yasti Chowdhury,19,Male,Kolkata,Regular,2025-09-06
CUST005343,Mitesh Saran,25,Female,Jaipur,Premium,2024-12-20
CUST005344,Xalak Ratti,56,Female,Bengaluru,Regular,2023-12-04
CUST005345,Hemang Choudhary,67,Female,Ahmedabad,Regular,2024-11-30
CUST005346,Adweta Yogi,26,Female,Ahmedabad,Regular,2022-11-27
CUST005347,Dayamai Mody,50,Male,Hyderabad,Regular,2025-11-06
CUST005348,Aadi Basak,28,Female,Indore,Regular,2026-01-14
CUST005349,Peter Thakkar,64,Female,Bengaluru,New,2026-07-21
CUST005350,Riya Vohra,23,Female,Pune,New,2024-09-13
CUST005351,Dipta Verma,60,Female,Jaipur,Regular,2024-01-19
CUST005352,Neelima Manda,60,Male,Kolkata,Premium,2026-05-11
CUST005353,Deepa Dani,37,Male,Hyderabad,New,2025-03-11
CUST005354,Kai Kalla,19,Female,Mumbai,Regular,2023-12-02
CUST005355,Isaac Dhaliwal,52,Other,Pune,New,2025-09-12
CUST005356,Maanav Gola,34,Female,Jaipur,Regular,2022-12-23
CUST005357,Qadim Badal,48,Female,Indore,Regular,2023-12-16
CUST005358,Chakradev Mane,24,Female,Kolkata,New,2023-05-09
CUST005359,Teerth Chowdhury,36,Female,Bengaluru,New,2023-11-09
CUST005360,Yasti Choudhury,68,Male,Ahmedabad,Regular,2023-01-15
CUST005361,Sanya Dube,42,Female,Ahmedabad,Regular,2026-03-03
CUST005362,Arunima Vyas,39,Female,Bengaluru,Regular,2023-01-25
CUST005363,Yoshita Issac,34,Male,Bengaluru,New,2023-02-17
CUST005364,Dakshesh Kanda,61,Female,Delhi,Regular,2026-05-19
CUST005365,Pahal Rout,38,Female,Ahmedabad,Regular,2022-09-30
CUST005366,Aarnav Bhatia,52,Female,Chennai,Regular,2022-09-06
CUST005367,Ronith Edwin,32,Female,Bengaluru,New,2024-12-13
CUST005368,Rishi Randhawa,29,Female,Pune,Regular,2023-06-17
CUST005369,Aarush Nagy,44,Other,Kolkata,New,2025-05-06
CUST005370,Eta Gola,68,Male,Indore,Regular,2023-10-22
CUST005371,Wahab Agarwal,48,Male,Jaipur,Regular,2026-08-20
CUST005372,Neel Sahni,58,Male,Jaipur,Regular,2026-03-29
CUST005373,David Bhasin,39,Male,Indore,Premium,2024-07-29
CUST005374,Rachana Gade,62,Male,Ahmedabad,New,2026-02-26
CUST005375,Rajata Kohli,23,Female,Jaipur,New,2026-04-22
CUST005376,Peter Jhaveri,57,Female,Delhi,Premium,2026-05-30
CUST005377,Samar Kala,62,Male,Hyderabad,Premium,2026-02-14
CUST005378,Nikita Chacko,42,Female,Jaipur,New,2024-10-22
CUST005379,Ishaan Rau,66,Female,Ahmedabad,New,2023-05-31
CUST005380,Suhani Cheema,61,Male,Ahmedabad,New,2023-09-17
CUST005381,Dalaja Chopra,18,Female,Hyderabad,New,2022-08-30
CUST005382,Ranveer Dubey,69,Male,Pune,Regular,2025-06-25
CUST005383,Sai Kara,43,Female,Delhi,New,2025-09-15
CUST005384,Hardik Zachariah,54,Female,Pune,New,2026-04-09
CUST005385,Ikshita Grover,38,Male,Pune,Regular,2024-08-14
CUST005386,Vansha Nanda,18,Male,Delhi,Regular,2025-09-02
CUST005387,Nidra Subramaniam,63,Male,Mumbai,New,2024-10-02
CUST005388,Girish Bassi,34,Female,Mumbai,Regular,2024-06-15
CUST005389,Oliver Ahuja,49,Female,Delhi,New,2025-05-11
CUST005390,Amaira Kota,69,Female,Jaipur,Premium,2025-12-07
CUST005391,Joshua Sibal,49,Female,Chennai,New,2025-03-28
CUST005392,Nimrat Dada,29,Female,Pune,Regular,2024-08-13
CUST005393,Indira Saini,62,Female,Indore,New,2025-02-14
CUST005394,Chandani Palla,48,Female,Hyderabad,Regular,2025-06-20
CUST005395,Pranav Badal,45,Female,Hyderabad,Premium,2025-09-14
CUST005396,Mahika Puri,51,Male,Delhi,Regular,2024-03-23
CUST005397,Leena Garde,67,Male,Jaipur,Regular,2025-04-05
CUST005398,Girindra Devi,35,Female,Pune,Regular,2024-01-13
CUST005399,Samarth Morar,42,Other,Jaipur,Regular,2025-04-13
CUST005400,Hemal Nanda,32,Male,Hyderabad,Regular,2023-08-11
CUST005401,Radhika Andra,45,Male,Pune,New,2025-11-27
CUST005402,Chanchal Deshpande,21,Female,Indore,Premium,2025-02-13
CUST005403,Sai Loyal,45,Female,Indore,Regular,2025-04-29
CUST005404,Luke Sabharwal,28,Male,Ahmedabad,New,2024-06-16
CUST005405,Dev Sarma,61,Male,Indore,Regular,2025-02-05
CUST005406,Vedhika Bains,65,Female,Bengaluru,Premium,2025-01-18
CUST005407,Tanvi Mohanty,58,Male,Jaipur,Regular,2025-07-29
CUST005408,Aadhya Pandey,28,Female,Jaipur,Regular,2025-07-29
CUST005409,Nidra Majumdar,51,Male,Jaipur,Regular,2022-12-23
CUST005410,Yamini Mittal,49,Female,Delhi,Regular,2023-02-19
CUST005411,Turvi Kibe,36,Female,Ahmedabad,Regular,2023-11-20
CUST005412,Zilmil Oza,20,Male,Bengaluru,Regular,2023-07-15
CUST005413,Hredhaan Rai,62,Female,Hyderabad,Premium,2023-11-27
CUST005414,Alka Mann,35,Female,Kolkata,New,2024-01-01
CUST005415,Ojas Varma,27,Female,Bengaluru,Regular,2026-02-01
CUST005416,Advaith Narain,51,Other,Kolkata,Regular,2023-05-21
CUST005417,Azad Gade,53,Female,Delhi,Regular,2024-05-09
CUST005418,Tara Baral,34,Male,Delhi,Regular,2024-05-06
CUST005419,Bimala Bhat,46,Female,Delhi,Regular,2022-09-26
CUST005420,Anika Warrior,34,Female,Bengaluru,Premium,2026-03-15
CUST005421,Jagrati Venkatesh,37,Male,Pune,Regular,2023-02-07
CUST005422,Aadi Zacharia,25,Male,Jaipur,Regular,2025-02-04
CUST005423,Benjamin Narayan,50,Male,Delhi,Regular,2024-09-16
CUST005424,Warjas Som,50,Male,Mumbai,New,2023-10-09
CUST005425,Idika Sagar,59,Female,Mumbai,Regular,2026-05-04
CUST005426,Akshay Dixit,50,Other,Chennai,Regular,2026-08-05
CUST005427,Kamala Arya,52,Female,Kolkata,Regular,2022-11-10
CUST005428,Simon Batra,68,Female,Indore,Regular,2025-07-19
CUST005429,Madhavi Rau,35,Female,Chennai,Regular,2023-02-03
CUST005430,Samar Badal,61,Female,Chennai,Premium,2026-07-14
CUST005431,Lila Master,23,Male,Indore,New,2023-01-26
CUST005432,Rehaan Sarma,43,Female,Jaipur,Regular,2024-12-16
CUST005433,Rachana Sen,47,Female,Mumbai,Premium,2025-01-29
CUST005434,Yadavi Srinivasan,36,Male,Bengaluru,Premium,2026-07-18
CUST005435,Jagat Wali,60,Female,Mumbai,New,2024-08-31
CUST005436,Oeshi Banerjee,37,Male,Kolkata,Regular,2022-10-16
CUST005437,Samar Sane,49,Male,Bengaluru,Regular,2024-03-29
CUST005438,Champak Kashyap,34,Female,Pune,Regular,2023-10-24
CUST005439,Chavvi Krishnan,42,Female,Jaipur,Regular,2023-03-21
CUST005440,Maya Sule,30,Male,Hyderabad,Regular,2023-10-29
CUST005441,Pahal Rattan,34,Male,Hyderabad,New,2026-02-20
CUST005442,Nitesh Mitra,67,Male,Indore,Regular,2026-08-28
CUST005443,Krishna Dhar,45,Male,Hyderabad,New,2026-01-03
CUST005444,Jackson Naik,61,Male,Kolkata,Regular,2026-07-12
CUST005445,Rajata Sridhar,48,Female,Jaipur,New,2023-03-29
CUST005446,Pavani Gokhale,67,Female,Kolkata,Regular,2023-06-11
CUST005447,Jeet Anand,19,Male,Delhi,Regular,2024-01-26
CUST005448,Tanveer Menon,65,Female,Chennai,New,2024-07-11
CUST005449,Aarna Tara,40,Female,Mumbai,Regular,2023-12-19
CUST005450,Lopa Mitter,64,Male,Hyderabad,Regular,2024-12-16
CUST005451,Eshana Pradhan,53,Female,Ahmedabad,Regular,2025-03-13
CUST005452,Rajeshri Narain,19,Female,Kolkata,Regular,2023-05-21
CUST005453,Vincent Warrior,29,Female,Jaipur,Regular,2023-08-13
CUST005454,Abeer Suresh,40,Other,Ahmedabad,Premium,2026-03-11
CUST005455,Laksh Mani,55,Female,Ahmedabad,Regular,2024-01-28
CUST005456,Tejas Chaudry,31,Female,Ahmedabad,Regular,2023-05-14
CUST005457,Aarush Krish,48,Female,Indore,New,2024-05-02
CUST005458,Qasim Chand,63,Female,Ahmedabad,Regular,2026-08-13
CUST005459,Urmi Khalsa,53,Female,Indore,Regular,2026-08-02
CUST005460,Ubika Talwar,24,Female,Pune,Regular,2023-04-29
CUST005461,Anika Wason,20,Female,Hyderabad,Regular,2025-05-23
CUST005462,Hiral Nagi,45,Male,Mumbai,Premium,2025-09-08
CUST005463,Ekta Garg,49,Female,Ahmedabad,Regular,2023-06-06
CUST005464,Onkar Pal,67,Male,Chennai,Regular,2023-04-03
CUST005465,Harrison Ravi,65,Female,Mumbai,Regular,2023-02-24
CUST005466,Vrinda Pillay,63,Male,Bengaluru,Regular,2025-04-10
CUST005467,Saumya Bhavsar,60,Female,Chennai,Regular,2022-11-22
CUST005468,Charles Wadhwa,68,Other,Pune,Regular,2026-04-13
CUST005469,Janani Morar,24,Female,Hyderabad,Regular,2025-03-16
CUST005470,Aarna Sem,36,Female,Mumbai,New,2024-08-03
CUST005471,Amruta Sinha,37,Male,Kolkata,Regular,2023-08-21
CUST005472,Tanish Parikh,48,Female,Mumbai,Regular,2025-12-10
CUST005473,Chameli Sarma,69,Male,Pune,Regular,2026-05-17
CUST005474,Isaac Shenoy,50,Male,Delhi,Regular,2023-03-01
CUST005475,Charita Sharaf,44,Female,Chennai,Regular,2023-07-04
CUST005476,Bimala Jani,47,Male,Hyderabad,Regular,2022-10-24
CUST005477,Vihaan Suresh,52,Male,Kolkata,Regular,2024-10-30
CUST005478,Tristan Hayer,58,Male,Mumbai,Regular,2023-03-10
CUST005479,Oviya Chacko,51,Other,Indore,Premium,2026-05-17
CUST005480,Sai Khatri,66,Female,Hyderabad,New,2026-03-03
CUST005481,Prisha Barad,31,Male,Kolkata,Regular,2024-11-02
CUST005482,Yashawini Warrior,57,Female,Kolkata,Regular,2026-06-10
CUST005483,Ekansh Pandit,36,Male,Chennai,New,2026-01-14
CUST005484,Varsha Soman,58,Male,Jaipur,New,2023-06-29
CUST005485,Bhavika Saran,56,Female,Bengaluru,Regular,2023-06-10
CUST005486,Dev Munshi,66,Female,Pune,Regular,2023-06-07
CUST005487,Sai Mohan,22,Male,Bengaluru,Regular,2024-05-24
CUST005488,Simon Narang,69,Female,Delhi,Regular,2025-10-04
CUST005489,Vasudha Vala,36,Female,Hyderabad,Regular,2022-11-14
CUST005490,Yauvani Chhabra,20,Female,Indore,New,2024-03-04
CUST005491,Vanya Guha,67,Male,Delhi,New,2023-11-26
CUST005492,Lakshmi Taneja,58,Male,Bengaluru,Regular,2023-01-12
CUST005493,Saanvi Radhakrishnan,46,Female,Pune,Regular,2026-08-18
CUST005494,Mitali Bhattacharyya,62,Male,Chennai,Regular,2023-12-24
CUST005495,Shaurya Randhawa,52,Female,Hyderabad,New,2023-03-29
CUST005496,Krisha Sani,23,Male,Chennai,Regular,2023-10-09
CUST005497,Charles Balakrishnan,56,Female,Hyderabad,Premium,2025-08-04
CUST005498,Isaac Bava,60,Male,Indore,Regular,2024-12-02
CUST005499,Varsha Kari,69,Female,Kolkata,New,2025-02-11
CUST005500,Vivaan Oak,58,Male,Ahmedabad,Regular,2023-05-10
CUST005501,Frederick Zachariah,44,Male,Chennai,New,2025-03-09
CUST005502,Bina Mani,51,Male,Bengaluru,Premium,2023-05-20
CUST005503,Madhavi Malhotra,34,Female,Ahmedabad,Regular,2025-10-15
CUST005504,Tanvi Prabhakar,35,Female,Bengaluru,New,2024-07-09
CUST005505,Kamala Swaminathan,29,Other,Indore,Regular,2024-01-21
CUST005506,Zinal Date,28,Male,Indore,Premium,2024-11-11
CUST005507,Charan Gola,21,Other,Indore,Regular,2023-04-08
CUST005508,Ridhi Shere,20,Female,Bengaluru,Regular,2025-10-07
CUST005509,Laksh Mistry,22,Male,Delhi,Premium,2024-11-27
CUST005510,Siya Bumb,58,Male,Pune,Regular,2024-08-15
CUST005511,Falguni Wadhwa,26,Male,Chennai,Regular,2023-12-06
CUST005512,Falguni Chaudhary,69,Female,Kolkata,Regular,2026-01-07
CUST005513,Samuel Sandal,26,Male,Chennai,Premium,2024-10-08
CUST005514,Mahika Virk,34,Female,Mumbai,Regular,2023-02-07
CUST005515,Qabil Kalla,38,Female,Chennai,Regular,2025-05-16
CUST005516,Shaurya Wable,62,Male,Kolkata,New,2024-10-18
CUST005517,Radha Yadav,57,Female,Indore,New,2023-02-22
CUST005518,Yatan Swamy,40,Female,Jaipur,New,2026-03-17
CUST005519,Anvi Nayar,68,Female,Hyderabad,New,2025-02-09
CUST005520,Arin Ganesan,48,Other,Kolkata,New,2026-03-15
CUST005521,Sai Sidhu,32,Female,Hyderabad,Regular,2025-02-10
CUST005522,Kamala Mutti,53,Male,Delhi,New,2023-04-15
CUST005523,Pallavi Johal,49,Other,Jaipur,Regular,2023-08-07
CUST005524,Gaurav Munshi,41,Female,Delhi,Regular,2025-10-28
CUST005525,Ucchal Arora,34,Male,Indore,New,2025-12-05
CUST005526,Robert Date,51,Male,Pune,New,2025-07-09
CUST005527,Anmol Dara,53,Male,Jaipur,New,2023-03-06
CUST005528,Fariq Anne,33,Female,Pune,New,2023-09-19
CUST005529,Urvi Mohanty,49,Female,Kolkata,Regular,2023-03-25
CUST005530,Ikshita Dara,35,Male,Indore,Regular,2023-09-11
CUST005531,Brijesh Bhargava,67,Male,Pune,Premium,2025-08-05
CUST005532,Harrison Thakkar,39,Male,Pune,Regular,2025-09-16
CUST005533,Brijesh Mander,66,Male,Delhi,Regular,2024-01-20
CUST005534,Krishna Mistry,51,Female,Kolkata,Regular,2023-07-24
CUST005535,Samuel Rattan,63,Male,Bengaluru,Premium,2022-12-15
CUST005536,Watika Jha,18,Male,Mumbai,Premium,2024-04-08
CUST005537,Logan Sarraf,21,Female,Pune,New,2022-12-29
CUST005538,Ikshita Upadhyay,18,Other,Pune,Regular,2025-09-21
CUST005539,Yatan Kadakia,43,Female,Ahmedabad,Regular,2024-02-28
CUST005540,Darpan Amble,25,Male,Mumbai,Regular,2025-04-28
CUST005541,Ekanta Sani,61,Female,Jaipur,New,2023-01-16
CUST005542,Bishakha Seshadri,64,Male,Ahmedabad,Regular,2025-06-28
CUST005543,Gabriel Natt,67,Male,Jaipur,Regular,2026-04-27
CUST005544,Keya Khatri,62,Female,Bengaluru,New,2025-02-22
CUST005545,Quincy Parikh,24,Female,Pune,Premium,2024-02-18
CUST005546,Harrison Raghavan,69,Female,Mumbai,Regular,2023-11-22
CUST005547,Maya Basak,42,Male,Chennai,Premium,2025-06-19
CUST005548,Yashoda Khatri,45,Female,Jaipur,New,2024-08-30
CUST005549,Qabil Shan,53,Female,Kolkata,New,2022-10-11
CUST005550,Oviya Radhakrishnan,23,Male,Pune,Regular,2024-05-26
CUST005551,Hemal Krish,50,Male,Indore,New,2023-11-30
CUST005552,Fitan Purohit,27,Female,Indore,New,2026-02-03
CUST005553,Aahana Biswas,38,Male,Pune,New,2026-02-18
CUST005554,Faraj Banerjee,54,Male,Delhi,Regular,2026-06-16
CUST005555,Triya Naik,37,Other,Indore,New,2025-05-10
CUST005556,Gaurika Wason,64,Female,Mumbai,Regular,2026-05-14
CUST005557,Nimrat Lanka,39,Female,Mumbai,Regular,2022-11-03
CUST005558,Jeet Barad,55,Male,Kolkata,Regular,2023-06-18
CUST005559,Krishna Swaminathan,54,Female,Jaipur,Regular,2023-07-27
CUST005560,Aishani Dhar,64,Male,Kolkata,New,2024-09-22
CUST005561,Sathvik Sami,66,Male,Hyderabad,Regular,2023-03-25
CUST005562,Adya Lad,46,Female,Pune,New,2025-07-14
CUST005563,Sudiksha D’Alia,61,Female,Indore,Regular,2024-11-27
CUST005564,Edhitha Kakar,66,Male,Mumbai,New,2026-08-07
CUST005565,Nisha Basu,52,Male,Indore,Regular,2024-06-08
CUST005566,Neelima Lad,62,Male,Kolkata,New,2025-08-12
CUST005567,Oscar Ghose,54,Male,Chennai,Regular,2024-10-22
CUST005568,Yashodhara Sha,40,Male,Bengaluru,Regular,2025-11-29
CUST005569,Ekaja Panchal,35,Female,Bengaluru,New,2023-02-18
CUST005570,Falguni Yogi,65,Female,Chennai,New,2025-11-03
CUST005571,Laban Swaminathan,59,Other,Mumbai,New,2023-03-08
CUST005572,Amaira Hegde,37,Female,Jaipur,New,2022-10-01
CUST005573,Jagdish Cherian,64,Female,Delhi,Regular,2025-11-17
CUST005574,Anika Banerjee,57,Male,Delhi,Regular,2023-07-10
CUST005575,Sathvik Thakur,59,Male,Chennai,New,2025-11-21
CUST005576,Yashica Tak,59,Female,Mumbai,New,2023-07-14
CUST005577,Saanvi Parmer,49,Female,Hyderabad,Premium,2024-11-01
CUST005578,Vivaan Kala,29,Male,Hyderabad,Regular,2024-05-18
CUST005579,Vaishnavi Sengupta,40,Female,Bengaluru,Premium,2022-09-19
CUST005580,Girindra Kaul,69,Female,Chennai,Regular,2025-09-16
CUST005581,Advik Chowdhury,24,Female,Pune,Regular,2024-02-22
CUST005582,Yauvani Saini,65,Male,Delhi,Regular,2022-10-04
CUST005583,Joshua Randhawa,34,Male,Pune,Regular,2023-03-23
CUST005584,Aishani Ganesan,56,Male,Bengaluru,Regular,2022-10-29
CUST005585,Ekansh Garde,44,Female,Ahmedabad,Regular,2026-04-29
CUST005586,Frederick Banerjee,27,Male,Mumbai,New,2025-09-26
CUST005587,Shravya Shenoy,68,Male,Bengaluru,Regular,2023-03-25
CUST005588,Amrita Mammen,22,Female,Pune,Premium,2022-12-09
CUST005589,Daksh Talwar,21,Male,Chennai,New,2025-08-04
CUST005590,Harish Kale,20,Female,Jaipur,New,2023-05-03
CUST005591,Kamya Khatri,38,Male,Delhi,Regular,2026-03-26
CUST005592,Daniel Subramanian,36,Male,Delhi,Regular,2025-09-12
CUST005593,Hardik Dhawan,29,Female,Delhi,Regular,2023-04-10
CUST005594,Udyati Bala,69,Other,Pune,Premium,2025-02-26
CUST005595,Matthew Ramakrishnan,53,Other,Kolkata,Regular,2023-09-30
CUST005596,Samarth Goswami,57,Female,Bengaluru,Regular,2023-05-31
CUST005597,Farhan Tandon,43,Male,Pune,New,2026-03-28
CUST005598,Maanas Goyal,53,Male,Bengaluru,Regular,2023-11-21
CUST005599,Alka Kala,67,Female,Hyderabad,Premium,2023-05-23
CUST005600,Harish Chokshi,21,Male,Ahmedabad,Regular,2024-12-04
CUST005601,Balendra Hans,20,Female,Bengaluru,Regular,2023-12-16
CUST005602,Raagini Chaudhary,60,Female,Hyderabad,New,2025-08-01
CUST005603,Tanveer Bedi,42,Male,Bengaluru,Premium,2024-09-04
CUST005604,Manthan Rastogi,50,Male,Bengaluru,Premium,2024-07-25
CUST005605,Daksh Doshi,69,Male,Delhi,Premium,2025-12-21
CUST005606,Azad Nayak,65,Female,Chennai,Regular,2025-12-21
CUST005607,Mahika Sachdeva,67,Male,Bengaluru,Regular,2025-09-22
CUST005608,Ekaraj Patel,26,Male,Chennai,New,2023-06-30
CUST005609,Azaan Anne,28,Female,Mumbai,New,2024-02-06
CUST005610,Vamakshi Munshi,53,Male,Jaipur,Premium,2022-10-14
CUST005611,Gopal Talwar,50,Female,Ahmedabad,Regular,2023-09-11
CUST005612,Gauri Arora,24,Male,Hyderabad,Regular,2022-10-08
CUST005613,Tarak Shenoy,30,Female,Indore,Regular,2023-01-14
CUST005614,Bakhshi Seth,60,Male,Pune,Regular,2023-05-22
CUST005615,Girik Chopra,37,Female,Pune,Regular,2023-07-12
CUST005616,Benjamin Upadhyay,38,Female,Pune,Regular,2024-09-01
CUST005617,Madhavi Tandon,36,Female,Mumbai,Regular,2023-04-07
CUST005618,Jagdish Bakshi,48,Male,Pune,Regular,2026-01-29
CUST005619,Diya Mammen,27,Male,Mumbai,Premium,2025-10-26
CUST005620,Isaac Tandon,51,Male,Delhi,Regular,2023-02-17
CUST005621,Ekapad Som,21,Female,Pune,Regular,2026-03-16
CUST005622,Suhani Kunda,47,Male,Kolkata,New,2023-12-17
CUST005623,Niharika Bhagat,61,Female,Pune,Regular,2023-04-10
CUST005624,Charvi Memon,46,Male,Ahmedabad,Regular,2026-04-21
CUST005625,Qarin Patel,45,Male,Indore,Regular,2023-04-10
CUST005626,Mekhala Aurora,33,Male,Jaipur,Premium,2023-04-09
CUST005627,Pratyush Kala,27,Female,Jaipur,Regular,2026-07-14
CUST005628,Fitan Dhar,54,Male,Chennai,Regular,2025-10-10
CUST005629,Anita Mody,51,Female,Bengaluru,Regular,2025-10-24
CUST005630,Urvi Gole,19,Female,Kolkata,Regular,2024-04-03
CUST005631,Sathvik Goswami,64,Male,Hyderabad,Premium,2024-06-12
CUST005632,Diya Chandra,60,Female,Chennai,New,2023-08-12
CUST005633,Upma Rege,44,Female,Jaipur,Premium,2022-12-29
CUST005634,Charita Bajwa,69,Female,Hyderabad,Premium,2025-07-15
CUST005635,Anamika Pai,40,Female,Indore,Regular,2026-03-05
CUST005636,Indali Choudhury,18,Male,Pune,Regular,2024-04-13
CUST005637,Karan Cherian,32,Female,Kolkata,New,2023-02-10
CUST005638,Ekaja Yadav,20,Male,Delhi,Regular,2025-02-17
CUST005639,Onkar Sani,64,Female,Kolkata,Premium,2024-12-15
CUST005640,Bhavika Wason,37,Male,Delhi,Regular,2026-06-03
CUST005641,Aadhya Srinivas,54,Female,Jaipur,Premium,2025-01-08
CUST005642,Yoshita Sama,64,Male,Indore,Regular,2023-03-14
CUST005643,Ubika Raghavan,23,Female,Hyderabad,Regular,2022-11-28
CUST005644,Xiti Vora,51,Male,Delhi,Premium,2023-10-21
CUST005645,Tanmayi Lad,24,Male,Indore,Regular,2022-10-04
CUST005646,Raksha Chakrabarti,64,Female,Kolkata,Premium,2025-01-22
CUST005647,Bachittar Swaminathan,39,Male,Jaipur,Premium,2023-11-24
CUST005648,Frederick Sarkar,19,Male,Kolkata,Regular,2023-12-09
CUST005649,Chandresh Raval,30,Female,Ahmedabad,Regular,2025-02-01
CUST005650,Maya Datta,31,Female,Indore,Regular,2026-03-15
CUST005651,Eshana Karpe,51,Male,Jaipur,Regular,2023-11-04
CUST005652,Yashvi Sarkar,24,Other,Jaipur,Regular,2023-10-23
CUST005653,Balveer Thaman,31,Female,Jaipur,Regular,2023-05-01
CUST005654,Udarsh Wable,43,Female,Hyderabad,New,2024-05-27
CUST005655,Anusha Sankaran,45,Male,Ahmedabad,Premium,2023-06-16
CUST005656,Aditya Ganguly,23,Other,Delhi,Regular,2022-12-09
CUST005657,Ryan Swamy,46,Male,Chennai,Regular,2025-07-30
CUST005658,Akshay Parmer,38,Female,Chennai,New,2026-07-01
CUST005659,Aarav Joshi,26,Female,Delhi,Premium,2025-11-23
CUST005660,Aarnav Bhat,24,Female,Pune,Regular,2022-09-30
CUST005661,Zilmil Puri,57,Male,Chennai,Regular,2023-09-19
CUST005662,Neha Setty,52,Female,Indore,Regular,2023-09-04
CUST005663,Aayush Aggarwal,56,Male,Indore,New,2024-11-07
CUST005664,Jairaj Krishnan,44,Female,Hyderabad,New,2023-03-02
CUST005665,Aarnav Bajaj,21,Female,Chennai,Regular,2025-02-14
CUST005666,Leena Doshi,50,Male,Jaipur,Premium,2026-02-23
CUST005667,Liam Talwar,47,Male,Bengaluru,New,2023-07-08
CUST005668,Tripti Basu,24,Female,Bengaluru,New,2024-04-23
CUST005669,Gayathri Mital,44,Female,Jaipur,Regular,2024-12-20
CUST005670,Pavani Srinivasan,63,Male,Mumbai,Regular,2023-10-03
CUST005671,Yash Baria,53,Male,Mumbai,Regular,2022-11-15
CUST005672,Yutika Malhotra,61,Male,Jaipur,Regular,2025-07-27
CUST005673,Zaid Saraf,66,Male,Pune,Regular,2023-03-01
CUST005674,Yash Sehgal,31,Female,Delhi,Regular,2023-01-04
CUST005675,Frederick Nadkarni,29,Female,Ahmedabad,Regular,2023-01-19
CUST005676,Aashi Narayan,67,Male,Delhi,Premium,2024-10-15
CUST005677,Dayamai Doctor,26,Female,Kolkata,Regular,2022-09-26
CUST005678,Abha Arora,41,Female,Jaipur,Regular,2022-12-13
CUST005679,Samar Naik,44,Female,Ahmedabad,Regular,2025-11-25
CUST005680,Arunima Sachar,53,Male,Mumbai,Regular,2024-05-28
CUST005681,Sanya Nagy,34,Female,Ahmedabad,Premium,2024-04-02
CUST005682,Bhanumati Mahajan,21,Female,Delhi,Regular,2026-04-30
CUST005683,Rachana Sathe,60,Female,Jaipur,New,2023-04-16
CUST005684,Girish Bhardwaj,34,Female,Bengaluru,New,2024-12-31
CUST005685,Amara Babu,69,Female,Ahmedabad,Regular,2026-02-07
CUST005686,Gavin Tripathi,34,Male,Ahmedabad,Regular,2023-04-22
CUST005687,Tristan Varghese,52,Female,Chennai,Regular,2024-07-22
CUST005688,Aarav Dixit,32,Male,Ahmedabad,Regular,2026-06-12
CUST005689,Lohit Bandi,50,Male,Ahmedabad,New,2024-11-30
CUST005690,Xiti Boase,33,Female,Indore,New,2024-10-08
CUST005691,Ekta Deshpande,57,Male,Delhi,Regular,2024-08-24
CUST005692,Jagrati Hans,24,Female,Bengaluru,Regular,2024-05-29
CUST005693,Nathaniel Kapadia,18,Male,Ahmedabad,Regular,2024-02-15
CUST005694,Anay Anand,61,Female,Jaipur,New,2023-11-29
CUST005695,Nathaniel Chandra,45,Male,Ahmedabad,Regular,2025-12-09
CUST005696,Garima Chhabra,43,Female,Kolkata,Regular,2024-12-28
CUST005697,Omya Boase,59,Male,Chennai,Premium,2025-05-01
CUST005698,Falak Pal,68,Male,Jaipur,Regular,2025-01-21
CUST005699,Bhavini Rao,18,Other,Delhi,Regular,2023-02-22
CUST005700,Darsh Shetty,22,Male,Indore,Regular,2025-03-20
CUST005701,Theodore Bhakta,66,Male,Jaipur,New,2023-10-13
CUST005702,Nilima Bajwa,67,Other,Delhi,New,2022-11-20
CUST005703,Joshua Kibe,51,Male,Hyderabad,New,2024-11-17
CUST005704,Tara Chadha,45,Female,Bengaluru,Premium,2022-10-14
CUST005705,Parth Iyer,65,Female,Hyderabad,New,2026-07-03
CUST005706,Prisha Biswas,54,Female,Ahmedabad,Regular,2024-02-25
CUST005707,Jeremiah Balan,20,Other,Ahmedabad,Regular,2025-06-11
CUST005708,Kavya Apte,55,Male,Chennai,Regular,2024-10-10
CUST005709,Radhika Nair,24,Male,Bengaluru,Regular,2023-08-12
CUST005710,Devika Raj,48,Male,Bengaluru,Regular,2025-09-28
CUST005711,Dalaja Goel,33,Female,Hyderabad,New,2026-06-17
CUST005712,Ria Saini,21,Female,Mumbai,New,2023-08-03
CUST005713,Leela Bakshi,64,Male,Delhi,Regular,2023-02-11
CUST005714,Gaurangi Khalsa,38,Female,Chennai,Regular,2022-09-08
CUST005715,Xalak Jayaraman,44,Female,Delhi,Regular,2025-10-08
CUST005716,Vyanjana Dixit,33,Female,Jaipur,Regular,2023-10-06
CUST005717,Inaya Sama,68,Male,Ahmedabad,Premium,2023-01-05
CUST005718,Nimrat Warrior,25,Female,Mumbai,New,2023-05-18
CUST005719,Eesha Chaudhuri,25,Male,Ahmedabad,Regular,2025-11-05
CUST005720,Tara Goswami,27,Male,Kolkata,Regular,2024-05-02
CUST005721,Aarush Upadhyay,27,Male,Kolkata,Premium,2024-04-28
CUST005722,Lila Panchal,57,Female,Mumbai,Regular,2026-08-15
CUST005723,Michael De,68,Female,Bengaluru,Regular,2023-10-31
CUST005724,Riya Rege,51,Female,Hyderabad,Regular,2026-04-14
CUST005725,Yashvi Madan,68,Female,Delhi,Regular,2026-01-07
CUST005726,Urvashi Sibal,59,Other,Hyderabad,New,2026-03-10
CUST005727,Nathaniel Bhasin,21,Female,Delhi,Regular,2025-05-17
CUST005728,Janaki Aurora,37,Male,Ahmedabad,New,2022-10-24
CUST005729,Ikbal Uppal,35,Male,Ahmedabad,Regular,2023-12-13
CUST005730,Charvi Dhingra,68,Female,Jaipur,Premium,2023-03-12
CUST005731,Dhriti Magar,31,Female,Indore,Regular,2026-02-09
CUST005732,Damyanti Bera,55,Female,Hyderabad,Regular,2023-12-19
CUST005733,Kritika Dua,25,Female,Hyderabad,New,2023-02-16
CUST005734,Gabriel Nayar,58,Male,Jaipur,Regular,2026-01-08
CUST005735,Zayyan Parekh,19,Male,Kolkata,New,2023-05-10
CUST005736,Aahana Gera,62,Female,Hyderabad,Regular,2022-09-24
CUST005737,Aradhana Mandal,30,Other,Delhi,Regular,2025-05-23
CUST005738,Jatin Chaudhuri,20,Male,Hyderabad,New,2025-07-05
CUST005739,Rohan Buch,48,Male,Indore,New,2024-12-01
CUST005740,Ubika Krish,19,Female,Hyderabad,Regular,2022-09-01
CUST005741,Vivaan Mohanty,58,Male,Chennai,Regular,2023-08-14
CUST005742,Bhavna Tella,28,Female,Indore,New,2026-05-18
CUST005743,Dhruv Wable,43,Female,Kolkata,Regular,2024-11-08
CUST005744,Oni Yadav,56,Female,Hyderabad,Regular,2022-10-04
CUST005745,Nidhi Lad,46,Male,Bengaluru,Regular,2026-05-05
CUST005746,Idika Chaudhari,19,Male,Indore,Regular,2026-02-17
CUST005747,Caleb Gopal,40,Female,Chennai,Premium,2023-01-17
CUST005748,Kamala Mukhopadhyay,69,Female,Indore,Regular,2023-06-29
CUST005749,Fitan Grewal,28,Male,Mumbai,Premium,2023-09-16
CUST005750,Jagat Ratti,46,Female,Pune,Regular,2022-11-16
CUST005751,Panini Agrawal,52,Female,Indore,Regular,2026-02-28
CUST005752,Watika Dhar,29,Male,Kolkata,Regular,2023-02-01
CUST005753,Chatresh Bhardwaj,49,Female,Jaipur,Regular,2023-07-09
CUST005754,David Jaggi,34,Male,Pune,New,2023-02-08
CUST005755,Chandran Buch,51,Female,Bengaluru,Regular,2023-01-14
CUST005756,Bachittar Arya,54,Female,Pune,Regular,2023-07-21
CUST005757,Vaishnavi Dada,23,Female,Delhi,Premium,2023-09-06
CUST005758,Watika Chaudhary,65,Male,Kolkata,Regular,2025-03-02
CUST005759,Oeshi Bath,65,Male,Bengaluru,New,2025-12-23
CUST005760,Lipika Dugal,52,Female,Delhi,New,2025-11-22
CUST005761,Charan Tripathi,21,Male,Hyderabad,Regular,2023-10-04
CUST005762,Bhavani Shukla,31,Male,Jaipur,Regular,2026-02-25
CUST005763,Janya Andra,62,Female,Kolkata,Regular,2025-05-01
CUST005764,Faraj Jha,31,Female,Pune,Regular,2024-07-08
CUST005765,Udant Nazareth,45,Female,Delhi,Regular,2024-11-29
CUST005766,Jagdish Bajaj,31,Female,Kolkata,New,2024-09-01
CUST005767,Sachi Virk,49,Female,Bengaluru,Regular,2025-10-28
CUST005768,Urishilla Devan,30,Male,Delhi,New,2025-12-21
CUST005769,Daksh Karan,24,Female,Hyderabad,Regular,2024-08-24
CUST005770,Ojasvi Cherian,49,Male,Pune,Regular,2024-06-21
CUST005771,Yauvani Choudhry,64,Male,Ahmedabad,New,2025-12-21
CUST005772,Mohammed Dayal,49,Male,Indore,Regular,2026-06-17
CUST005773,Leena Krishnamurthy,60,Female,Jaipur,Regular,2024-09-14
CUST005774,Jai Wason,39,Female,Mumbai,Regular,2023-07-02
CUST005775,Hamsini Karan,34,Female,Hyderabad,Regular,2022-10-30
CUST005776,Oni Cherian,66,Male,Hyderabad,Regular,2026-06-26
CUST005777,Qabil Mangat,25,Female,Kolkata,New,2024-12-25
CUST005778,Jeevika Pandey,65,Other,Chennai,Premium,2024-08-21
CUST005779,Alexander Gara,24,Male,Hyderabad,Premium,2025-06-05
CUST005780,Chaaya Hari,63,Female,Delhi,Regular,2026-01-20
CUST005781,Tanay Rana,52,Male,Hyderabad,Regular,2023-06-14
CUST005782,Jairaj Raman,38,Male,Ahmedabad,Regular,2025-02-22
CUST005783,Leena Raja,48,Male,Indore,Regular,2025-01-01
CUST005784,Tamanna Lad,19,Male,Indore,Regular,2024-05-08
CUST005785,Anmol Ramachandran,43,Male,Jaipur,Regular,2026-01-24
CUST005786,Ishanvi Bhatti,19,Male,Ahmedabad,Regular,2024-07-07
CUST005787,Yatan Patla,46,Female,Mumbai,New,2025-08-15
CUST005788,Gaurav Nagy,49,Female,Mumbai,Regular,2022-11-22
CUST005789,Niharika Misra,69,Female,Delhi,Premium,2026-02-28
CUST005790,Lipika Bora,56,Female,Chennai,Regular,2022-09-04
CUST005791,Aditya Kalla,42,Female,Bengaluru,Regular,2023-07-01
CUST005792,Chakradhar Virk,20,Female,Hyderabad,New,2025-12-02
CUST005793,Naksh Manda,44,Male,Hyderabad,Premium,2026-04-08
CUST005794,Isaiah Yohannan,42,Female,Chennai,Regular,2026-05-04
CUST005795,Laksh Mani,58,Female,Bengaluru,Regular,2024-12-17
CUST005796,Yahvi Bhatti,48,Female,Delhi,Premium,2023-08-06
CUST005797,Advaith Mitra,41,Other,Bengaluru,Regular,2026-07-17
CUST005798,Pavani Borde,54,Female,Mumbai,New,2026-02-13
CUST005799,Diya Karnik,67,Male,Indore,Regular,2022-11-09
CUST005800,Harrison Pillay,18,Male,Jaipur,Regular,2026-07-15
CUST005801,Krishna Soni,55,Female,Bengaluru,Regular,2025-09-20
CUST005802,Lipika Mannan,47,Female,Kolkata,Regular,2024-05-18
CUST005803,Vihaan Narayan,26,Female,Hyderabad,New,2023-08-25
CUST005804,Gautam Chander,25,Female,Kolkata,Premium,2022-09-02
CUST005805,Anay Dani,20,Male,Chennai,Regular,2026-05-27
CUST005806,Wishi Salvi,53,Female,Bengaluru,Regular,2023-10-06
CUST005807,Vritti Tiwari,63,Male,Pune,Regular,2026-02-23
CUST005808,Jason Nagarajan,64,Male,Kolkata,New,2024-08-31
CUST005809,Geetika Nagi,34,Male,Hyderabad,Regular,2025-10-28
CUST005810,Laksh Bose,29,Female,Delhi,Regular,2026-07-06
CUST005811,Waida Narayan,45,Male,Hyderabad,Regular,2026-02-02
CUST005812,Krish Kaur,59,Female,Chennai,Regular,2025-03-06
CUST005813,Widisha Toor,69,Female,Ahmedabad,Regular,2023-01-28
CUST005814,Janaki Lad,64,Female,Pune,New,2023-04-26
CUST005815,Chakradev Shenoy,32,Male,Bengaluru,Regular,2023-05-05
CUST005816,Leela Bahl,55,Female,Jaipur,New,2023-04-24
CUST005817,Brinda Saran,51,Female,Jaipur,Premium,2025-11-19
CUST005818,Ati Sami,68,Female,Chennai,Regular,2025-12-12
CUST005819,Upadhriti Dhaliwal,67,Female,Kolkata,New,2022-10-24
CUST005820,Dhruv Sathe,31,Male,Bengaluru,New,2023-02-03
CUST005821,Triveni Jani,42,Female,Kolkata,Regular,2022-12-01
CUST005822,Jason Pathak,45,Female,Chennai,New,2024-04-16
CUST005823,Vasana Wali,67,Female,Delhi,New,2025-05-21
CUST005824,Vasana Bhat,27,Male,Mumbai,New,2023-07-31
CUST005825,Vidhi Nadkarni,39,Female,Mumbai,Regular,2023-12-18
CUST005826,Amol Grewal,68,Male,Chennai,New,2026-06-09
CUST005827,Chaman Bora,53,Male,Bengaluru,Premium,2026-03-26
CUST005828,Yahvi Nair,69,Female,Jaipur,Regular,2025-08-29
CUST005829,Pratyush Rajagopal,40,Female,Indore,Regular,2022-11-14
CUST005830,Orinder Natarajan,21,Male,Hyderabad,Premium,2023-10-06
CUST005831,Neha Divan,44,Male,Kolkata,New,2026-06-17
CUST005832,Quincy Varty,35,Male,Pune,New,2026-03-16
CUST005833,Chakradev Sen,34,Male,Pune,New,2024-06-06
CUST005834,Zashil Deshpande,67,Male,Pune,Premium,2022-09-13
CUST005835,Krishna Jhaveri,29,Male,Delhi,Regular,2023-04-09
CUST005836,Ekansh Jhaveri,62,Male,Kolkata,Regular,2024-02-05
CUST005837,Nandini Soni,19,Female,Mumbai,Regular,2024-06-07
CUST005838,Ishita Dass,26,Female,Chennai,Regular,2023-08-02
CUST005839,Yamini Soman,66,Female,Indore,Premium,2025-03-29
CUST005840,Niharika Balan,48,Female,Ahmedabad,New,2026-01-18
CUST005841,Zansi Virk,39,Female,Hyderabad,Premium,2024-05-01
CUST005842,Patrick Bhandari,52,Female,Hyderabad,New,2025-08-10
CUST005843,Kamala Keer,61,Female,Mumbai,Regular,2023-10-06
CUST005844,Idika Bal,20,Female,Hyderabad,Regular,2025-07-31
CUST005845,Urvi Iyengar,68,Female,Ahmedabad,New,2025-02-11
CUST005846,Fiyaz Narang,61,Male,Chennai,Premium,2025-03-12
CUST005847,Pushti Kurian,61,Female,Delhi,Regular,2025-12-17
CUST005848,Dipta Handa,46,Female,Delhi,Premium,2025-07-23
CUST005849,Nisha Seshadri,55,Male,Indore,Regular,2022-11-26
CUST005850,Xiti Sheth,37,Male,Kolkata,New,2024-10-13
CUST005851,Hemangini Kumar,34,Female,Mumbai,Premium,2023-05-02
CUST005852,Faraj Bala,63,Male,Pune,Premium,2023-09-07
CUST005853,Manan Golla,19,Male,Kolkata,Regular,2024-09-07
CUST005854,Neha De,39,Female,Kolkata,Premium,2024-08-05
CUST005855,Pranit Bhasin,60,Female,Indore,New,2025-08-29
CUST005856,Parth Din,27,Female,Mumbai,Regular,2024-09-15
CUST005857,Hitesh Borde,58,Female,Pune,Regular,2026-03-19
CUST005858,Kamala Suri,52,Female,Kolkata,Premium,2024-06-20
CUST005859,Vyanjana Chhabra,34,Female,Mumbai,New,2024-06-16
CUST005860,Dakshesh Menon,45,Male,Ahmedabad,New,2023-04-30
CUST005861,Ishaan Mani,57,Female,Indore,Regular,2023-10-19
CUST005862,Viraj Bali,58,Male,Jaipur,Regular,2024-04-02
CUST005863,Hemang Sandal,49,Male,Pune,New,2025-02-12
CUST005864,Sarthak Gola,18,Female,Bengaluru,New,2023-06-15
CUST005865,Pranit Sachdev,50,Female,Jaipur,Regular,2025-01-28
CUST005866,Girish Lata,56,Female,Delhi,Regular,2023-06-11
CUST005867,Amruta Tandon,24,Female,Ahmedabad,Premium,2026-03-08
CUST005868,Darsh Sami,34,Female,Ahmedabad,New,2024-12-24
CUST005869,Ekbal Seshadri,26,Other,Indore,New,2024-08-19
CUST005870,Tarak Buch,33,Female,Bengaluru,Regular,2024-05-11
CUST005871,Sanaya Baral,45,Female,Indore,Regular,2026-06-08
CUST005872,Advay Bali,57,Female,Chennai,New,2023-11-24
CUST005873,Sathvik Goyal,28,Male,Bengaluru,Premium,2024-05-31
CUST005874,Qadim Kulkarni,36,Male,Mumbai,Regular,2026-07-23
CUST005875,Krisha Kapur,40,Male,Delhi,Regular,2026-04-14
CUST005876,Ridhi Dutta,42,Female,Chennai,Premium,2025-01-19
CUST005877,Sachi Sant,24,Female,Indore,New,2023-09-08
CUST005878,Tristan Bali,46,Male,Kolkata,Regular,2025-10-23
CUST005879,Ekta Lad,21,Female,Bengaluru,Regular,2022-12-01
CUST005880,Inaya Nair,45,Female,Kolkata,Regular,2023-02-13
CUST005881,Umang Datta,18,Female,Chennai,New,2024-08-15
CUST005882,Wakeeta Gole,35,Female,Kolkata,Regular,2024-12-16
CUST005883,Nathaniel Dalal,43,Female,Delhi,New,2026-02-26
CUST005884,Tristan Pall,53,Female,Bengaluru,Premium,2025-06-07
CUST005885,Chanchal Sanghvi,28,Female,Indore,Premium,2022-11-29
CUST005886,Qushi Saini,69,Female,Indore,Regular,2024-08-01
CUST005887,Garima Garg,41,Female,Ahmedabad,Regular,2024-08-02
CUST005888,Daksha Parekh,64,Female,Indore,Regular,2023-07-14
CUST005889,Alka Prakash,32,Male,Chennai,Regular,2022-10-04
CUST005890,Aadi Tiwari,46,Female,Jaipur,Regular,2026-04-24
CUST005891,Charvi Agate,27,Female,Jaipur,New,2024-06-09
CUST005892,Januja Sachar,21,Male,Kolkata,Regular,2026-04-04
CUST005893,Omkaar Basu,22,Female,Chennai,Regular,2024-12-23
CUST005894,Harshil Garg,67,Female,Delhi,New,2025-03-10
CUST005895,Noah Grewal,35,Female,Ahmedabad,Regular,2025-12-09
CUST005896,Kamya Mistry,51,Female,Indore,Regular,2026-05-30
CUST005897,Bachittar Mammen,36,Female,Pune,Regular,2023-10-05
CUST005898,Umang Ghose,35,Female,Indore,Premium,2026-06-25
CUST005899,Ijaya Hans,68,Female,Chennai,Regular,2023-09-17
CUST005900,Oscar Ahuja,19,Male,Jaipur,Regular,2023-05-16
CUST005901,Ishita Bhavsar,48,Female,Pune,New,2022-10-31
CUST005902,Kavya Narula,50,Other,Ahmedabad,Regular,2024-02-14
CUST005903,Ishaan Kara,56,Female,Bengaluru,New,2024-02-04
CUST005904,Falguni Bandi,48,Female,Bengaluru,Regular,2023-08-15
CUST005905,Yamini Mane,22,Female,Bengaluru,Premium,2025-08-12
CUST005906,Rishi Korpal,20,Male,Indore,New,2023-06-24
CUST005907,Chaitaly Koshy,38,Male,Kolkata,Regular,2024-05-02
CUST005908,Pooja Deo,45,Female,Hyderabad,Regular,2022-09-09
CUST005909,Idika Yohannan,51,Female,Bengaluru,New,2025-05-27
CUST005910,Jason Date,44,Female,Mumbai,Regular,2026-03-12
CUST005911,Anamika Chana,55,Female,Kolkata,Premium,2023-05-07
CUST005912,Sachi Nath,52,Female,Mumbai,Premium,2025-11-08
CUST005913,Dhriti Desai,36,Male,Hyderabad,New,2022-11-24
CUST005914,Luke Kibe,56,Male,Ahmedabad,Regular,2024-10-08
CUST005915,Rudra Borra,44,Female,Kolkata,Regular,2024-09-14
CUST005916,Dayamai Prabhu,37,Other,Indore,Premium,2023-11-03
CUST005917,Dominic Aurora,19,Male,Kolkata,Regular,2024-04-16
CUST005918,Amrita Chander,61,Female,Chennai,New,2025-01-24
CUST005919,Sara Oommen,36,Male,Hyderabad,Regular,2025-04-21
CUST005920,Kevin Golla,40,Female,Mumbai,Regular,2024-05-04
CUST005921,Faqid Karnik,28,Female,Indore,Regular,2023-01-31
CUST005922,Kashish Kata,64,Male,Indore,Regular,2025-09-24
CUST005923,Kabir Sampath,39,Female,Bengaluru,Regular,2026-04-18
CUST005924,Urvashi Nagar,24,Female,Mumbai,New,2023-04-20
CUST005925,Zayan Rajagopal,38,Male,Jaipur,Regular,2023-02-04
CUST005926,Atharv Sandal,48,Female,Jaipur,Regular,2023-03-04
CUST005927,Veer Bala,58,Male,Pune,Premium,2022-09-05
CUST005928,Amruta Murty,54,Male,Bengaluru,Premium,2026-05-18
CUST005929,Anamika Bhat,26,Female,Kolkata,New,2023-06-21
CUST005930,Hitesh Bhatnagar,19,Female,Jaipur,Regular,2024-02-29
CUST005931,Garima Pant,22,Male,Delhi,Regular,2022-09-13
CUST005932,Girindra Madan,30,Other,Ahmedabad,New,2023-07-21
CUST005933,Harish Cheema,32,Male,Mumbai,Regular,2023-12-07
CUST005934,Chandran Varughese,52,Male,Hyderabad,Regular,2026-04-12
CUST005935,Vedhika Shenoy,35,Male,Jaipur,Regular,2025-05-15
CUST005936,Advika Shukla,31,Female,Delhi,Regular,2025-03-26
CUST005937,Kavya Krishnamurthy,40,Female,Bengaluru,Premium,2026-04-25
CUST005938,Mitesh Chander,42,Male,Indore,Regular,2024-10-16
CUST005939,Aachal Nagy,63,Male,Hyderabad,Premium,2025-08-21
CUST005940,Pranit Amble,37,Male,Mumbai,Regular,2023-12-11
CUST005941,Waida Barman,57,Other,Kolkata,Premium,2024-06-29
CUST005942,Lavanya Issac,69,Male,Kolkata,Regular,2023-07-19
CUST005943,Onkar Sani,20,Male,Pune,Regular,2024-03-01
CUST005944,Ishita Bhandari,48,Male,Chennai,Premium,2023-05-13
CUST005945,Unni Mann,40,Male,Ahmedabad,Premium,2024-07-02
CUST005946,Dakshesh Venkatesh,36,Male,Delhi,Regular,2024-01-29
CUST005947,Rehaan Garg,63,Male,Kolkata,Regular,2025-12-14
CUST005948,Rajeshri Sridhar,19,Male,Bengaluru,Regular,2023-03-26
CUST005949,Orinder Badami,20,Male,Kolkata,Regular,2025-10-21
CUST005950,Mitali Subramaniam,47,Other,Ahmedabad,Premium,2023-03-11
CUST005951,Janani Mody,58,Male,Indore,New,2026-08-03
CUST005952,Eiravati Prakash,67,Male,Chennai,New,2022-12-31
CUST005953,Om Dutt,36,Female,Ahmedabad,Regular,2023-05-24
CUST005954,Inaya Anand,23,Female,Indore,Regular,2025-11-13
CUST005955,Qadim Pandit,26,Male,Delhi,Regular,2025-10-04
CUST005956,Om Mital,62,Male,Indore,Regular,2024-07-23
CUST005957,Nisha Gulati,19,Female,Delhi,New,2025-02-28
CUST005958,Pranit Arya,56,Female,Ahmedabad,Regular,2023-01-16
CUST005959,Nicholas Korpal,53,Male,Kolkata,New,2026-07-31
CUST005960,Gagan Mani,18,Male,Ahmedabad,Regular,2025-01-30
CUST005961,Advay Arya,35,Male,Kolkata,Regular,2025-03-26
CUST005962,Meera Garde,23,Male,Pune,Regular,2026-03-12
CUST005963,Balveer Desai,61,Male,Delhi,New,2024-05-26
CUST005964,Aadi Lala,27,Male,Kolkata,Regular,2026-07-25
CUST005965,Charles Patel,66,Male,Mumbai,Regular,2024-06-27
CUST005966,Qasim Bhavsar,39,Male,Delhi,New,2024-09-08
CUST005967,Balveer Bahl,45,Male,Delhi,Regular,2025-09-16
CUST005968,Falan Bedi,29,Female,Ahmedabad,New,2025-10-17
CUST005969,Theodore Korpal,64,Female,Indore,New,2024-03-26
CUST005970,Peter Desai,37,Female,Jaipur,Regular,2023-05-05
CUST005971,Ubika Chander,20,Male,Jaipur,Regular,2023-01-10
CUST005972,Lavanya Ahluwalia,62,Female,Pune,Regular,2025-08-12
CUST005973,Oni Bail,28,Male,Indore,Premium,2026-08-15
CUST005974,Triya Sunder,56,Male,Bengaluru,Regular,2025-06-17
CUST005975,Ekani Ratta,59,Female,Pune,Regular,2023-11-08
CUST005976,Indrajit Sahota,50,Male,Bengaluru,New,2026-03-11
CUST005977,Urvi Sarin,54,Male,Ahmedabad,Regular,2026-05-11
CUST005978,Mahika Manda,20,Female,Ahmedabad,Regular,2023-08-03
CUST005979,Advaith Aurora,21,Female,Bengaluru,Regular,2025-02-03
CUST005980,Vedant Sheth,40,Male,Indore,New,2023-05-25
CUST005981,Anika Sampath,60,Female,Indore,Regular,2023-01-16
CUST005982,Pavani Din,63,Female,Bengaluru,Premium,2026-04-21
CUST005983,Indrajit Jha,41,Female,Mumbai,Regular,2026-05-07
CUST005984,Nirja Contractor,68,Female,Ahmedabad,Regular,2022-09-17
CUST005985,Barkha Chander,68,Female,Ahmedabad,Regular,2024-07-05
CUST005986,Laksh Iyengar,57,Male,Hyderabad,New,2025-09-13
CUST005987,Lopa Palla,37,Female,Hyderabad,New,2023-10-31
CUST005988,Jackson Hegde,43,Female,Chennai,New,2024-08-12
CUST005989,Ucchal Singhal,39,Male,Indore,New,2025-06-16
CUST005990,Janaki Sood,19,Female,Chennai,Regular,2024-06-11
CUST005991,Pahal Joshi,52,Male,Ahmedabad,Regular,2026-01-07
CUST005992,Brinda Gole,40,Male,Delhi,New,2025-04-23
CUST005993,Arunima Sangha,45,Male,Hyderabad,Premium,2026-02-05
CUST005994,Urvashi Narang,61,Female,Indore,Regular,2026-04-23
CUST005995,Harish Vaidya,60,Female,Kolkata,Regular,2024-12-31
CUST005996,Anmol Chadha,34,Female,Delhi,Regular,2026-03-19
CUST005997,Ranbir Gera,29,Male,Bengaluru,Regular,2023-12-07
CUST005998,Benjamin Ganguly,65,Female,Bengaluru,Regular,2023-11-17
CUST005999,Sai Morar,62,Male,Jaipur,New,2023-10-17
CUST006000,Faras Taneja,26,Female,Ahmedabad,Premium,2023-05-17
CUST006001,Amruta Pai,63,Male,Bengaluru,New,2024-06-24
CUST006002,Ronith Thaker,68,Female,Jaipur,Regular,2026-02-28
CUST006003,Aadhya Sen,32,Male,Indore,Premium,2025-01-30
CUST006004,Noah Parmer,25,Female,Bengaluru,New,2026-05-17
CUST006005,Kala Kar,44,Female,Bengaluru,Regular,2024-04-07
CUST006006,Omya Barman,51,Male,Chennai,Regular,2023-11-08
CUST006007,Oscar Hora,41,Male,Hyderabad,Regular,2024-11-07
CUST006008,Amaira Bhatnagar,36,Other,Chennai,New,2025-06-08
CUST006009,Aarush Nori,33,Female,Mumbai,New,2023-08-16
CUST006010,Dhriti Subramaniam,32,Female,Chennai,Regular,2025-10-24
CUST006011,Owen Chand,35,Female,Bengaluru,Regular,2024-04-27
CUST006012,Wahab Nagi,24,Male,Delhi,Regular,2025-12-23
CUST006013,Bachittar Kannan,27,Male,Ahmedabad,New,2024-09-07
CUST006014,Adweta Sane,27,Male,Kolkata,Regular,2022-11-14
CUST006015,Vrinda Roy,61,Male,Delhi,Regular,2025-10-16
CUST006016,Chaaya Kapadia,65,Male,Mumbai,Regular,2024-08-05
CUST006017,Anya Kala,48,Male,Bengaluru,Regular,2024-08-07
CUST006018,Meghana Prashad,58,Male,Indore,Regular,2023-01-03
CUST006019,Indali Sagar,46,Female,Jaipur,New,2023-10-01
CUST006020,Unni Deep,49,Female,Ahmedabad,Regular,2025-07-19
CUST006021,Vivaan Raval,62,Female,Hyderabad,Regular,2025-01-04
CUST006022,Jhalak Mishra,24,Female,Delhi,New,2026-05-30
CUST006023,Zilmil Pradhan,42,Male,Kolkata,Regular,2026-02-17
CUST006024,Darpan Dixit,54,Male,Delhi,Premium,2024-08-01
CUST006025,Ojas Choudhary,66,Male,Ahmedabad,Regular,2022-09-15
CUST006026,Gaurika Baria,60,Male,Indore,New,2025-08-16
CUST006027,Lekha Bahri,68,Male,Pune,Regular,2023-11-22
CUST006028,Januja Sabharwal,54,Male,Pune,Premium,2025-11-10
CUST006029,Bahadurjit Nazareth,19,Female,Chennai,Regular,2026-06-26
CUST006030,Vedant Kota,53,Other,Kolkata,Regular,2024-07-19
CUST006031,Pavani Upadhyay,45,Female,Jaipur,New,2023-09-14
CUST006032,Avi Randhawa,43,Male,Chennai,Premium,2024-09-17
CUST006033,Siddharth Bains,40,Female,Jaipur,Regular,2026-02-18
CUST006034,Urishilla Dara,54,Female,Jaipur,Regular,2024-12-27
CUST006035,Qadim Goswami,44,Male,Jaipur,Regular,2024-06-12
CUST006036,Vaishnavi Mand,30,Female,Ahmedabad,Regular,2025-12-16
CUST006037,Amol Vala,46,Male,Indore,New,2024-07-31
CUST006038,Falguni Kamdar,55,Male,Kolkata,Regular,2024-10-17
CUST006039,Chakradhar Ram,49,Female,Jaipur,New,2024-08-29
CUST006040,Oeshi Jayaraman,26,Male,Hyderabad,New,2023-12-15
CUST006041,Yutika Thakur,64,Female,Jaipur,New,2025-11-15
CUST006042,Mugdha Bajwa,58,Female,Ahmedabad,New,2025-10-24
CUST006043,Ekantika Bains,42,Other,Hyderabad,Premium,2026-03-31
CUST006044,Lakshit Dewan,42,Male,Hyderabad,Regular,2026-03-07
CUST006045,Tamanna Bhargava,45,Female,Chennai,New,2023-10-10
CUST006046,Faras Ratti,28,Female,Delhi,New,2025-07-24
CUST006047,Ayushman Ray,50,Male,Ahmedabad,New,2024-04-27
CUST006048,Rachit Bhat,42,Female,Jaipur,Regular,2025-11-25
CUST006049,Neelima Gaba,48,Male,Hyderabad,Regular,2025-02-11
CUST006050,Urvi Handa,39,Female,Delhi,Regular,2026-02-06
CUST006051,Yashodhara Buch,42,Female,Pune,Premium,2025-07-09
CUST006052,Vritti Dar,60,Female,Delhi,Regular,2025-01-17
CUST006053,Omya Naidu,62,Male,Kolkata,Premium,2026-06-01
CUST006054,Viraj Sheth,18,Female,Hyderabad,Premium,2023-01-16
CUST006055,Abeer Walla,63,Other,Kolkata,Regular,2024-06-15
CUST006056,Adweta Garg,52,Male,Mumbai,Regular,2024-05-19
CUST006057,Nakul Balan,30,Male,Hyderabad,Premium,2023-07-15
CUST006058,Gagan Khanna,25,Female,Kolkata,Regular,2024-01-18
CUST006059,Anirudh Chowdhury,56,Female,Ahmedabad,Regular,2023-11-10
CUST006060,Omya Sengupta,62,Male,Mumbai,Regular,2022-10-09
CUST006061,Praneel Bhatt,22,Male,Pune,Regular,2025-04-13
CUST006062,Reva Gupta,51,Female,Ahmedabad,Regular,2022-09-01
CUST006063,Aarna Wali,30,Female,Delhi,Premium,2023-05-08
CUST006064,Vincent Vala,39,Male,Delhi,Regular,2025-10-25
CUST006065,Yatan Bhagat,45,Male,Kolkata,Regular,2025-08-16
CUST006066,Faqid Shukla,39,Female,Pune,Regular,2025-09-27
CUST006067,Oeshi Sinha,25,Female,Jaipur,Premium,2024-10-16
CUST006068,Libni Puri,42,Male,Kolkata,Regular,2025-05-20
CUST006069,Tristan Comar,66,Female,Chennai,Regular,2024-02-13
CUST006070,Harshil Raghavan,58,Female,Hyderabad,Regular,2025-06-04
CUST006071,Lucky Vaidya,53,Male,Chennai,New,2023-01-20
CUST006072,Aarav Iyengar,53,Female,Pune,Premium,2026-08-27
CUST006073,Chakradhar Contractor,43,Male,Indore,Regular,2024-09-06
CUST006074,Nachiket Sachar,19,Male,Indore,Regular,2025-05-04
CUST006075,Brijesh Sehgal,49,Female,Ahmedabad,Regular,2026-05-26
CUST006076,Samar Balasubramanian,65,Male,Delhi,Premium,2024-11-03
CUST006077,Zarna Bhatti,25,Female,Kolkata,New,2024-08-03
CUST006078,Neelima Doctor,58,Male,Ahmedabad,New,2024-11-27
CUST006079,Oeshi Ghosh,35,Female,Jaipur,Regular,2025-06-05
CUST006080,Chandani Vyas,68,Female,Mumbai,New,2024-01-17
CUST006081,Anirudh Shankar,39,Female,Kolkata,Regular,2023-04-14
CUST006082,Qarin Sibal,65,Male,Jaipur,Regular,2025-05-05
CUST006083,Gaurang Borra,35,Male,Pune,Regular,2024-06-09
CUST006084,Pallavi Chowdhury,54,Female,Pune,New,2025-09-19
CUST006085,Imaran Garg,35,Female,Indore,New,2026-01-22
CUST006086,Nidra Ramanathan,65,Female,Bengaluru,Regular,2023-03-22
CUST006087,Bachittar Wali,55,Male,Chennai,Regular,2023-03-24
CUST006088,Wriddhish Dar,47,Male,Indore,New,2024-08-06
CUST006089,Parth Sama,54,Female,Delhi,Regular,2023-06-27
CUST006090,Avni Luthra,52,Male,Ahmedabad,New,2023-08-03
CUST006091,Lakshmi Gour,53,Female,Ahmedabad,Regular,2025-05-22
CUST006092,Gaurika Vig,67,Female,Jaipur,Regular,2025-07-21
CUST006093,Abeer Bumb,49,Female,Mumbai,Regular,2023-06-02
CUST006094,Chakrika Dhar,68,Female,Chennai,Regular,2023-12-05
CUST006095,Kashvi Kale,47,Male,Pune,Regular,2024-05-23
CUST006096,Gautam Dugal,51,Male,Hyderabad,Regular,2023-08-10
CUST006097,Januja Kothari,23,Female,Delhi,Premium,2022-09-11
CUST006098,Amaira Seth,58,Male,Chennai,Premium,2024-05-19
CUST006099,Zaid Puri,69,Female,Mumbai,Premium,2025-06-02
CUST006100,Aadi Deo,62,Other,Delhi,Regular,2026-07-25
CUST006101,Xavier Prashad,57,Female,Bengaluru,Regular,2024-01-05
CUST006102,Darika Basak,61,Male,Jaipur,Regular,2024-02-26
CUST006103,Tristan Sandal,21,Male,Chennai,New,2023-09-30
CUST006104,Ria Pillai,26,Female,Hyderabad,Regular,2025-12-20
CUST006105,Amol Kibe,21,Female,Bengaluru,Premium,2026-05-17
CUST006106,Anita Uppal,54,Female,Hyderabad,Regular,2024-12-25
CUST006107,Jagat Pandey,62,Male,Jaipur,New,2026-05-18
CUST006108,Wishi Kothari,31,Female,Chennai,Premium,2024-11-10
CUST006109,Aradhana Ratta,49,Female,Jaipur,Premium,2024-05-28
CUST006110,Rudra Datta,68,Male,Delhi,New,2023-08-22
CUST006111,Balvan Raj,18,Male,Pune,Regular,2024-05-16
CUST006112,Nikita Mander,62,Female,Kolkata,New,2025-02-23
CUST006113,Kai Pradhan,42,Male,Kolkata,Premium,2025-02-17
CUST006114,Vedhika Ghosh,31,Female,Indore,Regular,2023-03-26
CUST006115,Aahana Grewal,20,Male,Mumbai,Premium,2025-03-25
CUST006116,Qarin Gandhi,62,Male,Kolkata,Regular,2024-05-28
CUST006117,Advay Rajagopalan,49,Female,Delhi,New,2024-06-06
CUST006118,Elijah Setty,23,Male,Delhi,New,2026-08-14
CUST006119,Peter Gulati,37,Female,Kolkata,Regular,2026-06-15
CUST006120,Krishna Dubey,69,Male,Indore,Premium,2025-02-27
CUST006121,Tanveer Nagi,42,Female,Bengaluru,Regular,2025-11-08
CUST006122,Mugdha Varma,42,Male,Chennai,New,2024-08-18
CUST006123,Shravya Grover,22,Female,Kolkata,Regular,2024-03-29
CUST006124,Advik Mitra,20,Female,Indore,Regular,2023-03-05
CUST006125,Aachal Vohra,47,Male,Hyderabad,Regular,2023-05-24
CUST006126,Zayan Koshy,28,Other,Jaipur,New,2023-01-24
CUST006127,Ryan Wable,43,Female,Indore,Regular,2025-10-30
CUST006128,Frado Dubey,19,Female,Jaipur,Regular,2023-03-12
CUST006129,Advaith Balan,39,Male,Delhi,New,2022-09-04
CUST006130,Bimala Mishra,53,Female,Chennai,Premium,2022-11-14
CUST006131,Mohini Din,43,Female,Kolkata,Regular,2026-03-26
CUST006132,Dalaja Karan,29,Male,Mumbai,Regular,2026-04-14
CUST006133,Bhavani Bobal,21,Other,Pune,Regular,2023-08-02
CUST006134,Jagat Badal,45,Female,Ahmedabad,Regular,2023-07-12
CUST006135,Ekanta Doshi,22,Female,Kolkata,New,2026-06-28
CUST006136,Kevin Bali,64,Male,Pune,Regular,2025-03-04
CUST006137,Falak Rajagopal,69,Female,Bengaluru,New,2023-12-03
CUST006138,Krishna Minhas,59,Female,Chennai,Regular,2026-07-10
CUST006139,Forum Dora,45,Male,Hyderabad,New,2022-11-23
CUST006140,Vivaan Nayar,34,Male,Hyderabad,Premium,2026-03-12
CUST006141,Azaan Sundaram,56,Female,Kolkata,Regular,2024-06-21
CUST006142,Harsh Lal,69,Male,Hyderabad,New,2025-01-12
CUST006143,Jeremiah Bandi,36,Female,Indore,Regular,2025-06-02
CUST006144,Neelima Walla,30,Male,Bengaluru,Regular,2023-03-21
CUST006145,Frederick Som,19,Female,Chennai,Regular,2025-06-17
CUST006146,Yatan Agate,52,Female,Pune,Regular,2024-07-25
CUST006147,Nilima Chaudhry,23,Other,Pune,Regular,2026-08-22
CUST006148,Gauri Srinivasan,52,Female,Jaipur,Regular,2023-04-23
CUST006149,Abeer Mukherjee,44,Male,Kolkata,Regular,2023-09-18
CUST006150,Vritti Kurian,33,Male,Hyderabad,Regular,2023-03-04
CUST006151,Eesha Kar,22,Female,Delhi,Regular,2022-12-19
CUST006152,Vasatika Mutti,45,Female,Jaipur,New,2026-04-11
CUST006153,Gunbir Arya,39,Female,Indore,Premium,2022-11-17
CUST006154,Vrishti Tandon,28,Other,Indore,Regular,2023-06-30
CUST006155,Ethan Taneja,55,Female,Hyderabad,Premium,2024-02-23
CUST006156,Upkaar Saini,56,Female,Pune,New,2023-01-09
CUST006157,Chakradev Din,58,Male,Kolkata,Regular,2025-08-12
CUST006158,Ekavir Issac,19,Female,Indore,Premium,2024-11-07
CUST006159,Rishi Kade,23,Other,Kolkata,Regular,2024-08-11
CUST006160,Ranveer Misra,34,Male,Delhi,Regular,2025-10-08
CUST006161,Chaaya Mukherjee,42,Female,Delhi,Premium,2023-10-30
CUST006162,Bhavini Acharya,34,Male,Jaipur,Regular,2025-12-22
CUST006163,Wakeeta Sankar,43,Male,Indore,New,2022-10-07
CUST006164,Ojasvi Dave,49,Male,Ahmedabad,Regular,2025-12-14
CUST006165,Divya Bhatti,26,Female,Jaipur,New,2026-08-01
CUST006166,Upma Sachdev,23,Female,Hyderabad,Premium,2024-01-10
CUST006167,Ekbal Sinha,41,Female,Ahmedabad,Regular,2025-05-03
CUST006168,Ishanvi Chakraborty,46,Other,Kolkata,Premium,2024-09-17
CUST006169,Ojas Yohannan,32,Female,Bengaluru,New,2025-03-07
CUST006170,Farhan Loyal,54,Male,Mumbai,Regular,2024-02-26
CUST006171,Reyansh Kumer,44,Female,Kolkata,Regular,2022-10-25
CUST006172,Irya Upadhyay,21,Male,Hyderabad,New,2022-08-31
CUST006173,Hiral Brar,25,Male,Mumbai,New,2025-10-04
CUST006174,Ekani Seth,46,Male,Jaipur,New,2023-10-07
CUST006175,Manya Pau,22,Female,Jaipur,New,2023-09-19
CUST006176,Mitali Batta,43,Male,Jaipur,Regular,2025-05-29
CUST006177,Urvashi Agate,53,Male,Hyderabad,Regular,2022-11-15
CUST006178,Advay Korpal,24,Male,Chennai,Regular,2026-06-15
CUST006179,Deepa Nagar,24,Male,Ahmedabad,Regular,2026-06-15
CUST006180,Jacob Zacharia,19,Female,Delhi,New,2023-11-01
CUST006181,Yuvraj Doctor,60,Female,Pune,Regular,2023-06-01
CUST006182,Arjun Kadakia,52,Female,Delhi,Regular,2025-02-28
CUST006183,Meera Dyal,32,Other,Delhi,New,2025-12-02
CUST006184,William Varkey,23,Female,Ahmedabad,New,2024-03-28
CUST006185,Arya Bail,32,Male,Chennai,Regular,2025-06-19
CUST006186,Advik Doshi,36,Male,Indore,Regular,2024-04-28
CUST006187,Nakul Nigam,44,Male,Kolkata,Regular,2023-01-16
CUST006188,Barkha Sarkar,65,Female,Hyderabad,Regular,2025-09-03
CUST006189,Samar Khalsa,60,Female,Bengaluru,New,2024-02-12
CUST006190,Kevin Iyengar,34,Other,Pune,Regular,2022-11-23
CUST006191,Upadhriti Mital,45,Male,Hyderabad,New,2023-10-12
CUST006192,Yahvi Tripathi,40,Male,Bengaluru,Regular,2026-06-27
CUST006193,Rachana Sura,67,Male,Bengaluru,Regular,2022-11-03
CUST006194,Brijesh Ganguly,58,Male,Bengaluru,New,2022-10-31
CUST006195,George Zachariah,61,Male,Delhi,Premium,2026-03-24
CUST006196,Tristan Brar,57,Male,Delhi,New,2023-01-18
CUST006197,Maanav Ramakrishnan,48,Female,Jaipur,Regular,2024-04-08
CUST006198,Gopal Nayak,51,Female,Indore,Regular,2024-12-10
CUST006199,Hamsini Batta,62,Male,Indore,Regular,2024-02-12
CUST006200,Mohini Khosla,38,Male,Pune,Regular,2023-06-14
CUST006201,Isaac Rau,20,Male,Jaipur,Regular,2022-10-18
CUST006202,Suhani Dutt,24,Male,Bengaluru,New,2023-04-13
CUST006203,Dipta Kara,18,Female,Bengaluru,Regular,2025-03-19
CUST006204,Abhimanyu Soni,68,Male,Kolkata,Regular,2024-09-08
CUST006205,Januja Mallick,45,Female,Indore,Regular,2023-12-02
CUST006206,Dakshesh Wali,31,Male,Delhi,Premium,2025-07-18
CUST006207,Ronith Buch,31,Male,Jaipur,New,2024-07-18
CUST006208,Bimala Ramakrishnan,47,Female,Kolkata,Regular,2025-10-30
CUST006209,Harinakshi Kohli,64,Female,Ahmedabad,Regular,2025-02-09
CUST006210,Oviya Sunder,58,Female,Chennai,Regular,2026-01-28
CUST006211,Nikita Deo,31,Male,Jaipur,Regular,2026-05-15
CUST006212,Pranit Kothari,65,Male,Kolkata,Regular,2024-01-18
CUST006213,Aarnav Patla,61,Female,Bengaluru,Regular,2023-08-24
CUST006214,Lakshit Rajagopalan,46,Male,Delhi,Regular,2022-12-21
CUST006215,Amol Dayal,63,Male,Indore,Regular,2024-03-31
CUST006216,Saumya Ahuja,68,Female,Kolkata,Regular,2023-07-30
CUST006217,Zansi Rattan,39,Male,Ahmedabad,Premium,2022-11-12
CUST006218,Charles Ramaswamy,53,Male,Hyderabad,Regular,2023-08-31
CUST006219,Meghana Randhawa,58,Male,Kolkata,Premium,2023-09-03
CUST006220,Abhiram Prabhakar,51,Female,Pune,Premium,2022-11-05
CUST006221,Gagan Sanghvi,63,Female,Bengaluru,Regular,2023-10-16
CUST006222,Jai Apte,52,Male,Kolkata,New,2026-04-25
CUST006223,Caleb Dani,60,Female,Delhi,Regular,2023-05-12
CUST006224,Warjas Balakrishnan,19,Male,Pune,New,2023-04-08
CUST006225,Krishna Bajaj,38,Female,Chennai,Regular,2025-03-30
CUST006226,Harinakshi Dugar,39,Female,Bengaluru,New,2025-08-02
CUST006227,Triveni Prabhakar,54,Female,Mumbai,Regular,2025-01-28
CUST006228,Jeevika Kashyap,41,Female,Indore,Regular,2026-04-22
CUST006229,Rachit Ramanathan,36,Male,Mumbai,Regular,2022-11-01
CUST006230,Qushi Bassi,26,Male,Mumbai,Regular,2023-03-23
CUST006231,Ikshita Tailor,36,Male,Mumbai,Regular,2026-08-19
CUST006232,Ekanta Kurian,35,Male,Indore,Regular,2026-02-09
CUST006233,Laksh Bassi,49,Male,Delhi,New,2024-01-06
CUST006234,Baghyawati Mangal,63,Female,Chennai,Regular,2026-08-06
CUST006235,Umang Varkey,49,Female,Bengaluru,Regular,2023-01-16
CUST006236,Amol Dara,38,Female,Indore,Regular,2025-09-17
CUST006237,Ijaya Palla,35,Female,Jaipur,Premium,2024-11-28
CUST006238,Bhanumati Mandal,52,Male,Hyderabad,Regular,2025-11-24
CUST006239,Mitali Ravi,37,Female,Indore,Premium,2023-04-29
CUST006240,Kamala Dixit,48,Male,Kolkata,Premium,2023-03-08
CUST006241,Warda Ben,40,Female,Delhi,New,2023-12-31
CUST006242,Lajita Arora,46,Female,Hyderabad,Regular,2023-08-28
CUST006243,Harshil Salvi,63,Male,Bengaluru,New,2026-03-26
CUST006244,Dayita Sampath,48,Male,Mumbai,Regular,2022-10-15
CUST006245,Advaith Minhas,56,Male,Hyderabad,Premium,2024-07-26
CUST006246,Oviya Ravi,47,Female,Kolkata,New,2022-09-22
CUST006247,Ronith Pandit,24,Female,Delhi,Regular,2026-01-22
CUST006248,Jasmit Thaman,30,Female,Indore,Regular,2024-03-18
CUST006249,Ekavir Prasad,49,Male,Hyderabad,Regular,2023-07-04
CUST006250,Ekansh Sastry,43,Male,Ahmedabad,Regular,2023-08-21
CUST006251,Pallavi Taneja,51,Male,Kolkata,Regular,2026-02-05
CUST006252,Diya Sampath,37,Male,Pune,Premium,2022-11-20
CUST006253,Ria Bhatia,59,Male,Jaipur,Regular,2024-03-31
CUST006254,Praneel Kumer,61,Male,Jaipur,Regular,2023-12-11
CUST006255,Shaurya Korpal,68,Female,Jaipur,Regular,2025-03-03
CUST006256,Damyanti Sathe,41,Female,Delhi,Premium,2025-01-26
CUST006257,Daksh Prashad,23,Female,Kolkata,Regular,2023-10-13
CUST006258,Tanay Chatterjee,20,Female,Bengaluru,New,2025-07-20
CUST006259,Unni Bhagat,26,Male,Bengaluru,Regular,2024-01-07
CUST006260,Jatin Buch,63,Female,Mumbai,Regular,2025-11-19
CUST006261,Radhika Mital,54,Male,Mumbai,Regular,2026-04-06
CUST006262,Tanish Sanghvi,58,Female,Kolkata,Regular,2024-01-23
CUST006263,Jatin Keer,25,Male,Delhi,Regular,2023-06-27
CUST006264,Warda Lalla,38,Female,Bengaluru,Regular,2025-04-29
CUST006265,Meghana Amble,49,Male,Hyderabad,Premium,2024-04-01
CUST006266,Chandran Grewal,41,Female,Pune,Regular,2023-09-10
CUST006267,Urvi Chakrabarti,55,Male,Jaipur,New,2024-12-18
CUST006268,Yash Ahuja,26,Male,Pune,New,2026-01-31
CUST006269,Quincy Gade,48,Male,Chennai,New,2022-10-07
CUST006270,Rachana Suresh,43,Male,Delhi,Regular,2023-09-08
CUST006271,Ranveer Dhawan,63,Female,Kolkata,Regular,2025-08-05
CUST006272,Simon Deol,48,Female,Pune,Premium,2023-07-21
CUST006273,Bimala Lad,33,Male,Kolkata,Regular,2022-10-30
CUST006274,Kiaan Nagy,21,Male,Ahmedabad,Regular,2023-09-05
CUST006275,Megha Sharma,42,Female,Hyderabad,Regular,2024-04-04
CUST006276,Aarna Gandhi,22,Other,Bengaluru,Regular,2024-07-11
CUST006277,Warjas Dutta,35,Female,Jaipur,Regular,2023-08-11
CUST006278,Lohit Batra,19,Female,Pune,Regular,2023-03-29
CUST006279,Qabil Bains,49,Female,Mumbai,Regular,2025-02-07
CUST006280,Zayan Acharya,30,Male,Chennai,Regular,2022-12-08
CUST006281,Ranbir Kari,22,Female,Chennai,Premium,2025-11-23
CUST006282,Zaitra Mallick,59,Female,Hyderabad,Regular,2023-11-27
CUST006283,Simon Mishra,29,Female,Delhi,New,2024-10-05
CUST006284,Manthan Andra,26,Female,Indore,Premium,2026-01-22
CUST006285,Garima Nagi,51,Male,Hyderabad,Regular,2026-04-29
CUST006286,Falguni Luthra,43,Male,Chennai,New,2025-08-04
CUST006287,Jonathan Ramachandran,34,Male,Hyderabad,Regular,2022-11-26
CUST006288,Ekiya Sarin,66,Female,Hyderabad,Regular,2025-01-27
CUST006289,Saksham Kant,38,Female,Bengaluru,Regular,2023-03-10
CUST006290,Aarush Ramaswamy,32,Male,Chennai,Regular,2026-01-05
CUST006291,Yatan Kala,68,Female,Ahmedabad,New,2025-07-10
CUST006292,Qarin Sankaran,60,Male,Indore,New,2025-04-26
CUST006293,Kabir Tailor,34,Male,Indore,Regular,2024-07-27
CUST006294,Unni Kamdar,21,Female,Mumbai,Regular,2023-07-11
CUST006295,Oeshi Toor,62,Male,Ahmedabad,Regular,2025-08-20
CUST006296,Mitali Ratti,48,Male,Jaipur,Premium,2026-08-10
CUST006297,Vanya Bala,40,Male,Hyderabad,New,2026-08-05
CUST006298,Aarush Johal,49,Other,Hyderabad,Regular,2025-01-12
CUST006299,Charles Khanna,35,Female,Ahmedabad,New,2024-04-07
CUST006300,Gautami Munshi,23,Male,Kolkata,Regular,2023-05-19
CUST006301,Krishna Mani,45,Male,Ahmedabad,Regular,2023-01-07
CUST006302,Urvashi Mishra,41,Male,Hyderabad,Regular,2025-10-02
CUST006303,Kevin Tandon,54,Male,Chennai,Regular,2023-10-22
CUST006304,Radha Solanki,67,Female,Jaipur,New,2025-12-25
CUST006305,Yashawini Ganesh,21,Female,Jaipur,Regular,2024-06-23
CUST006306,Osha Devi,39,Female,Kolkata,Regular,2024-03-27
CUST006307,Qushi Dutta,66,Male,Hyderabad,Regular,2022-09-19
CUST006308,Yash Ravel,65,Male,Delhi,New,2023-06-21
CUST006309,Netra Lala,56,Male,Chennai,Regular,2024-05-29
CUST006310,Barkha Sem,69,Female,Indore,New,2023-10-18
CUST006311,Vedika Joshi,44,Male,Kolkata,New,2023-02-07
CUST006312,Vedhika Mall,54,Female,Bengaluru,New,2026-03-29
CUST006313,Aarini Toor,31,Male,Chennai,Premium,2024-06-22
CUST006314,Divya Murthy,56,Male,Indore,New,2022-09-20
CUST006315,Sarthak Dhar,50,Male,Jaipur,Premium,2026-02-28
CUST006316,Rajata Minhas,57,Male,Pune,Premium,2023-07-31
CUST006317,Karan Kapadia,35,Female,Indore,New,2025-03-03
CUST006318,Lakshmi Chaudhuri,68,Female,Jaipur,New,2023-03-20
CUST006319,Naksh Walla,39,Female,Delhi,Premium,2026-01-31
CUST006320,Hemang Narayan,33,Female,Indore,Premium,2025-04-11
CUST006321,Harinakshi Kari,21,Female,Kolkata,Premium,2023-09-23
CUST006322,Aayush Bora,56,Male,Hyderabad,New,2023-06-08
CUST006323,Rajeshri Gade,43,Female,Bengaluru,Regular,2023-03-30
CUST006324,Daksha Tank,40,Female,Hyderabad,Premium,2023-12-08
CUST006325,Neel Om,54,Female,Mumbai,Regular,2024-05-07
CUST006326,Yamini Swamy,64,Female,Mumbai,Regular,2022-12-06
CUST006327,Kabir Jayaraman,60,Male,Ahmedabad,Regular,2024-07-28
CUST006328,Dalbir Narayan,29,Female,Jaipur,Regular,2025-06-15
CUST006329,Ekansh Rama,52,Male,Ahmedabad,Premium,2024-11-17
CUST006330,Leena Bose,27,Female,Pune,Regular,2025-10-08
CUST006331,Aadhya Pingle,36,Male,Jaipur,New,2024-05-12
CUST006332,Unni Yadav,52,Female,Indore,Premium,2026-05-11
CUST006333,Mahika Bakshi,43,Female,Chennai,Regular,2025-11-10
CUST006334,Yutika Sangha,54,Male,Hyderabad,Regular,2025-07-30
CUST006335,Amruta Ram,36,Female,Hyderabad,Regular,2023-06-24
CUST006336,Aarush Saxena,19,Male,Delhi,Regular,2023-04-25
CUST006337,Megha Dar,34,Male,Kolkata,New,2022-11-15
CUST006338,Lohit Sahni,33,Male,Mumbai,Premium,2023-01-05
CUST006339,Nandini Deo,21,Female,Indore,New,2022-09-09
CUST006340,Omya Naidu,39,Male,Bengaluru,Regular,2024-03-04
CUST006341,Shivani Toor,65,Female,Jaipur,Regular,2024-05-21
CUST006342,Ganga Tata,67,Male,Delhi,Regular,2025-06-27
CUST006343,Ekantika Narang,50,Male,Delhi,Regular,2025-11-08
CUST006344,Wakeeta Pandey,30,Female,Jaipur,Regular,2023-01-31
CUST006345,Aachal Singhal,43,Male,Kolkata,Regular,2024-06-28
CUST006346,Abdul Amble,62,Female,Jaipur,New,2022-11-18
CUST006347,Sanya Nazareth,58,Female,Hyderabad,New,2024-11-15
CUST006348,Kevin Manne,59,Female,Indore,Premium,2025-07-25
CUST006349,Ishanvi Bora,18,Male,Pune,New,2024-06-03
CUST006350,Ira Kumer,28,Female,Delhi,Regular,2024-01-16
CUST006351,Mitesh Gill,53,Female,Indore,Regular,2026-06-14
CUST006352,Chasmum Lad,25,Female,Bengaluru,Regular,2022-12-13
CUST006353,Chaman Ahluwalia,63,Male,Indore,Regular,2023-04-09
CUST006354,Saksham Wadhwa,61,Female,Jaipur,New,2024-05-21
CUST006355,Anay Vala,40,Male,Indore,Regular,2025-12-15
CUST006356,Eesha Singhal,56,Other,Jaipur,Regular,2026-05-07
CUST006357,Devansh Sethi,61,Male,Pune,Premium,2022-09-28
CUST006358,Nilima Hari,36,Other,Delhi,Regular,2022-11-07
CUST006359,Amrita Dube,18,Female,Delhi,Regular,2026-07-22
CUST006360,Yauvani Sabharwal,56,Female,Indore,Regular,2022-12-01
CUST006361,Chakradev Natarajan,25,Male,Hyderabad,Regular,2025-10-08
CUST006362,Udant Balasubramanian,54,Female,Chennai,Premium,2025-03-31
CUST006363,Ekapad Kala,53,Female,Bengaluru,New,2023-10-21
CUST006364,Rachita Bhatti,37,Male,Jaipur,Regular,2026-02-28
CUST006365,Vedhika Sur,68,Male,Pune,Regular,2023-03-26
CUST006366,Gayathri Dua,18,Male,Hyderabad,New,2025-01-07
CUST006367,Imaran Kadakia,40,Female,Chennai,Regular,2024-03-14
CUST006368,Anamika Vyas,54,Female,Indore,Regular,2022-09-18
CUST006369,Eesha Basak,18,Female,Delhi,Regular,2024-08-18
CUST006370,Irya Purohit,39,Male,Chennai,Regular,2025-11-08
CUST006371,Chandani Upadhyay,29,Female,Hyderabad,Regular,2022-09-19
CUST006372,Wishi Kapoor,50,Male,Kolkata,Regular,2025-02-04
CUST006373,Anirudh Nayar,43,Other,Mumbai,Regular,2025-02-21
CUST006374,Logan Sankaran,53,Female,Chennai,Regular,2022-08-30
CUST006375,Zashil Madan,40,Female,Pune,Regular,2023-04-14
CUST006376,Viraj Chana,18,Male,Mumbai,Regular,2024-02-29
CUST006377,Gaurangi Verma,65,Female,Delhi,New,2023-11-07
CUST006378,Upadhriti Halder,67,Female,Hyderabad,Regular,2026-04-01
CUST006379,Mitesh Baria,44,Male,Bengaluru,Regular,2023-08-17
CUST006380,Ria Sharaf,42,Male,Bengaluru,Premium,2024-08-29
CUST006381,Rajeshri Sharma,52,Male,Ahmedabad,New,2024-03-14
CUST006382,Ishaan More,37,Male,Ahmedabad,New,2022-12-10
CUST006383,Amara Virk,37,Male,Bengaluru,Regular,2025-09-23
CUST006384,Saksham Aggarwal,29,Male,Bengaluru,New,2024-10-15
CUST006385,Ekaja Venkatesh,46,Female,Kolkata,Regular,2026-05-17
CUST006386,Yoshita Malhotra,36,Female,Chennai,Regular,2023-02-09
CUST006387,Nathan Konda,69,Male,Jaipur,Premium,2025-05-29
CUST006388,Om Sanghvi,19,Male,Mumbai,Regular,2022-10-16
CUST006389,Krisha Mammen,67,Male,Delhi,Regular,2023-05-13
CUST006390,Osha Srivastava,33,Male,Pune,Regular,2023-11-26
CUST006391,Hardik Sawhney,41,Female,Delhi,Regular,2023-06-23
CUST006392,Leena Rau,47,Female,Delhi,New,2023-06-07
CUST006393,Gabriel Prabhu,33,Male,Indore,Regular,2023-01-19
CUST006394,Upadhriti Zachariah,34,Female,Mumbai,Regular,2024-10-14
CUST006395,Chaitaly Din,51,Male,Hyderabad,Regular,2026-06-05
CUST006396,Janaki Oak,61,Female,Jaipur,Premium,2025-01-19
CUST006397,Oeshi Bajaj,23,Female,Bengaluru,Regular,2026-08-18
CUST006398,Michael Keer,69,Male,Chennai,New,2023-03-24
CUST006399,Maanas Kannan,59,Female,Delhi,Regular,2025-06-09
CUST006400,Jagat Seshadri,38,Male,Hyderabad,Regular,2025-04-25
CUST006401,Max Garg,66,Male,Kolkata,New,2023-08-18
CUST006402,Daksh Banik,55,Female,Chennai,Regular,2025-09-02
CUST006403,Diya Mahajan,46,Female,Mumbai,Premium,2026-05-16
CUST006404,Christopher Mand,38,Female,Ahmedabad,Premium,2026-02-07
CUST006405,Sanya Naidu,42,Male,Hyderabad,New,2025-08-25
CUST006406,Ekavir Saxena,29,Male,Kolkata,New,2024-06-12
CUST006407,Dipta Murthy,46,Female,Hyderabad,Regular,2023-07-09
CUST006408,Balveer Sethi,56,Male,Indore,New,2025-11-04
CUST006409,Turvi Varkey,29,Male,Delhi,Regular,2022-12-10
CUST006410,Dhruv Nagi,38,Female,Mumbai,New,2024-10-04
CUST006411,Chasmum Pingle,49,Male,Chennai,Regular,2024-10-29
CUST006412,Oliver Ravel,66,Female,Kolkata,Regular,2026-03-05
CUST006413,Yashasvi Lall,33,Female,Kolkata,Premium,2024-12-31
CUST006414,Nirja Jha,34,Male,Ahmedabad,New,2024-11-21
CUST006415,Nachiket Badal,20,Other,Chennai,Premium,2025-07-28
CUST006416,Mohini Buch,36,Female,Pune,New,2023-04-20
CUST006417,Mohini Chopra,26,Male,Indore,Regular,2023-06-05
CUST006418,Ayaan Nath,22,Male,Bengaluru,Regular,2025-10-18
CUST006419,Harish Dubey,64,Female,Delhi,New,2026-08-10
CUST006420,Guneet Vaidya,31,Female,Pune,Premium,2025-12-02
CUST006421,Avi Suresh,49,Female,Mumbai,Regular,2022-09-08
CUST006422,Lipika Bansal,57,Female,Chennai,Regular,2026-05-16
CUST006423,Champak Sha,39,Female,Indore,New,2025-02-24
CUST006424,Theodore Srivastava,31,Male,Delhi,Premium,2025-12-21
CUST006425,Maanas Ram,19,Female,Kolkata,New,2025-01-04
CUST006426,Udarsh Maharaj,39,Male,Delhi,Regular,2026-07-05
CUST006427,Daksha Sha,35,Female,Chennai,Regular,2026-07-30
CUST006428,Xavier Mutti,62,Other,Ahmedabad,Regular,2022-11-05
CUST006429,Vritti Narang,31,Male,Mumbai,Regular,2024-08-12
CUST006430,Zilmil Kar,52,Male,Kolkata,Regular,2023-06-21
CUST006431,Irya Sehgal,31,Female,Hyderabad,Premium,2022-09-18
CUST006432,Riya Keer,18,Female,Indore,Regular,2025-10-21
CUST006433,Onkar Kamdar,52,Female,Mumbai,Regular,2023-01-31
CUST006434,Forum Oak,37,Male,Pune,New,2025-05-06
CUST006435,Eesha Sarraf,59,Male,Pune,Regular,2025-07-14
CUST006436,Ishita Datta,48,Male,Hyderabad,Regular,2025-05-24
CUST006437,Vanya Kapadia,19,Female,Mumbai,Premium,2024-11-08
CUST006438,Ati Lall,37,Male,Delhi,Premium,2022-11-06
CUST006439,Jhalak Upadhyay,20,Female,Jaipur,Regular,2024-12-10
CUST006440,Henry Bose,67,Female,Ahmedabad,Regular,2023-12-25
CUST006441,Darika Subramanian,60,Male,Jaipur,Regular,2022-11-16
CUST006442,Michael Karan,55,Female,Kolkata,Regular,2025-05-31
CUST006443,Chandran Issac,26,Female,Delhi,Regular,2024-05-12
CUST006444,Ishaan Nair,58,Female,Delhi,Regular,2025-04-30
CUST006445,Falan Barad,22,Male,Chennai,Premium,2025-02-19
CUST006446,Shravya Sekhon,23,Female,Chennai,Regular,2024-12-11
CUST006447,Lucky Kata,51,Female,Mumbai,Regular,2025-05-17
CUST006448,Amara Parikh,19,Male,Ahmedabad,New,2024-06-21
CUST006449,Adya Sabharwal,41,Female,Chennai,New,2024-09-01
CUST006450,Aryan Kata,45,Female,Kolkata,Regular,2026-02-21
CUST006451,Prisha Misra,43,Male,Ahmedabad,Premium,2026-02-14
CUST006452,Dominic Sankaran,50,Male,Pune,Regular,2023-08-02
CUST006453,Eiravati Srinivasan,34,Male,Indore,Regular,2023-08-03
CUST006454,Yashawini Joshi,19,Female,Hyderabad,Regular,2026-05-09
CUST006455,Isha Tara,69,Female,Mumbai,Regular,2024-03-19
CUST006456,Naveen Din,63,Female,Bengaluru,New,2025-06-23
CUST006457,Vivaan Chawla,67,Male,Mumbai,New,2024-10-27
CUST006458,Sathvik Barad,32,Female,Jaipur,Premium,2023-03-29
CUST006459,Garima Pillay,53,Male,Chennai,Regular,2026-07-30
CUST006460,Nihal Karan,42,Male,Chennai,Regular,2023-08-16
CUST006461,Charita Chana,18,Male,Hyderabad,Premium,2024-04-03
CUST006462,Ekapad Palan,40,Female,Chennai,Premium,2025-04-28
CUST006463,Yug Sant,23,Female,Ahmedabad,Regular,2026-01-18
CUST006464,Arjun Shukla,30,Female,Ahmedabad,Regular,2026-07-13
CUST006465,Charita Manne,37,Female,Kolkata,Regular,2026-01-14
CUST006466,Urishilla Kumar,47,Male,Indore,Regular,2024-04-23
CUST006467,Jason Pai,54,Male,Hyderabad,Premium,2025-10-26
CUST006468,Bhanumati Butala,41,Male,Bengaluru,Premium,2026-07-30
CUST006469,Amrita Contractor,67,Female,Ahmedabad,New,2024-06-18
CUST006470,Riya Aggarwal,34,Female,Bengaluru,Regular,2024-02-02
CUST006471,Neel Gandhi,23,Female,Hyderabad,New,2022-12-26
CUST006472,Nidhi Bora,31,Male,Delhi,New,2025-05-27
CUST006473,Hardik Kari,32,Female,Indore,Regular,2026-01-03
CUST006474,Anusha Srinivasan,63,Male,Mumbai,Regular,2024-04-20
CUST006475,Aadhya Jani,67,Male,Bengaluru,Regular,2025-08-11
CUST006476,Shivani Mani,44,Female,Mumbai,Regular,2022-10-08
CUST006477,Jeremiah Wason,35,Male,Kolkata,Premium,2024-05-19
CUST006478,Wyatt Jaggi,24,Female,Bengaluru,Regular,2025-12-08
CUST006479,Max Samra,31,Male,Delhi,Regular,2026-04-14
CUST006480,Ayushman Rajagopalan,38,Male,Delhi,Premium,2025-08-31
CUST006481,Jackson Gulati,52,Male,Hyderabad,Regular,2024-06-04
CUST006482,Sneha Sharaf,24,Male,Kolkata,Regular,2023-03-08
CUST006483,Ojasvi Sachdev,56,Male,Hyderabad,Regular,2024-07-05
CUST006484,Aarav Dewan,46,Male,Mumbai,New,2023-12-28
CUST006485,Wridesh Mall,54,Female,Hyderabad,Regular,2023-05-26
CUST006486,Krish Dave,23,Female,Chennai,New,2023-03-24
CUST006487,Amruta Baral,30,Female,Bengaluru,Regular,2022-12-19
CUST006488,Raksha Sampath,38,Female,Chennai,New,2025-01-05
CUST006489,Oviya Sura,43,Male,Jaipur,Regular,2024-03-07
CUST006490,Girindra Som,43,Female,Indore,Regular,2026-05-02
CUST006491,Ekbal Narang,49,Male,Ahmedabad,Regular,2023-04-18
CUST006492,Anya Raval,58,Male,Indore,New,2023-03-03
CUST006493,Chaaya Bala,32,Male,Jaipur,Regular,2025-04-13
CUST006494,Siddharth Korpal,20,Male,Chennai,Regular,2025-12-17
CUST006495,Dev Shankar,64,Male,Hyderabad,New,2023-12-14
CUST006496,Jalsa Saraf,41,Female,Ahmedabad,New,2026-05-29
CUST006497,Logan Puri,36,Male,Pune,Regular,2026-02-12
CUST006498,Imaran Rajagopal,54,Male,Hyderabad,New,2023-09-15
CUST006499,Kabir Raghavan,68,Male,Delhi,Premium,2023-08-02
CUST006500,Ishanvi Raj,66,Male,Kolkata,Regular,2026-06-17
CUST006501,Ishani Dugar,43,Female,Delhi,Regular,2025-05-18
CUST006502,Vedika Sarna,49,Male,Jaipur,Regular,2024-04-03
CUST006503,George Misra,44,Male,Pune,Regular,2025-03-30
CUST006504,Atharv Kalita,67,Male,Indore,Regular,2026-08-08
CUST006505,Aarnav Gola,31,Female,Hyderabad,New,2025-10-26
CUST006506,Hemal Bhatt,32,Male,Chennai,Premium,2025-10-03
CUST006507,Anika Mani,37,Male,Bengaluru,Regular,2026-08-05
CUST006508,Mohini Srivastava,35,Female,Jaipur,Regular,2023-04-04
CUST006509,Veer Acharya,47,Female,Delhi,Regular,2023-12-09
CUST006510,Wridesh Kaur,60,Female,Chennai,Premium,2022-12-09
CUST006511,Jalsa Majumdar,18,Male,Jaipur,Regular,2024-04-07
CUST006512,Kashvi Subramaniam,22,Male,Bengaluru,Regular,2023-11-26
CUST006513,Manthan Parmar,33,Male,Hyderabad,Regular,2023-01-20
CUST006514,Abha Shankar,64,Other,Ahmedabad,Regular,2024-11-23
CUST006515,Edhitha Kala,26,Female,Chennai,Regular,2022-12-05
CUST006516,Abhiram Mann,35,Female,Indore,Regular,2022-09-19
CUST006517,Bhavika Kohli,61,Female,Jaipur,Regular,2024-07-13
CUST006518,Radhika Sandal,18,Other,Indore,Regular,2023-01-23
CUST006519,Charles Wadhwa,26,Male,Mumbai,Regular,2026-01-29
CUST006520,Yadavi Behl,52,Female,Delhi,Regular,2022-11-29
CUST006521,Varsha Kohli,43,Female,Delhi,New,2023-01-09
CUST006522,Samuel Chad,36,Female,Jaipur,Regular,2024-01-15
CUST006523,Dhruv Krishna,65,Male,Mumbai,Regular,2023-08-19
CUST006524,Vasana Warrior,35,Male,Indore,Regular,2024-05-30
CUST006525,Hemang Aurora,55,Female,Pune,New,2024-09-21
CUST006526,Tanmayi Chatterjee,28,Male,Ahmedabad,Regular,2022-11-07
CUST006527,Ekaja Sampath,65,Female,Hyderabad,Regular,2023-12-09
CUST006528,Ganga Sha,69,Male,Hyderabad,Regular,2026-03-24
CUST006529,Niharika Agate,60,Male,Ahmedabad,Regular,2023-04-07
CUST006530,Rudra Konda,39,Female,Bengaluru,Regular,2026-08-04
CUST006531,Kashish Lall,50,Male,Ahmedabad,Regular,2023-06-03
CUST006532,Advik Raval,53,Female,Delhi,Regular,2022-10-19
CUST006533,Qasim Hayer,28,Female,Mumbai,Regular,2022-11-21
CUST006534,Yadavi Sankaran,30,Female,Pune,Regular,2026-05-18
CUST006535,Gautami Bahl,41,Female,Chennai,Regular,2025-07-13
CUST006536,Lakshit Ganguly,41,Female,Hyderabad,Regular,2023-11-19
CUST006537,Gopal Mann,44,Male,Pune,New,2026-01-04
CUST006538,Avi Raval,60,Male,Pune,New,2024-05-25
CUST006539,Balhaar Chauhan,38,Male,Ahmedabad,Premium,2023-12-31
CUST006540,Aahana Nagarajan,38,Female,Indore,New,2025-10-19
CUST006541,Anirudh Chandran,39,Male,Mumbai,Regular,2026-04-25
CUST006542,Panini Krish,27,Female,Bengaluru,Premium,2023-07-14
CUST006543,Kabir Deshmukh,34,Female,Jaipur,Regular,2026-04-14
CUST006544,Arunima Barad,41,Female,Kolkata,Regular,2022-10-16
CUST006545,Vincent De,39,Female,Ahmedabad,Premium,2023-06-11
CUST006546,Champak Pradhan,35,Female,Indore,Regular,2024-04-06
CUST006547,Ayaan Chandran,53,Male,Chennai,Premium,2025-06-24
CUST006548,Faqid Comar,64,Other,Jaipur,Premium,2025-11-18
CUST006549,Aahana Warrior,40,Male,Indore,Regular,2023-12-18
CUST006550,Udant Chaudhuri,35,Male,Mumbai,Regular,2023-06-23
CUST006551,Owen Patla,66,Female,Pune,Regular,2023-06-07
CUST006552,Jackson Kala,36,Female,Mumbai,New,2023-05-01
CUST006553,Aachal Nayak,18,Male,Mumbai,New,2026-03-14
CUST006554,Bhanumati Nath,60,Male,Jaipur,Regular,2023-03-13
CUST006555,Daksha Grewal,20,Male,Hyderabad,Regular,2024-10-14
CUST006556,Chanchal Misra,37,Male,Jaipur,New,2025-04-01
CUST006557,Priya Ahluwalia,50,Male,Ahmedabad,Premium,2023-05-25
CUST006558,Yauvani Sani,61,Female,Pune,Regular,2024-06-26
CUST006559,Amrita Ghosh,36,Female,Delhi,New,2025-10-29
CUST006560,Ishanvi Kota,49,Male,Bengaluru,Regular,2024-07-08
CUST006561,Urvashi Kibe,25,Male,Jaipur,Regular,2023-11-01
CUST006562,Peter Sodhi,55,Female,Mumbai,Regular,2026-03-10
CUST006563,Ishani Ravel,59,Female,Jaipur,Regular,2026-03-17
CUST006564,Gaurika Goel,61,Male,Indore,Regular,2024-04-15
CUST006565,Kamala Natarajan,66,Other,Delhi,Regular,2025-01-19
CUST006566,Amara Sura,23,Female,Hyderabad,New,2025-11-27
CUST006567,Nakul Pingle,18,Female,Mumbai,New,2026-01-03
CUST006568,Yasti Bhat,24,Male,Bengaluru,Regular,2025-04-17
CUST006569,Omaja Mital,37,Male,Ahmedabad,Premium,2023-02-08
CUST006570,Urvashi Pingle,64,Female,Delhi,Regular,2023-08-04
CUST006571,Nidhi Prabhakar,28,Female,Kolkata,New,2023-05-03
CUST006572,Riya Madan,57,Female,Kolkata,Regular,2026-08-03
CUST006573,Radha Nadkarni,45,Male,Hyderabad,New,2025-06-30
CUST006574,Hamsini Joshi,38,Other,Ahmedabad,Regular,2025-01-16
CUST006575,Joshua Nori,62,Male,Hyderabad,Regular,2025-11-02
CUST006576,Mitesh Mann,40,Female,Jaipur,Regular,2023-07-09
CUST006577,Wakeeta Dora,27,Male,Mumbai,Regular,2023-12-04
CUST006578,Hamsini Soman,46,Female,Kolkata,New,2023-01-03
CUST006579,Tanvi Sahota,41,Male,Bengaluru,Premium,2023-06-30
CUST006580,Ekiya Madan,43,Female,Pune,Regular,2023-07-25
CUST006581,Nirja Narasimhan,69,Female,Pune,Regular,2024-10-14
CUST006582,Yatin Bal,61,Female,Kolkata,New,2024-05-31
CUST006583,Maya Yohannan,58,Other,Delhi,New,2023-04-14
CUST006584,Upma Khalsa,61,Male,Kolkata,Regular,2025-04-11
CUST006585,Ojasvi Char,62,Female,Hyderabad,Regular,2024-03-01
CUST006586,Xiti Chacko,26,Male,Jaipur,New,2023-02-02
CUST006587,Yutika Hegde,44,Male,Ahmedabad,Regular,2025-08-12
CUST006588,Gaurang Balakrishnan,34,Female,Indore,Regular,2023-09-13
CUST006589,Widisha Joshi,25,Male,Indore,New,2024-09-03
CUST006590,Ladli Bhargava,45,Female,Bengaluru,Regular,2024-08-30
CUST006591,Aayush Chandran,67,Male,Kolkata,New,2023-10-28
CUST006592,Vasatika Bahl,30,Male,Chennai,New,2025-01-08
CUST006593,Libni Maharaj,50,Female,Delhi,Regular,2025-02-05
CUST006594,Jacob Deep,44,Female,Ahmedabad,Premium,2023-03-07
CUST006595,Mitali Hegde,40,Female,Indore,Premium,2025-03-05
CUST006596,Riya Ranganathan,20,Female,Kolkata,Regular,2023-06-10
CUST006597,Arunima Dhawan,58,Male,Jaipur,Regular,2025-11-04
CUST006598,Lipika Minhas,69,Male,Hyderabad,Regular,2024-02-15
CUST006599,Samesh Halder,64,Male,Jaipur,Regular,2025-03-14
CUST006600,Triveni Dewan,55,Other,Mumbai,New,2025-11-03
CUST006601,Advay Kale,37,Male,Hyderabad,Premium,2024-05-04
CUST006602,Yashasvi Buch,53,Female,Mumbai,New,2025-07-01
CUST006603,Pratyush Sachdev,38,Female,Pune,New,2025-08-24
CUST006604,Brinda Sharma,53,Male,Indore,Regular,2023-01-13
CUST006605,Siya Bal,36,Male,Hyderabad,Regular,2024-05-29
CUST006606,Tejas Narasimhan,20,Male,Mumbai,Regular,2023-08-06
CUST006607,Bachittar Cheema,20,Female,Bengaluru,New,2024-04-25
CUST006608,Omkaar Palla,56,Male,Indore,Regular,2025-12-30
CUST006609,Ishaan Rattan,28,Male,Hyderabad,Regular,2025-12-16
CUST006610,Anita Bandi,32,Female,Mumbai,Regular,2025-11-23
CUST006611,Robert Kara,18,Female,Bengaluru,Regular,2023-08-23
CUST006612,Anita Kale,46,Male,Ahmedabad,Premium,2024-09-06
CUST006613,Vasatika Jha,57,Other,Chennai,Regular,2025-07-29
CUST006614,Harish Manda,30,Female,Jaipur,New,2022-11-07
CUST006615,Gaurang Bhatia,41,Male,Bengaluru,Regular,2022-12-17
CUST006616,Wakeeta Kalita,67,Female,Hyderabad,Regular,2022-10-26
CUST006617,Zayan Chand,20,Female,Indore,Regular,2023-02-06
CUST006618,Advaith Mandal,45,Female,Indore,Premium,2025-02-12
CUST006619,Aryan Batta,57,Male,Mumbai,Regular,2026-04-07
CUST006620,Neel Barad,22,Male,Jaipur,Regular,2023-04-19
CUST006621,Omisha Dani,41,Female,Mumbai,Regular,2024-05-17
CUST006622,Elijah Baral,25,Female,Kolkata,Premium,2023-09-15
CUST006623,Maanas Dara,65,Male,Ahmedabad,New,2026-04-03
CUST006624,Aarna Thaker,66,Female,Hyderabad,New,2026-06-19
CUST006625,Chasmum Lal,68,Male,Hyderabad,Premium,2026-06-08
CUST006626,Darpan Kadakia,48,Female,Hyderabad,Premium,2024-01-06
CUST006627,Falan Sandal,18,Male,Pune,Premium,2022-12-02
CUST006628,Gopal Sunder,20,Male,Mumbai,New,2026-03-21
CUST006629,Samesh Raja,48,Male,Ahmedabad,Regular,2022-11-28
CUST006630,Ekiya Srivastava,54,Male,Mumbai,Regular,2023-01-29
CUST006631,Warhi D’Alia,51,Female,Pune,Regular,2023-07-10
CUST006632,Guneet More,55,Male,Mumbai,New,2026-08-06
CUST006633,Krishna Mitter,20,Female,Kolkata,Regular,2026-07-06
CUST006634,Aayush Edwin,55,Female,Mumbai,Regular,2026-08-17
CUST006635,Bimala Chanda,22,Female,Chennai,Regular,2023-03-02
CUST006636,Tripti Mistry,53,Male,Mumbai,Regular,2024-01-03
CUST006637,Vedhika Borde,41,Male,Bengaluru,Regular,2025-12-11
CUST006638,Rajata Soni,60,Female,Bengaluru,Regular,2026-04-09
CUST006639,Vritti Rai,62,Female,Kolkata,New,2023-11-29
CUST006640,Raghav Bora,33,Male,Kolkata,New,2023-09-04
CUST006641,Baljiwan Tata,44,Male,Jaipur,New,2023-12-10
CUST006642,Ladli Das,50,Female,Hyderabad,Premium,2025-12-26
CUST006643,Omkaar Krish,57,Female,Bengaluru,Regular,2025-05-21
CUST006644,Jagat Pall,21,Male,Pune,Regular,2023-11-13
CUST006645,Faqid Khanna,28,Female,Indore,New,2023-01-04
CUST006646,Tejas Narula,32,Male,Ahmedabad,Regular,2022-11-16
CUST006647,Rachita Goyal,34,Male,Kolkata,Premium,2024-04-23
CUST006648,Niharika Kulkarni,28,Female,Kolkata,Regular,2026-02-13
CUST006649,Geetika Ganesh,31,Female,Hyderabad,New,2024-01-13
CUST006650,Watika Muni,62,Male,Mumbai,Regular,2026-06-16
CUST006651,Aarnav Dewan,60,Male,Kolkata,New,2025-05-08
CUST006652,Barkha Sur,49,Female,Indore,New,2025-09-21
CUST006653,Unnati Majumdar,62,Female,Indore,New,2024-11-14
CUST006654,Pooja Ramakrishnan,19,Male,Ahmedabad,Regular,2025-03-25
CUST006655,Yashawini Kant,54,Male,Jaipur,New,2022-11-27
CUST006656,Kala Cherian,45,Female,Mumbai,Premium,2025-03-03
CUST006657,Rachita Seth,37,Female,Kolkata,Regular,2024-02-20
CUST006658,Sathvik Pau,57,Male,Jaipur,Regular,2024-03-16
CUST006659,Madhav Gour,40,Male,Bengaluru,Regular,2024-07-25
CUST006660,Tamanna Dugal,26,Female,Pune,New,2024-04-25
CUST006661,Kiaan Pathak,19,Female,Delhi,Regular,2024-05-19
CUST006662,Atharv Lad,31,Female,Indore,Regular,2024-04-14
CUST006663,Vamakshi Bajaj,43,Female,Delhi,Premium,2025-06-24
CUST006664,Fitan Menon,68,Male,Ahmedabad,New,2026-04-24
CUST006665,Indrajit Kapadia,21,Male,Ahmedabad,Regular,2022-09-05
CUST006666,Yashodhara Sama,25,Male,Pune,Regular,2026-04-27
CUST006667,Abha Baria,18,Male,Bengaluru,Regular,2026-01-03
CUST006668,Harshil Ahluwalia,45,Female,Pune,Regular,2022-09-03
CUST006669,Nilima Bhargava,25,Female,Hyderabad,New,2025-07-08
CUST006670,Harish Sunder,45,Male,Delhi,Regular,2023-03-27
CUST006671,Abhimanyu Sodhi,42,Female,Jaipur,Premium,2024-05-23
CUST006672,Rehaan Thaker,66,Female,Mumbai,Regular,2025-09-20
CUST006673,Jairaj Panchal,29,Male,Delhi,New,2026-05-11
CUST006674,Logan Karnik,56,Female,Hyderabad,Regular,2023-04-07
CUST006675,Pratyush Gill,54,Male,Chennai,Regular,2025-01-08
CUST006676,Bhanumati Arya,67,Male,Hyderabad,Regular,2024-12-08
CUST006677,Urishilla Narain,42,Female,Chennai,Regular,2026-05-05
CUST006678,Reyansh Parmar,50,Female,Jaipur,Regular,2025-03-27
CUST006679,Azad Agarwal,21,Female,Pune,Regular,2023-10-26
CUST006680,Balvan Loyal,58,Male,Ahmedabad,New,2024-07-31
CUST006681,Vedant Pradhan,26,Other,Chennai,Regular,2026-06-11
CUST006682,Jack Koshy,38,Female,Indore,Regular,2024-02-19
CUST006683,Dipta Hari,59,Male,Pune,Regular,2024-01-06
CUST006684,Madhav Gala,37,Male,Bengaluru,Regular,2025-12-01
CUST006685,Abhimanyu Sarkar,18,Female,Hyderabad,Regular,2023-11-21
CUST006686,Jagvi Suri,41,Male,Bengaluru,New,2025-01-09
CUST006687,Ucchal Viswanathan,28,Male,Ahmedabad,Regular,2023-09-06
CUST006688,Joshua Zachariah,45,Female,Indore,Regular,2022-09-24
CUST006689,Arjun Mital,52,Male,Chennai,Regular,2023-02-03
CUST006690,Forum Kibe,25,Female,Bengaluru,Regular,2023-12-10
CUST006691,Gaurangi Date,40,Male,Delhi,Regular,2026-01-02
CUST006692,Adweta Mani,33,Female,Bengaluru,New,2024-08-27
CUST006693,Suhani Mani,37,Female,Chennai,Premium,2025-10-10
CUST006694,Balhaar Gill,39,Female,Bengaluru,New,2023-01-08
CUST006695,Arin Rajan,25,Female,Ahmedabad,Premium,2023-08-08
CUST006696,Widisha Bakshi,30,Female,Indore,Premium,2025-07-10
CUST006697,Ucchal D’Alia,36,Male,Pune,Regular,2025-07-01
CUST006698,Gunbir Kapadia,54,Male,Kolkata,Regular,2026-02-28
CUST006699,Zashil Khatri,18,Other,Chennai,Regular,2026-02-25
CUST006700,Akshay Nagar,69,Female,Hyderabad,Regular,2026-02-14
CUST006701,Ekantika Padmanabhan,35,Male,Ahmedabad,Regular,2026-07-20
CUST006702,Kashish Mohan,23,Female,Delhi,New,2025-08-17
CUST006703,Arunima Grover,54,Male,Pune,Regular,2025-02-08
CUST006704,Oni Sani,30,Female,Ahmedabad,Regular,2025-01-24
CUST006705,Chanchal Parmer,48,Female,Hyderabad,Regular,2026-06-17
CUST006706,Zinal Sanghvi,27,Female,Pune,Premium,2022-09-20
CUST006707,Ekalinga Bava,38,Female,Bengaluru,Regular,2024-04-23
CUST006708,Osha Sharaf,52,Male,Indore,Regular,2023-09-06
CUST006709,Sneha Mahajan,41,Female,Indore,Premium,2024-03-27
CUST006710,Caleb Butala,65,Male,Indore,Regular,2024-05-09
CUST006711,Maanas Sawhney,18,Male,Bengaluru,New,2024-06-02
CUST006712,Udant Sahota,64,Male,Jaipur,Regular,2025-06-25
CUST006713,Chandani Bhardwaj,61,Male,Ahmedabad,Premium,2023-04-03
CUST006714,Thomas Bahri,33,Male,Mumbai,Regular,2024-11-01
CUST006715,Robert Srinivas,36,Other,Indore,New,2025-09-24
CUST006716,Naveen Rao,23,Male,Hyderabad,New,2023-12-01
CUST006717,Charvi Sharaf,51,Female,Jaipur,Regular,2025-12-13
CUST006718,Pranit Naidu,23,Male,Pune,Regular,2026-01-26
CUST006719,Baghyawati Gour,21,Female,Hyderabad,Regular,2023-09-06
CUST006720,Zashil Ghosh,25,Female,Delhi,Regular,2023-07-25
CUST006721,Yauvani Agrawal,24,Female,Mumbai,Regular,2025-12-02
CUST006722,Anusha Buch,52,Female,Mumbai,New,2024-08-03
CUST006723,Darika Choudhry,34,Female,Bengaluru,Premium,2025-09-20
CUST006724,Hema Koshy,68,Male,Ahmedabad,Regular,2026-05-16
CUST006725,Hritik Narang,69,Male,Pune,Premium,2024-12-06
CUST006726,Divya Shanker,50,Male,Mumbai,Regular,2023-11-09
CUST006727,Leena Ghosh,49,Female,Mumbai,Regular,2026-03-16
CUST006728,Kritika Aurora,65,Female,Pune,New,2023-05-07
CUST006729,Nitesh Pillay,46,Female,Jaipur,Regular,2024-07-31
CUST006730,William Kala,26,Female,Chennai,New,2023-08-08
CUST006731,Hamsini Manne,19,Female,Jaipur,Regular,2024-03-08
CUST006732,Tristan Butala,33,Male,Pune,Regular,2024-01-11
CUST006733,Lila Kara,55,Female,Delhi,Regular,2022-11-08
CUST006734,Anmol Dey,26,Female,Indore,Premium,2025-03-25
CUST006735,Manya Gour,54,Male,Delhi,Regular,2026-07-04
CUST006736,Saanvi Dugar,52,Male,Jaipur,Regular,2023-01-30
CUST006737,Chakrika Dugar,41,Male,Kolkata,New,2025-03-18
CUST006738,Karan Bala,40,Female,Hyderabad,New,2023-12-11
CUST006739,Nikita Shetty,58,Female,Kolkata,New,2024-12-17
CUST006740,Jagdish Parmer,62,Male,Hyderabad,Premium,2025-07-27
CUST006741,Patrick Ravi,18,Female,Bengaluru,New,2024-04-14
CUST006742,Vaishnavi Ahluwalia,43,Female,Mumbai,Regular,2024-05-05
CUST006743,Jonathan Pant,33,Female,Delhi,New,2025-11-08
CUST006744,Tanveer Dara,26,Male,Bengaluru,Regular,2026-03-24
CUST006745,Naksh Tella,32,Female,Indore,New,2022-11-07
CUST006746,Ishita Amble,36,Female,Pune,Regular,2023-06-12
CUST006747,Chakradev Sahota,26,Female,Pune,Regular,2023-01-23
CUST006748,Hitesh Khatri,38,Female,Pune,Regular,2025-05-23
CUST006749,Siddharth Prakash,48,Female,Hyderabad,New,2025-04-16
CUST006750,Vrishti Sur,20,Female,Jaipur,New,2023-01-07
CUST006751,Aarnav Bhardwaj,19,Male,Pune,New,2025-05-28
CUST006752,Qarin Om,19,Female,Jaipur,Premium,2024-06-27
CUST006753,Krisha Dhingra,69,Male,Hyderabad,Regular,2023-06-11
CUST006754,Krisha Mand,44,Male,Bengaluru,New,2025-08-20
CUST006755,Devansh Varkey,44,Male,Kolkata,New,2025-10-21
CUST006756,Irya More,47,Female,Mumbai,New,2022-09-01
CUST006757,Luke Karan,30,Female,Chennai,New,2022-08-29
CUST006758,Hemangini Kalla,46,Male,Kolkata,Regular,2023-03-29
CUST006759,Fitan Rajan,38,Male,Jaipur,Regular,2025-06-05
CUST006760,Udyati Warrior,30,Female,Hyderabad,Regular,2025-12-04
CUST006761,Bhavani Narula,43,Male,Jaipur,Regular,2024-04-05
CUST006762,Ridhi Mani,25,Male,Indore,New,2026-03-22
CUST006763,Sachi Arya,54,Female,Mumbai,Regular,2025-12-26
CUST006764,Chakrika Pandit,47,Female,Mumbai,Regular,2023-06-29
CUST006765,Faris Seth,45,Male,Hyderabad,Regular,2024-10-12
CUST006766,Osha Sangha,28,Male,Kolkata,Regular,2024-02-08
CUST006767,Hemangini Goel,69,Female,Delhi,Premium,2025-06-17
CUST006768,Omya Bhavsar,30,Female,Chennai,Regular,2023-03-11
CUST006769,Nathaniel Chadha,48,Female,Kolkata,New,2026-02-24
CUST006770,Vansha Bhakta,39,Female,Jaipur,Regular,2024-05-21
CUST006771,Darpan Dugal,46,Female,Hyderabad,Regular,2023-03-22
CUST006772,Ekapad Comar,59,Female,Delhi,Regular,2024-04-27
CUST006773,Riya Bajwa,68,Female,Pune,Premium,2024-04-20
CUST006774,Prisha Jayaraman,64,Male,Mumbai,New,2024-01-31
CUST006775,Krishna Dora,45,Male,Kolkata,Regular,2023-07-03
CUST006776,Jatin Zacharia,28,Male,Hyderabad,Premium,2024-03-03
CUST006777,Ekbal Devi,64,Female,Kolkata,Regular,2024-04-08
CUST006778,Yauvani Pillai,35,Male,Delhi,Regular,2024-06-02
CUST006779,Widisha Chacko,23,Other,Chennai,Regular,2023-01-05
CUST006780,Max Muni,20,Male,Bengaluru,Regular,2023-06-24
CUST006781,Banjeet Balakrishnan,58,Male,Indore,Premium,2026-08-26
CUST006782,Sudiksha Nayar,58,Male,Ahmedabad,Regular,2025-12-11
CUST006783,Manthan Kohli,42,Male,Delhi,New,2025-08-25
CUST006784,Sarthak Dhar,27,Male,Hyderabad,Premium,2023-10-06
CUST006785,Hemangini Thakkar,43,Male,Mumbai,Regular,2026-04-12
CUST006786,Lajita Joshi,67,Female,Indore,Regular,2023-03-13
CUST006787,Aarna Chauhan,68,Male,Indore,Regular,2024-09-29
CUST006788,Watika Sachar,25,Male,Kolkata,Regular,2024-02-12
CUST006789,Harita Kade,53,Male,Hyderabad,Regular,2026-07-27
CUST006790,Benjamin Chandra,37,Female,Delhi,New,2023-01-28
CUST006791,Azaan Rama,38,Female,Hyderabad,Regular,2026-01-28
CUST006792,Nihal Sangha,32,Male,Jaipur,New,2024-04-30
CUST006793,Qarin Sankar,63,Female,Pune,Regular,2024-07-20
CUST006794,Jyoti Bhatt,66,Male,Delhi,Regular,2026-01-31
CUST006795,Vinaya Goswami,52,Female,Jaipur,Regular,2023-11-06
CUST006796,Hemani Kannan,29,Female,Chennai,Regular,2026-02-03
CUST006797,Vrinda Pau,45,Male,Jaipur,New,2025-07-08
CUST006798,Dipta Raju,22,Other,Hyderabad,Premium,2025-04-08
CUST006799,Nirja Lad,55,Male,Kolkata,Regular,2024-11-27
CUST006800,Yasti Memon,40,Male,Ahmedabad,Premium,2025-02-28
CUST006801,Nathaniel Gala,46,Male,Delhi,New,2023-11-04
CUST006802,Jhalak Dara,58,Male,Ahmedabad,New,2022-10-01
CUST006803,Niharika Devi,28,Female,Mumbai,New,2023-12-31
CUST006804,Odika Dayal,18,Female,Mumbai,Regular,2025-01-26
CUST006805,Eta Rajagopal,67,Female,Pune,Regular,2024-12-05
CUST006806,Imaran Dhar,34,Female,Delhi,New,2026-02-20
CUST006807,Oviya Date,50,Male,Ahmedabad,Regular,2025-11-07
CUST006808,Omisha Tailor,34,Female,Indore,Premium,2023-06-03
CUST006809,Ekaja Bains,31,Female,Mumbai,New,2025-04-08
CUST006810,Tanveer Kurian,63,Female,Jaipur,Regular,2025-07-27
CUST006811,Lakshit Bora,29,Male,Chennai,New,2023-03-20
CUST006812,Charvi Sarkar,36,Female,Mumbai,Regular,2026-05-09
CUST006813,Aayush Grewal,31,Male,Indore,Regular,2023-04-14
CUST006814,Brinda Tak,63,Female,Bengaluru,Regular,2024-08-14
CUST006815,Bhavini Pai,20,Female,Bengaluru,Premium,2024-10-02
CUST006816,Laksh Prakash,61,Male,Pune,Regular,2023-02-25
CUST006817,Charles Shanker,52,Male,Delhi,Regular,2022-10-05
CUST006818,Victor Wagle,42,Female,Delhi,New,2023-03-25
CUST006819,Brinda Sethi,18,Female,Bengaluru,New,2025-01-07
CUST006820,Xavier Hans,26,Female,Kolkata,Regular,2024-07-19
CUST006821,Daksh Madan,59,Female,Hyderabad,New,2024-01-02
CUST006822,Megha Sura,18,Female,Kolkata,Regular,2024-05-11
CUST006823,Advik Rana,61,Female,Delhi,Regular,2023-07-01
CUST006824,Theodore Dey,34,Male,Bengaluru,Premium,2026-04-08
CUST006825,Sai Agrawal,60,Male,Indore,Regular,2023-02-20
CUST006826,Lakshit Doshi,43,Female,Mumbai,Regular,2022-10-10
CUST006827,Zarna Master,45,Female,Kolkata,New,2024-10-18
CUST006828,Jonathan Rama,45,Male,Pune,Regular,2026-02-18
CUST006829,Samar Jayaraman,23,Female,Bengaluru,Regular,2025-11-10
CUST006830,Pallavi Seth,20,Male,Pune,Regular,2025-07-13
CUST006831,Arin Upadhyay,30,Male,Pune,New,2023-05-14
CUST006832,Wishi Chada,29,Female,Chennai,New,2025-08-16
CUST006833,Lakshmi Anand,53,Female,Jaipur,New,2026-04-13
CUST006834,Zehaan Mangal,36,Male,Bengaluru,Regular,2026-06-12
CUST006835,Kiaan Bajwa,23,Female,Kolkata,New,2025-01-18
CUST006836,Oni Mammen,36,Male,Jaipur,Premium,2025-01-27
CUST006837,Ishaan Guha,59,Female,Ahmedabad,Regular,2023-04-12
CUST006838,Kala Chander,37,Male,Hyderabad,Premium,2026-07-09
CUST006839,Kavya Bedi,43,Female,Mumbai,New,2026-03-02
CUST006840,Faras Chokshi,50,Other,Chennai,New,2026-06-25
CUST006841,Bishakha Raman,36,Other,Kolkata,Regular,2023-02-15
CUST006842,Hemani Wali,27,Female,Kolkata,Regular,2025-09-13
CUST006843,Chanakya Kalita,18,Female,Hyderabad,Regular,2024-11-19
CUST006844,Bhavika Kumer,57,Female,Indore,Regular,2025-05-16
CUST006845,Darsh Manda,59,Male,Chennai,Regular,2022-12-02
CUST006846,Wyatt Bhatt,21,Female,Chennai,Premium,2024-02-21
CUST006847,Lekha Upadhyay,30,Female,Ahmedabad,Premium,2024-02-08
CUST006848,Tanay Narayanan,31,Female,Ahmedabad,New,2023-06-21
CUST006849,Anvi Varma,44,Female,Delhi,Regular,2025-05-28
CUST006850,Vansha Mukherjee,58,Female,Ahmedabad,Regular,2024-08-09
CUST006851,Indira Tiwari,45,Male,Hyderabad,New,2022-11-14
CUST006852,Brijesh Arora,56,Female,Jaipur,New,2023-02-05
CUST006853,Zaitra Nadkarni,43,Male,Indore,Regular,2024-04-12
CUST006854,Sara Choudhary,56,Female,Ahmedabad,Regular,2024-09-23
CUST006855,Adweta Banik,29,Female,Indore,Regular,2023-01-17
CUST006856,Mohammed Shere,63,Female,Jaipur,Premium,2026-01-07
CUST006857,Nidhi Vyas,46,Other,Indore,Regular,2025-08-10
CUST006858,Veda Chauhan,56,Female,Kolkata,Regular,2024-07-06
CUST006859,Hredhaan Pau,67,Female,Hyderabad,New,2024-11-07
CUST006860,Panini Varughese,57,Male,Ahmedabad,Regular,2024-06-15
CUST006861,Frederick Singhal,19,Female,Indore,Regular,2026-03-05
CUST006862,Reva Parekh,22,Female,Ahmedabad,Regular,2025-02-13
CUST006863,Rushil Dutta,53,Male,Jaipur,Regular,2024-06-01
CUST006864,Vamakshi Barman,65,Female,Jaipur,Regular,2025-09-19
CUST006865,Ayaan Natarajan,29,Male,Bengaluru,Regular,2024-12-09
CUST006866,Kavya Gupta,63,Female,Hyderabad,Regular,2023-09-30
CUST006867,Ekalinga Pall,63,Other,Hyderabad,New,2024-06-14
CUST006868,Ria Doctor,29,Female,Pune,New,2024-12-23
CUST006869,Yatin Patla,61,Female,Mumbai,Premium,2023-09-04
CUST006870,Yashodhara Gade,30,Female,Mumbai,Premium,2023-11-10
CUST006871,Lipika Ratta,32,Female,Kolkata,Regular,2025-06-18
CUST006872,Girindra Sidhu,21,Male,Chennai,Regular,2026-07-05
CUST006873,Gautami Bassi,21,Male,Bengaluru,Premium,2022-12-10
CUST006874,Amrita Sandal,68,Female,Jaipur,Regular,2024-06-23
CUST006875,Sathvik Agrawal,53,Female,Delhi,Regular,2026-02-14
CUST006876,Abeer Doshi,66,Male,Ahmedabad,Regular,2026-01-05
CUST006877,Samarth Dugar,51,Female,Pune,New,2026-06-28
CUST006878,Praneel Srinivas,42,Female,Hyderabad,Premium,2025-11-12
CUST006879,Qushi Kapadia,68,Female,Indore,Regular,2023-09-29
CUST006880,Ekaraj Prabhakar,35,Female,Mumbai,Regular,2026-02-08
CUST006881,Nitesh Nagarajan,68,Female,Jaipur,Regular,2023-03-12
CUST006882,Charita Sandhu,53,Male,Jaipur,Premium,2023-02-10
CUST006883,Aayush Sibal,47,Female,Bengaluru,Premium,2026-02-20
CUST006884,Abhimanyu Wason,58,Female,Jaipur,Regular,2026-07-22
CUST006885,Jeremiah Anand,52,Male,Kolkata,New,2025-05-17
CUST006886,Udarsh Ganesan,67,Female,Indore,Regular,2024-09-18
CUST006887,Upasna Shah,32,Female,Mumbai,Regular,2026-07-27
CUST006888,Jai Thaker,20,Female,Bengaluru,New,2023-11-26
CUST006889,Eiravati Dave,52,Male,Kolkata,Regular,2025-08-09
CUST006890,Yamini Ramakrishnan,43,Male,Indore,Regular,2023-07-03
CUST006891,Darsh Anand,61,Female,Kolkata,Regular,2024-07-16
CUST006892,Madhav Bora,59,Male,Kolkata,New,2022-11-11
CUST006893,Arya Dhaliwal,53,Female,Pune,Regular,2023-06-25
CUST006894,Bina Suresh,55,Female,Hyderabad,Regular,2023-07-31
CUST006895,Ikshita Sule,52,Male,Hyderabad,Regular,2026-04-08
CUST006896,Upasna Chandra,60,Other,Ahmedabad,Regular,2025-11-17
CUST006897,Jai Soman,20,Male,Indore,Regular,2023-02-13
CUST006898,Janya Saraf,57,Male,Indore,New,2024-02-23
CUST006899,Neha Shah,67,Female,Indore,Regular,2024-05-21
CUST006900,Banjeet Purohit,49,Male,Pune,Premium,2024-11-20
CUST006901,Robert Mani,50,Female,Pune,Regular,2025-12-21
CUST006902,Amol Badal,49,Male,Mumbai,New,2025-04-10
CUST006903,Max Edwin,31,Female,Delhi,New,2026-08-22
CUST006904,Lakshit Raghavan,54,Female,Ahmedabad,Regular,2025-07-23
CUST006905,Rohan Shanker,58,Male,Pune,Premium,2025-04-24
CUST006906,Qabil Datta,42,Female,Hyderabad,Regular,2026-03-22
CUST006907,Faqid Kuruvilla,46,Male,Kolkata,New,2023-09-11
CUST006908,Tara Bail,32,Female,Kolkata,Regular,2024-03-13
CUST006909,Vanya Kohli,54,Male,Hyderabad,New,2024-06-13
CUST006910,Ishaan Natt,47,Female,Chennai,Premium,2024-10-02
CUST006911,Fitan Narasimhan,39,Female,Chennai,Regular,2022-10-25
CUST006912,Caleb Biswas,29,Female,Hyderabad,Regular,2024-05-06
CUST006913,Oni Andra,61,Female,Kolkata,Premium,2022-10-15
CUST006914,Krish Rattan,52,Female,Pune,Regular,2024-02-21
CUST006915,Advika Sidhu,36,Female,Hyderabad,New,2026-07-12
CUST006916,Tamanna Jani,30,Female,Hyderabad,New,2023-08-06
CUST006917,Bhavya Tripathi,25,Female,Hyderabad,Regular,2024-10-14
CUST006918,Ishita Swamy,21,Female,Mumbai,Regular,2026-06-18
CUST006919,Rachit Chokshi,46,Male,Pune,Regular,2023-11-12
CUST006920,Urmi Chand,36,Female,Mumbai,Regular,2026-02-20
CUST006921,Leena Kibe,58,Male,Hyderabad,Regular,2026-06-21
CUST006922,Lila Mander,42,Female,Delhi,Premium,2025-07-18
CUST006923,Nachiket Bajaj,64,Female,Chennai,Regular,2026-05-21
CUST006924,Gavin Talwar,47,Female,Pune,New,2025-08-09
CUST006925,Nikita Sampath,28,Female,Mumbai,Regular,2024-03-17
CUST006926,Zarna Dhar,50,Female,Delhi,Regular,2023-12-24
CUST006927,Gauri Lalla,33,Male,Indore,Regular,2026-04-23
CUST006928,Wishi Dave,63,Other,Hyderabad,Regular,2023-11-22
CUST006929,Balveer Banerjee,68,Male,Hyderabad,Regular,2025-08-03
CUST006930,Ansh Raman,62,Male,Delhi,New,2025-06-25
CUST006931,Gabriel Modi,22,Female,Chennai,Regular,2025-06-29
CUST006932,Anay Nagarajan,36,Other,Ahmedabad,Regular,2023-01-09
CUST006933,Hamsini Mammen,18,Male,Delhi,Premium,2023-07-18
CUST006934,Warhi Contractor,62,Female,Bengaluru,Premium,2024-05-12
CUST006935,Dakshesh Hora,66,Other,Jaipur,Premium,2023-08-28
CUST006936,Osha Kalla,48,Male,Chennai,Premium,2024-04-12
CUST006937,Agastya Chakraborty,39,Female,Kolkata,Regular,2026-07-08
CUST006938,Dakshesh Barad,69,Male,Pune,New,2025-03-01
CUST006939,Wahab Bhatti,39,Male,Mumbai,Regular,2025-01-04
CUST006940,Ishaan Aggarwal,54,Male,Delhi,New,2026-02-06
CUST006941,Chaitanya Ghose,58,Male,Mumbai,Premium,2024-11-24
CUST006942,Gautami Mallick,69,Male,Jaipur,Regular,2022-12-07
CUST006943,Pranit Bedi,20,Male,Jaipur,Regular,2025-04-20
CUST006944,Chandran Lala,21,Female,Pune,Regular,2025-08-30
CUST006945,Sachi Sahni,35,Male,Mumbai,New,2024-06-18
CUST006946,Xavier Sahni,49,Male,Hyderabad,Regular,2024-05-01
CUST006947,Aryan Vala,34,Female,Delhi,Regular,2026-01-05
CUST006948,Logan Devan,24,Male,Hyderabad,New,2025-07-11
CUST006949,Zinal Bhavsar,54,Female,Pune,New,2024-02-21
CUST006950,Tara Kunda,41,Female,Ahmedabad,New,2025-12-05
CUST006951,Aarush Palan,55,Male,Pune,Regular,2026-07-14
CUST006952,Ethan Chakrabarti,43,Male,Pune,Premium,2022-10-24
CUST006953,Simon Konda,68,Male,Indore,Regular,2022-09-10
CUST006954,Widisha Jain,62,Female,Pune,Regular,2025-03-25
CUST006955,Yahvi Mannan,36,Female,Hyderabad,New,2023-04-02
CUST006956,Jeet Morar,19,Female,Mumbai,New,2023-04-03
CUST006957,Viraj Som,42,Female,Mumbai,Regular,2024-05-24
CUST006958,Ayush Chawla,62,Female,Hyderabad,New,2024-05-19
CUST006959,Prisha Srinivas,56,Male,Indore,Regular,2025-08-05
CUST006960,Yashodhara Tandon,63,Female,Hyderabad,Regular,2024-09-10
CUST006961,Jeremiah Wali,48,Female,Chennai,Premium,2024-12-19
CUST006962,Nilima Keer,25,Male,Bengaluru,Regular,2024-06-30
CUST006963,Aryan Chahal,33,Female,Jaipur,New,2025-10-04
CUST006964,Neel Sharaf,52,Male,Pune,Regular,2026-08-03
CUST006965,Orinder Dutt,48,Female,Jaipur,Regular,2023-06-10
CUST006966,Rachana Saran,29,Male,Chennai,Regular,2024-07-18
CUST006967,Robert Sem,48,Male,Hyderabad,New,2025-05-24
CUST006968,Frederick Rana,56,Female,Mumbai,Regular,2026-02-18
CUST006969,Omkaar Grover,55,Female,Delhi,New,2024-12-30
CUST006970,Ubika Manne,20,Other,Ahmedabad,Regular,2025-02-16
CUST006971,Eesha Wason,30,Male,Kolkata,Regular,2023-02-09
CUST006972,Ekiya Om,36,Female,Jaipur,Regular,2025-04-21
CUST006973,Varsha Shroff,63,Male,Mumbai,Regular,2023-04-22
CUST006974,Ekantika Tandon,69,Male,Indore,Regular,2024-04-10
CUST006975,Aryan Guha,18,Female,Pune,Regular,2026-07-15
CUST006976,Aryan Nadig,35,Male,Ahmedabad,New,2022-10-13
CUST006977,Bina Dash,35,Female,Ahmedabad,Regular,2025-12-12
CUST006978,Ikbal Ram,58,Male,Kolkata,Regular,2024-01-23
CUST006979,Raghav Boase,18,Female,Bengaluru,Regular,2026-02-27
CUST006980,Indira Randhawa,56,Male,Delhi,Regular,2024-02-25
CUST006981,Ridhi Buch,32,Male,Indore,Premium,2025-06-01
CUST006982,Darika Vora,52,Male,Delhi,Regular,2024-06-24
CUST006983,Daksh Patel,25,Male,Kolkata,Regular,2025-12-13
CUST006984,Aayush Gour,59,Female,Chennai,Regular,2023-10-09
CUST006985,Pratyush Virk,56,Male,Mumbai,Premium,2024-07-23
CUST006986,Ikshita Sheth,29,Male,Hyderabad,Regular,2022-11-14
CUST006987,Anay Dhaliwal,61,Male,Hyderabad,Regular,2025-03-01
CUST006988,Andrew Dasgupta,27,Female,Ahmedabad,Regular,2023-02-02
CUST006989,Harini Arya,19,Other,Jaipur,Regular,2022-12-06
CUST006990,Balendra Tak,21,Female,Pune,Premium,2023-10-30
CUST006991,Arin Ratti,40,Female,Mumbai,New,2025-06-21
CUST006992,Manthan Golla,57,Male,Mumbai,New,2023-05-07
CUST006993,Ranbir Reddy,47,Female,Indore,New,2025-03-25
CUST006994,Jagat Babu,64,Female,Ahmedabad,New,2024-04-17
CUST006995,Benjamin Arya,38,Male,Chennai,Regular,2025-12-26
CUST006996,Rohan Bahri,18,Female,Pune,Regular,2026-08-28
CUST006997,Advika Gera,66,Male,Indore,Premium,2026-07-04
CUST006998,Pallavi Dewan,67,Male,Ahmedabad,Regular,2023-10-06
CUST006999,Januja Khare,50,Male,Ahmedabad,New,2024-08-27
CUST007000,Aryan Narain,38,Male,Kolkata,New,2024-10-05
CUST007001,Aradhana Mody,19,Male,Indore,Regular,2024-04-27
CUST007002,Nikita Tandon,24,Male,Pune,New,2023-09-30
CUST007003,Lajita Tailor,33,Other,Mumbai,Regular,2026-01-05
CUST007004,Janaki Modi,49,Male,Pune,Regular,2023-09-26
CUST007005,Theodore Kumar,63,Female,Jaipur,New,2024-01-24
CUST007006,Avni Rai,32,Female,Ahmedabad,Premium,2025-06-11
CUST007007,Omya Pandya,57,Male,Chennai,Regular,2026-08-08
CUST007008,Amrita Toor,38,Female,Kolkata,Regular,2023-07-03
CUST007009,Veer Pandit,18,Male,Pune,Regular,2025-06-11
CUST007010,Nathaniel Saha,54,Female,Pune,Premium,2026-03-13
CUST007011,Tarak Saraf,42,Female,Delhi,New,2024-04-28
CUST007012,Zarna Munshi,33,Male,Bengaluru,Regular,2023-09-06
CUST007013,Ayushman Sharma,19,Male,Ahmedabad,Premium,2024-09-01
CUST007014,Urishilla Agrawal,26,Female,Pune,Regular,2026-08-03
CUST007015,Yagnesh Dutt,41,Female,Delhi,Premium,2025-12-12
CUST007016,Tejas Krishnamurthy,69,Male,Jaipur,New,2023-12-09
CUST007017,Qushi Nazareth,65,Male,Bengaluru,New,2026-05-06
CUST007018,Ishani Bajwa,69,Female,Pune,Premium,2025-11-26
CUST007019,Eiravati Bhasin,29,Male,Kolkata,New,2024-03-12
CUST007020,Parth Wali,63,Male,Hyderabad,Premium,2023-10-21
CUST007021,Ubika Gandhi,67,Female,Ahmedabad,New,2025-10-10
CUST007022,Charan Shankar,35,Female,Delhi,Regular,2023-07-01
CUST007023,Orinder Hayre,19,Other,Indore,Premium,2025-01-26
CUST007024,Unni Sekhon,24,Female,Indore,Regular,2023-08-17
CUST007025,Lucky Murty,64,Male,Delhi,New,2023-10-21
CUST007026,Aayush Khurana,49,Female,Delhi,New,2025-01-18
CUST007027,Dev Sama,29,Male,Mumbai,New,2023-03-30
CUST007028,Indali Choudhary,23,Male,Indore,Premium,2024-03-01
CUST007029,Kevin Agrawal,23,Male,Jaipur,New,2023-12-07
CUST007030,Arin Goyal,25,Male,Jaipur,New,2025-01-18
CUST007031,Devika Kadakia,68,Male,Hyderabad,Regular,2024-02-13
CUST007032,Dhruv Dewan,27,Male,Mumbai,New,2026-07-10
CUST007033,Alka Kaul,26,Male,Delhi,New,2026-03-01
CUST007034,Vyanjana Narayanan,43,Male,Bengaluru,New,2023-06-17
CUST007035,Harish Choudhury,20,Female,Pune,Regular,2023-04-06
CUST007036,Ira Balakrishnan,32,Female,Delhi,Regular,2023-10-29
CUST007037,Nandini Parmar,62,Male,Pune,Regular,2023-06-11
CUST007038,Aishani Dixit,46,Female,Delhi,New,2025-01-01
CUST007039,Lajita Goswami,66,Female,Chennai,Regular,2026-02-01
CUST007040,Indrajit Behl,48,Male,Jaipur,New,2024-11-19
CUST007041,Warhi Kapoor,55,Female,Kolkata,New,2024-11-27
CUST007042,Inaya Pall,27,Female,Pune,Regular,2023-11-26
CUST007043,Faris Lad,34,Male,Hyderabad,Premium,2025-05-06
CUST007044,Banjeet Buch,43,Male,Hyderabad,New,2025-02-22
CUST007045,Ekiya Chandra,52,Female,Ahmedabad,New,2022-12-28
CUST007046,Daksha Padmanabhan,42,Male,Pune,New,2026-03-08
CUST007047,Dhriti Kannan,58,Male,Delhi,Premium,2025-08-02
CUST007048,Azad Sahni,30,Other,Indore,New,2023-03-27
CUST007049,Quincy Chokshi,20,Male,Kolkata,Regular,2024-06-04
CUST007050,Ryan Kota,20,Female,Delhi,Regular,2024-07-16
CUST007051,Lekha Chandran,30,Female,Chennai,Premium,2026-03-31
CUST007052,Gabriel Nadkarni,54,Female,Jaipur,New,2026-03-11
CUST007053,Kavya Sampath,31,Female,Mumbai,Regular,2025-09-19
CUST007054,Pavani Kurian,56,Male,Pune,Regular,2026-05-31
CUST007055,Oscar Samra,59,Male,Mumbai,Regular,2022-10-12
CUST007056,Jagat Vaidya,52,Female,Kolkata,Regular,2025-12-28
CUST007057,Manya Dutta,69,Male,Jaipur,Regular,2022-09-19
CUST007058,Panini Kaur,21,Male,Bengaluru,New,2023-01-06
CUST007059,Wridesh Bahri,36,Female,Ahmedabad,Regular,2026-01-07
CUST007060,Gayathri Borah,22,Male,Hyderabad,Regular,2024-07-06
CUST007061,Daniel Mukhopadhyay,62,Female,Hyderabad,Premium,2024-02-01
CUST007062,Forum Zacharia,59,Male,Kolkata,New,2023-04-07
CUST007063,Omya Sastry,20,Male,Ahmedabad,Premium,2023-08-17
CUST007064,Oscar Kale,67,Female,Jaipur,Premium,2023-11-07
CUST007065,Balvan Morar,33,Female,Hyderabad,New,2024-10-16
CUST007066,Gautam Manne,42,Male,Bengaluru,New,2025-06-04
CUST007067,Dakshesh Dhillon,29,Male,Pune,Regular,2024-03-24
CUST007068,Nandini Mishra,43,Female,Chennai,New,2024-03-19
CUST007069,Maanav Gill,67,Male,Delhi,Regular,2025-12-31
CUST007070,Hredhaan Koshy,48,Other,Hyderabad,New,2023-09-29
CUST007071,Urishilla Pathak,63,Male,Indore,Premium,2025-12-02
CUST007072,Riya Radhakrishnan,66,Female,Mumbai,Regular,2024-08-22
CUST007073,Devansh Choudhary,61,Female,Jaipur,Regular,2025-09-17
CUST007074,Brinda Bajwa,31,Female,Delhi,Regular,2025-11-03
CUST007075,Aarna Hari,56,Female,Mumbai,Regular,2026-06-19
CUST007076,Samaksh Mistry,41,Male,Kolkata,New,2023-09-19
CUST007077,Kashish Kar,34,Other,Delhi,Regular,2026-07-20
CUST007078,Balvan Dugar,25,Female,Pune,Regular,2025-06-26
CUST007079,Veda Dani,25,Female,Bengaluru,Premium,2025-07-17
CUST007080,Ekani Babu,67,Male,Bengaluru,Regular,2024-05-23
CUST007081,Ishwar Sibal,55,Female,Indore,Regular,2025-03-25
CUST007082,Madhavi Nori,48,Female,Indore,Regular,2026-02-05
CUST007083,Siya Kala,59,Female,Pune,Regular,2026-04-21
CUST007084,Yashodhara Choudhury,33,Female,Jaipur,New,2026-03-28
CUST007085,Lohit Chacko,38,Male,Jaipur,Regular,2025-10-27
CUST007086,Yahvi Suresh,32,Female,Mumbai,Regular,2023-08-19
CUST007087,Naksh Chaudhari,67,Female,Hyderabad,New,2025-03-08
CUST007088,Mekhala Borra,49,Male,Kolkata,Regular,2026-01-02
CUST007089,Saanvi Kamdar,44,Female,Jaipur,Regular,2025-07-19
CUST007090,Radhika Sule,39,Male,Ahmedabad,New,2023-02-21
CUST007091,Jagrati Devan,26,Male,Delhi,New,2025-01-22
CUST007092,Vinaya Agarwal,67,Female,Pune,Regular,2024-07-15
CUST007093,Hiral Buch,68,Female,Jaipur,Regular,2024-03-30
CUST007094,Daksh Kumar,31,Male,Kolkata,Regular,2023-10-28
CUST007095,Charan Anne,39,Female,Bengaluru,Regular,2026-02-05
CUST007096,Abeer Deep,66,Female,Indore,New,2025-12-16
CUST007097,Yagnesh Talwar,21,Male,Delhi,Regular,2025-01-07
CUST007098,Tanay Mukherjee,33,Female,Hyderabad,Regular,2025-05-16
CUST007099,Christopher Garde,52,Female,Chennai,Regular,2025-03-09
CUST007100,Yahvi Ratta,49,Female,Chennai,Regular,2024-08-01
CUST007101,Champak Khanna,30,Male,Ahmedabad,Regular,2025-06-01
CUST007102,Anita Anand,56,Male,Bengaluru,Regular,2025-03-25
CUST007103,Anjali Reddy,34,Male,Pune,Regular,2025-07-27
CUST007104,Ijaya Mishra,28,Female,Mumbai,Regular,2025-04-26
CUST007105,Madhav Khatri,42,Male,Indore,New,2026-01-05
CUST007106,Yashasvi Char,31,Male,Jaipur,New,2022-11-06
CUST007107,Yagnesh Deo,34,Female,Mumbai,Regular,2024-07-22
CUST007108,Ekbal Bava,31,Female,Bengaluru,Regular,2026-05-13
CUST007109,Harish Kohli,64,Female,Hyderabad,Regular,2023-09-12
CUST007110,Keya Bhasin,30,Male,Hyderabad,Regular,2023-02-01
CUST007111,Nathaniel Dixit,47,Female,Ahmedabad,New,2022-09-02
CUST007112,Wahab Wason,62,Female,Delhi,Regular,2025-06-15
CUST007113,Janaki Keer,45,Female,Ahmedabad,Regular,2023-05-26
CUST007114,Ronith Bose,43,Female,Bengaluru,Regular,2026-05-29
CUST007115,Jairaj Roy,27,Other,Pune,Regular,2023-08-09
CUST007116,Aditya Khanna,61,Female,Jaipur,New,2024-12-10
CUST007117,Varenya Korpal,59,Male,Jaipur,Premium,2025-10-18
CUST007118,Advik Shukla,43,Other,Kolkata,Regular,2025-11-04
CUST007119,Vedika Sangha,43,Male,Delhi,New,2024-09-15
CUST007120,Chakradhar Basak,21,Female,Pune,Premium,2022-10-03
CUST007121,Kai Buch,61,Male,Ahmedabad,New,2023-10-02
CUST007122,Chandresh Som,22,Female,Pune,Premium,2026-07-17
CUST007123,Tanmayi Comar,25,Male,Delhi,Regular,2024-07-02
CUST007124,Amruta Patla,32,Female,Hyderabad,Regular,2026-05-13
CUST007125,Ekani Chawla,63,Female,Pune,Premium,2023-06-05
CUST007126,Tara Ahuja,28,Female,Mumbai,Regular,2024-11-27
CUST007127,Faris Choudhary,59,Other,Jaipur,Regular,2026-05-30
CUST007128,Alka Modi,27,Female,Kolkata,Regular,2024-03-13
CUST007129,Januja Salvi,63,Female,Jaipur,Regular,2025-03-26
CUST007130,Lucky Rana,20,Female,Pune,Regular,2024-02-14
CUST007131,Lopa Contractor,38,Female,Kolkata,Regular,2025-03-18
CUST007132,Sudiksha Sangha,22,Male,Chennai,Regular,2024-10-11
CUST007133,Warinder Sarna,41,Female,Chennai,New,2024-07-22
CUST007134,Yachana Tella,53,Male,Bengaluru,New,2024-06-04
CUST007135,Pavani Khosla,26,Female,Ahmedabad,Regular,2025-02-22
CUST007136,Nandini Chhabra,26,Male,Jaipur,Regular,2023-03-25
CUST007137,Lakshmi Sastry,35,Male,Pune,Premium,2024-12-20
CUST007138,Aryan Pradhan,56,Female,Ahmedabad,Regular,2024-03-15
CUST007139,Sarthak Shanker,55,Male,Mumbai,New,2023-01-28
CUST007140,Vanya Mangat,26,Female,Pune,New,2026-02-27
CUST007141,Noah Dey,25,Female,Ahmedabad,New,2023-08-01
CUST007142,Lajita Biswas,60,Male,Indore,Regular,2023-12-11
CUST007143,Mahika Raj,43,Female,Mumbai,Regular,2023-05-29
CUST007144,Panini Jayaraman,42,Other,Indore,Regular,2025-10-02
CUST007145,Aadi Minhas,20,Male,Kolkata,New,2025-07-20
CUST007146,Ekbal Shankar,67,Female,Mumbai,New,2024-06-05
CUST007147,Chanchal Ghosh,41,Male,Ahmedabad,Regular,2025-04-27
CUST007148,Kavya Grewal,53,Male,Bengaluru,Regular,2023-12-01
CUST007149,Isaiah Ranganathan,47,Male,Jaipur,New,2024-12-02
CUST007150,Sarthak Sagar,34,Male,Delhi,Premium,2023-10-09
CUST007151,Avi Krishna,20,Female,Mumbai,New,2024-04-23
CUST007152,Krishna Yohannan,60,Female,Hyderabad,New,2025-01-23
CUST007153,Yashvi Subramanian,60,Male,Pune,New,2026-08-08
CUST007154,Tarak Purohit,69,Female,Hyderabad,New,2025-01-01
CUST007155,Aarush Bala,51,Male,Jaipur,Regular,2023-11-04
CUST007156,Vidhi Kari,57,Male,Ahmedabad,Regular,2024-05-13
CUST007157,Farhan Padmanabhan,26,Male,Chennai,New,2025-02-09
CUST007158,Maanav Comar,21,Female,Ahmedabad,New,2025-06-21
CUST007159,Vasudha Bhardwaj,39,Female,Kolkata,Premium,2024-04-15
CUST007160,Udant Mammen,27,Male,Pune,Regular,2022-12-07
CUST007161,Aishani Bedi,57,Male,Hyderabad,Regular,2024-04-05
CUST007162,Girindra Bumb,22,Male,Ahmedabad,Regular,2024-12-19
CUST007163,Onkar Dave,40,Female,Ahmedabad,New,2024-11-03
CUST007164,Avni Srinivasan,30,Female,Pune,Regular,2023-03-09
CUST007165,Anmol Chahal,19,Female,Mumbai,Premium,2024-12-09
CUST007166,Sanya Rattan,67,Female,Chennai,Regular,2025-06-06
CUST007167,Varsha Natt,39,Male,Pune,Regular,2025-07-15
CUST007168,Zayyan Sood,54,Female,Indore,New,2026-06-18
CUST007169,Saumya Bhandari,45,Female,Chennai,Regular,2024-01-01
CUST007170,Krishna Chhabra,42,Female,Mumbai,Regular,2024-09-28
CUST007171,Indrajit Mallick,40,Female,Bengaluru,Premium,2024-12-24
CUST007172,Gautami Sahni,43,Male,Bengaluru,Regular,2024-03-03
CUST007173,Harsh Andra,59,Female,Mumbai,Regular,2024-07-01
CUST007174,Waida Kakar,19,Male,Chennai,Regular,2025-05-06
CUST007175,Niharika Kohli,51,Female,Delhi,Regular,2023-01-23
CUST007176,Ryan Chandra,25,Male,Jaipur,Premium,2023-05-17
CUST007177,Jeevika Pandey,46,Female,Bengaluru,Regular,2024-07-25
CUST007178,Oeshi Chauhan,41,Female,Chennai,Premium,2024-06-09
CUST007179,Nirja Kamdar,68,Female,Pune,Regular,2024-09-25
CUST007180,Gaurang Kakar,31,Female,Indore,New,2024-11-22
CUST007181,Manya Wali,53,Female,Chennai,New,2023-05-14
CUST007182,Ishaan Johal,19,Male,Hyderabad,Regular,2025-05-23
CUST007183,Xalak Bose,46,Female,Bengaluru,Regular,2024-06-20
CUST007184,Ijaya Gulati,32,Female,Jaipur,Regular,2026-01-15
CUST007185,Ishwar Ramachandran,57,Male,Bengaluru,Regular,2023-08-08
CUST007186,Oviya Dara,28,Male,Mumbai,Regular,2026-01-26
CUST007187,Faraj Singhal,23,Male,Pune,Regular,2025-04-08
CUST007188,Amrita Bansal,27,Female,Bengaluru,Premium,2025-11-12
CUST007189,Dayita Bhalla,61,Male,Hyderabad,Premium,2023-09-09
CUST007190,Nihal Parikh,27,Male,Hyderabad,Regular,2025-11-05
CUST007191,Kamya Varty,43,Male,Delhi,Regular,2025-12-17
CUST007192,Yahvi Kar,47,Female,Hyderabad,Regular,2024-02-10
CUST007193,Wahab Dasgupta,30,Male,Bengaluru,Regular,2023-04-23
CUST007194,Arya Kamdar,32,Male,Ahmedabad,Regular,2025-03-23
CUST007195,Maanav Nagy,29,Female,Ahmedabad,Premium,2025-12-18
CUST007196,Hitesh Sarma,69,Male,Kolkata,Regular,2026-02-05
CUST007197,Ekaraj Gour,45,Female,Hyderabad,Regular,2024-01-12
CUST007198,Aachal Tak,65,Female,Delhi,Regular,2026-05-07
CUST007199,Praneel Cherian,65,Female,Mumbai,Regular,2026-02-21
CUST007200,Raghav Ravi,30,Male,Indore,Premium,2026-02-08
CUST007201,Jairaj Rana,55,Male,Ahmedabad,Regular,2023-08-26
CUST007202,Ishita Kuruvilla,51,Male,Pune,Premium,2023-01-27
CUST007203,Zayan Nadkarni,21,Male,Bengaluru,New,2023-08-27
CUST007204,Dipta Ramachandran,43,Female,Bengaluru,New,2023-08-02
CUST007205,Xavier Anand,63,Male,Mumbai,Regular,2026-06-18
CUST007206,Mugdha Verma,35,Female,Jaipur,Premium,2025-06-21
CUST007207,Chakradhar Sangha,42,Male,Mumbai,Regular,2025-08-13
CUST007208,Janani Yohannan,52,Female,Pune,Regular,2024-08-20
CUST007209,Arunima Balay,62,Female,Ahmedabad,Regular,2025-01-18
CUST007210,Hritik Sharma,34,Male,Chennai,New,2024-09-18
CUST007211,Falguni Chander,47,Male,Jaipur,New,2024-06-09
CUST007212,Yashoda Bhatt,54,Male,Bengaluru,Premium,2022-12-10
CUST007213,Tanveer Singhal,31,Female,Pune,Premium,2023-06-23
CUST007214,Sneha Balakrishnan,28,Female,Indore,Regular,2024-09-09
CUST007215,Jai Srinivas,42,Male,Pune,Regular,2025-06-14
CUST007216,Chaaya Apte,43,Male,Jaipur,Premium,2025-08-30
CUST007217,Dalaja Deo,28,Male,Pune,Regular,2025-06-04
CUST007218,Onkar Madan,47,Other,Kolkata,Regular,2023-01-22
CUST007219,Darsh Sabharwal,42,Male,Hyderabad,Regular,2025-07-10
CUST007220,Qasim Keer,23,Male,Pune,Premium,2024-07-03
CUST007221,Darika Atwal,41,Female,Kolkata,Regular,2023-01-22
CUST007222,Dayita Mannan,60,Female,Ahmedabad,Regular,2023-10-20
CUST007223,Chaman Madan,31,Female,Kolkata,Regular,2023-04-27
CUST007224,Nakul Mammen,67,Male,Mumbai,Premium,2023-09-13
CUST007225,Abhimanyu Morar,64,Male,Jaipur,Regular,2024-07-11
CUST007226,Indali Chand,25,Female,Mumbai,New,2023-02-28
CUST007227,Dhruv Nayar,49,Female,Jaipur,New,2024-06-06
CUST007228,Abhiram Mane,25,Female,Hyderabad,Regular,2023-02-05
CUST007229,Warda Panchal,59,Female,Kolkata,Premium,2023-06-23
CUST007230,Reyansh Sibal,65,Female,Indore,Regular,2022-10-28
CUST007231,Deepa Desai,49,Female,Indore,Regular,2023-12-08
CUST007232,Girik Bhalla,20,Female,Chennai,Regular,2024-10-27
CUST007233,Lekha Borra,48,Male,Chennai,Premium,2025-06-30
CUST007234,Avi Iyengar,65,Male,Chennai,Premium,2024-01-05
CUST007235,Ekaja Loke,54,Male,Delhi,New,2023-06-06
CUST007236,Balendra Ghosh,38,Male,Mumbai,Regular,2023-09-08
CUST007237,Lavanya Raj,32,Male,Ahmedabad,Regular,2024-07-01
CUST007238,Oscar Ganesh,60,Female,Kolkata,Regular,2025-01-30
CUST007239,Vivaan Kata,43,Male,Pune,New,2024-12-10
CUST007240,Girik Krishna,67,Male,Pune,Regular,2023-01-20
CUST007241,Rehaan Babu,36,Other,Delhi,Regular,2026-03-19
CUST007242,Dalaja Date,27,Male,Kolkata,Regular,2023-11-07
CUST007243,Chaitaly Agate,40,Other,Delhi,New,2024-04-08
CUST007244,Peter Vala,54,Male,Ahmedabad,Premium,2025-10-28
CUST007245,Anamika Rout,56,Female,Ahmedabad,Regular,2023-06-22
CUST007246,Charita Varughese,51,Other,Jaipur,Regular,2024-12-12
CUST007247,Wazir Kurian,50,Male,Jaipur,New,2023-07-19
CUST007248,Kamala Chaudry,18,Male,Kolkata,Regular,2026-08-26
CUST007249,Rajata Kumar,28,Female,Chennai,Premium,2025-10-08
CUST007250,Yashica Saran,29,Female,Hyderabad,Regular,2025-12-16
CUST007251,Bhavna Gill,22,Male,Indore,New,2023-11-13
CUST007252,Patrick Rajagopal,66,Male,Kolkata,Premium,2025-04-18
CUST007253,Forum Oza,69,Female,Indore,Regular,2022-09-30
CUST007254,Amruta Jayaraman,64,Female,Chennai,Regular,2024-02-08
CUST007255,Idika Gade,18,Male,Hyderabad,New,2025-11-20
CUST007256,Anita Srinivasan,47,Male,Chennai,Regular,2026-03-31
CUST007257,Yuvraj Sane,37,Female,Hyderabad,Regular,2026-02-02
CUST007258,Bhanumati Narain,61,Male,Ahmedabad,Regular,2023-07-20
CUST007259,Gopal Singhal,68,Male,Pune,Premium,2024-05-18
CUST007260,Chaitanya Kuruvilla,59,Male,Pune,Regular,2024-08-09
CUST007261,Saksham Agrawal,31,Female,Kolkata,Regular,2022-10-26
CUST007262,Anusha Deshpande,66,Female,Jaipur,Premium,2024-12-31
CUST007263,Simon Maharaj,49,Male,Mumbai,Regular,2023-11-14
CUST007264,Krishna Varty,60,Female,Jaipur,Premium,2024-07-02
CUST007265,Shivani Yohannan,68,Male,Pune,Regular,2025-04-04
CUST007266,Tanmayi Babu,53,Male,Jaipur,Regular,2024-05-24
CUST007267,Tanvi Bains,34,Male,Bengaluru,Regular,2026-05-14
CUST007268,Charan Chada,21,Male,Indore,Regular,2026-04-04
CUST007269,Ria Butala,22,Male,Mumbai,Regular,2023-01-01
CUST007270,Tanveer Viswanathan,18,Male,Delhi,Regular,2023-10-07
CUST007271,Harshil Nayar,67,Male,Chennai,Regular,2024-04-29
CUST007272,Jagrati Sahota,27,Male,Jaipur,Premium,2024-06-30
CUST007273,Aadi Nigam,50,Male,Indore,Regular,2022-12-25
CUST007274,Anmol Char,23,Male,Ahmedabad,Premium,2024-04-17
CUST007275,Brinda Lal,31,Female,Delhi,Regular,2025-01-19
CUST007276,Samarth Mander,43,Female,Jaipur,Regular,2025-08-11
CUST007277,Jhalak Saran,32,Female,Mumbai,Regular,2025-02-07
CUST007278,Anirudh Mall,58,Male,Bengaluru,Regular,2024-01-14
CUST007279,Gautami Rege,36,Male,Pune,Regular,2024-05-24
CUST007280,Vedhika Oza,43,Male,Indore,Regular,2023-12-24
CUST007281,Krishna Lalla,38,Female,Hyderabad,New,2026-06-29
CUST007282,Radhika Bora,43,Male,Mumbai,Regular,2024-08-30
CUST007283,Garima Sehgal,32,Female,Pune,New,2023-03-10
CUST007284,Bahadurjit De,50,Male,Jaipur,New,2024-01-24
CUST007285,Wridesh Yohannan,60,Male,Jaipur,Regular,2024-01-13
CUST007286,Priya Gera,61,Other,Delhi,New,2025-11-14
CUST007287,Charvi Varkey,20,Female,Indore,Regular,2026-01-06
CUST007288,Nisha Krish,30,Female,Pune,Regular,2024-11-09
CUST007289,Yash Ray,27,Female,Indore,Regular,2026-04-25
CUST007290,Lekha Hayre,34,Male,Bengaluru,New,2024-01-12
CUST007291,Timothy Bahl,27,Female,Kolkata,Premium,2025-09-20
CUST007292,Anthony Buch,42,Male,Ahmedabad,Regular,2026-04-10
CUST007293,Reva Purohit,35,Female,Hyderabad,Regular,2025-03-19
CUST007294,Frado Joshi,40,Female,Ahmedabad,Regular,2022-08-31
CUST007295,Yahvi Pillay,23,Female,Kolkata,New,2023-04-15
CUST007296,Tripti Palla,65,Male,Ahmedabad,Premium,2024-11-20
CUST007297,Vaishnavi Bava,57,Female,Indore,Regular,2026-06-13
CUST007298,Lila Narang,53,Male,Jaipur,Regular,2024-06-03
CUST007299,Charan Hari,38,Female,Jaipur,Regular,2025-11-01
CUST007300,Tanveer Kulkarni,42,Female,Ahmedabad,Regular,2023-12-14
CUST007301,Siddharth Kuruvilla,43,Male,Kolkata,New,2024-05-15
CUST007302,Yash Kaul,42,Female,Ahmedabad,Regular,2023-02-08
CUST007303,Matthew Hayre,48,Male,Ahmedabad,New,2023-08-09
CUST007304,Ria Sama,54,Male,Delhi,Regular,2023-01-13
CUST007305,Champak Sen,62,Female,Chennai,Regular,2026-05-31
CUST007306,Jeet Sekhon,64,Other,Hyderabad,Regular,2023-12-10
CUST007307,Ishanvi Shenoy,48,Male,Delhi,Regular,2024-08-14
CUST007308,Oscar Sachdev,60,Female,Ahmedabad,Regular,2026-06-11
CUST007309,Lipika Konda,40,Male,Ahmedabad,New,2024-04-29
CUST007310,Dhriti Barman,30,Male,Hyderabad,New,2024-10-28
CUST007311,Warhi Lanka,63,Male,Kolkata,New,2025-12-28
CUST007312,Kavya Mahajan,68,Female,Hyderabad,Regular,2025-07-26
CUST007313,Wriddhish Mangal,34,Female,Bengaluru,Regular,2026-03-24
CUST007314,Lakshit Pandya,55,Female,Hyderabad,Regular,2026-04-08
CUST007315,Sanaya Sharaf,59,Female,Mumbai,New,2026-01-02
CUST007316,Ayaan Khatri,33,Female,Indore,Regular,2024-09-06
CUST007317,Udyati Saini,54,Male,Indore,Regular,2025-01-11
CUST007318,Baghyawati Bakshi,51,Male,Ahmedabad,New,2023-10-14
CUST007319,Arin Srinivasan,48,Female,Delhi,Regular,2024-06-13
CUST007320,Isha Buch,42,Female,Chennai,Regular,2023-12-20
CUST007321,Indali Iyengar,51,Male,Ahmedabad,Regular,2023-12-05
CUST007322,Faqid Nadig,18,Female,Chennai,New,2025-11-12
CUST007323,Sarthak Johal,35,Female,Pune,Regular,2022-11-29
CUST007324,Bachittar Batra,59,Female,Ahmedabad,Regular,2025-01-31
CUST007325,Bahadurjit Rege,62,Female,Indore,Premium,2024-03-29
CUST007326,Ishanvi Toor,59,Male,Delhi,Regular,2023-04-19
CUST007327,Bina Lall,27,Female,Mumbai,Regular,2024-02-13
CUST007328,Gauri Sami,45,Female,Hyderabad,New,2024-03-18
CUST007329,Hema Gole,48,Female,Pune,Regular,2026-07-18
CUST007330,Kalpit Sabharwal,26,Female,Pune,Regular,2024-06-26
CUST007331,Agastya Bansal,56,Male,Kolkata,Regular,2023-10-07
CUST007332,Ayush Brar,25,Female,Delhi,Regular,2022-12-15
CUST007333,Yatan Morar,52,Male,Kolkata,New,2025-02-22
CUST007334,Oviya Brahmbhatt,64,Male,Indore,Regular,2022-12-29
CUST007335,Dipta Buch,57,Male,Indore,Regular,2023-01-10
CUST007336,Eesha Thakkar,47,Female,Indore,Regular,2023-07-29
CUST007337,Aradhana Ratti,51,Female,Jaipur,New,2024-06-21
CUST007338,Devika Mohan,27,Male,Pune,Premium,2024-08-28
CUST007339,Pavani Chander,62,Female,Delhi,Premium,2024-10-30
CUST007340,Yasti Sur,40,Male,Delhi,Premium,2025-07-03
CUST007341,Avni Shenoy,64,Other,Kolkata,New,2025-10-10
CUST007342,Mugdha Rajagopal,25,Female,Ahmedabad,Regular,2024-12-26
CUST007343,Amol Pradhan,28,Female,Hyderabad,Regular,2025-09-08
CUST007344,Jyoti Raval,66,Female,Kolkata,Regular,2024-02-12
CUST007345,Anay Vyas,20,Female,Mumbai,Regular,2025-05-22
CUST007346,Anya Gala,41,Female,Jaipur,Regular,2025-08-22
CUST007347,Vincent Aggarwal,33,Male,Indore,Regular,2025-10-06
CUST007348,Quincy Taneja,45,Female,Indore,Premium,2024-06-15
CUST007349,Anay Mutti,32,Female,Kolkata,Premium,2023-11-04
CUST007350,Wyatt Warrior,65,Male,Hyderabad,Regular,2024-06-15
CUST007351,Nachiket Bhavsar,50,Other,Jaipur,New,2023-09-26
CUST007352,Isha Bhavsar,56,Male,Delhi,Regular,2023-07-30
CUST007353,Lipika Puri,69,Male,Indore,Regular,2022-10-18
CUST007354,Vedhika Mohanty,42,Male,Mumbai,Premium,2024-07-29
CUST007355,Tanay Chana,61,Female,Bengaluru,New,2023-09-26
CUST007356,Xiti Nori,69,Male,Chennai,Regular,2023-05-16
CUST007357,Tamanna Mistry,49,Male,Jaipur,Premium,2026-05-03
CUST007358,Kabir Agate,22,Female,Ahmedabad,Regular,2023-06-17
CUST007359,Adweta Manda,53,Female,Pune,Regular,2023-02-05
CUST007360,Ojas Kara,42,Female,Bengaluru,New,2025-12-27
CUST007361,Upkaar Parikh,41,Male,Ahmedabad,Regular,2023-01-03
CUST007362,Odika Mukherjee,47,Male,Jaipur,Regular,2026-08-05
CUST007363,Varenya Mittal,62,Male,Jaipur,Regular,2023-01-24
CUST007364,Gautam Jani,50,Female,Hyderabad,Premium,2026-07-26
CUST007365,Faraj Tiwari,18,Female,Pune,New,2025-07-11
CUST007366,Abhiram Dhaliwal,40,Male,Jaipur,Regular,2024-03-03
CUST007367,Rohan Loke,36,Male,Pune,Regular,2026-06-28
CUST007368,Eesha Warrior,31,Female,Indore,Regular,2026-02-14
CUST007369,Ikshita Kade,44,Male,Delhi,Regular,2025-04-21
CUST007370,Oliver Dani,40,Female,Delhi,Regular,2024-09-26
CUST007371,Hemal Bhardwaj,62,Female,Pune,Regular,2026-02-05
CUST007372,Faqid Garde,58,Male,Chennai,New,2025-01-05
CUST007373,Ganga Patel,49,Other,Kolkata,New,2026-02-03
CUST007374,Krisha Sharma,26,Male,Delhi,New,2024-02-16
CUST007375,Tanveer Yogi,29,Male,Ahmedabad,Regular,2023-07-14
CUST007376,Thomas Mukhopadhyay,26,Female,Hyderabad,Regular,2024-12-03
CUST007377,Benjamin Bhakta,38,Female,Mumbai,Regular,2023-06-29
CUST007378,Aarna Rajan,55,Male,Delhi,New,2023-06-18
CUST007379,Joshua Ghose,22,Male,Ahmedabad,New,2023-12-26
CUST007380,Harshil Pingle,40,Female,Delhi,Regular,2025-02-06
CUST007381,Wyatt Ben,35,Female,Jaipur,Regular,2026-03-26
CUST007382,Oscar Bhatnagar,27,Male,Pune,Premium,2024-11-06
CUST007383,Mohammed Sodhi,58,Female,Indore,Regular,2026-07-04
CUST007384,Chakrika Chana,33,Male,Bengaluru,Regular,2023-01-11
CUST007385,Neelima Chakrabarti,41,Male,Kolkata,Regular,2023-06-30
CUST007386,Fiyaz Natarajan,46,Male,Mumbai,Premium,2026-05-31
CUST007387,Janani Hayre,68,Female,Kolkata,Regular,2026-04-08
CUST007388,Dev Nagi,61,Male,Bengaluru,Regular,2023-08-11
CUST007389,Ranveer Bhargava,59,Male,Pune,Regular,2026-02-04
CUST007390,Chaman Anne,50,Male,Jaipur,Regular,2024-07-27
CUST007391,Gaurang Chaudhry,46,Male,Bengaluru,Regular,2026-06-17
CUST007392,Nikita Patel,35,Male,Hyderabad,Regular,2025-04-08
CUST007393,Dhriti Nagarajan,26,Female,Delhi,Premium,2024-08-07
CUST007394,Rachana Khanna,63,Male,Kolkata,Regular,2025-11-05
CUST007395,Eshana Mitter,29,Male,Jaipur,Regular,2023-03-02
CUST007396,Guneet Dhaliwal,69,Female,Chennai,New,2024-05-21
CUST007397,Harita Dua,64,Male,Chennai,Premium,2022-11-22
CUST007398,Damyanti Butala,44,Male,Delhi,Regular,2026-08-20
CUST007399,Arin Saini,35,Male,Indore,Regular,2023-02-07
CUST007400,Lajita Chander,37,Male,Pune,New,2022-09-24
CUST007401,Kevin Dutta,23,Male,Pune,Regular,2025-06-25
CUST007402,Krish Dasgupta,39,Male,Jaipur,Regular,2024-05-18
CUST007403,Omisha Thakur,61,Male,Delhi,New,2026-08-05
CUST007404,Max Chacko,29,Female,Hyderabad,Regular,2025-05-08
CUST007405,Ishani Ratti,26,Male,Indore,New,2023-05-20
CUST007406,Lakshmi Dhingra,49,Female,Indore,Regular,2022-10-15
CUST007407,Anika Taneja,50,Female,Indore,New,2025-02-04
CUST007408,Aarush Apte,61,Male,Mumbai,Regular,2024-02-16
CUST007409,Liam Pandey,22,Female,Hyderabad,Regular,2024-10-01
CUST007410,Kevin Shah,58,Female,Ahmedabad,Regular,2022-11-13
CUST007411,Nakul Dhingra,35,Male,Jaipur,New,2022-10-15
CUST007412,Ubika Loke,28,Male,Pune,Regular,2025-01-13
CUST007413,Wakeeta Dave,44,Male,Kolkata,Regular,2023-09-27
CUST007414,Ubika Das,61,Male,Indore,Regular,2023-04-10
CUST007415,Gaurang Merchant,18,Female,Ahmedabad,New,2024-01-30
CUST007416,Chaitanya Narula,55,Male,Mumbai,Regular,2025-07-15
CUST007417,Manan Varty,61,Female,Kolkata,Premium,2024-05-10
CUST007418,Lajita Bassi,66,Female,Pune,Regular,2023-11-19
CUST007419,Oscar Gopal,28,Male,Mumbai,Regular,2023-10-10
CUST007420,Omya Parmer,60,Female,Indore,Regular,2026-04-06
CUST007421,Vansha Lall,64,Male,Indore,New,2024-07-29
CUST007422,Harita Barman,20,Male,Chennai,Regular,2025-09-17
CUST007423,Aarini Chacko,63,Male,Jaipur,New,2025-05-10
CUST007424,Rajata Ramanathan,44,Male,Pune,Regular,2025-08-01
CUST007425,Samarth Banik,64,Male,Kolkata,Regular,2023-01-21
CUST007426,Forum Pandya,25,Male,Kolkata,Regular,2024-06-29
CUST007427,Thomas Varma,33,Male,Kolkata,Premium,2025-01-13
CUST007428,Yashoda Uppal,45,Female,Pune,New,2024-07-16
CUST007429,Idika Sandal,18,Female,Kolkata,Regular,2025-08-16
CUST007430,Ethan Jha,63,Male,Bengaluru,Regular,2024-04-24
CUST007431,Omaja Dave,52,Female,Kolkata,Regular,2026-06-03
CUST007432,Arin Chakrabarti,31,Male,Hyderabad,Regular,2023-01-27
CUST007433,Lavanya Andra,39,Male,Delhi,Regular,2026-07-31
CUST007434,Vasatika Malhotra,46,Female,Delhi,Regular,2025-06-27
CUST007435,Fariq Aurora,37,Female,Ahmedabad,Regular,2023-07-27
CUST007436,Sarthak Narayan,47,Male,Ahmedabad,New,2023-03-05
CUST007437,Ekantika Korpal,46,Male,Delhi,Regular,2025-01-15
CUST007438,Bimala Morar,46,Female,Ahmedabad,Regular,2022-12-21
CUST007439,Aashi Sharaf,33,Other,Pune,Regular,2026-02-05
CUST007440,Janaki Kaul,49,Male,Ahmedabad,New,2023-12-19
CUST007441,Kabir Khatri,39,Male,Kolkata,New,2025-02-28
CUST007442,Girik Rege,49,Male,Jaipur,Regular,2024-09-03
CUST007443,Daksh Narula,37,Female,Delhi,Premium,2025-10-04
CUST007444,Jonathan Ramesh,49,Female,Delhi,Premium,2024-10-03
CUST007445,Aadhya Uppal,20,Female,Pune,Regular,2025-11-20
CUST007446,Odika Narula,57,Female,Ahmedabad,New,2024-04-10
CUST007447,Ojas Pillai,36,Other,Mumbai,Regular,2025-12-13
CUST007448,Nathan Vora,27,Male,Jaipur,Regular,2026-07-06
CUST007449,Aarav Choudhry,34,Female,Hyderabad,Regular,2024-11-24
CUST007450,Mitesh Korpal,49,Female,Ahmedabad,Regular,2024-03-31
CUST007451,Benjamin Sarkar,35,Male,Pune,Premium,2026-06-24
CUST007452,Prisha Wason,37,Male,Mumbai,Premium,2025-10-02
CUST007453,Pahal Sundaram,24,Male,Delhi,Regular,2026-07-07
CUST007454,Warhi Thakkar,48,Female,Pune,New,2022-09-26
CUST007455,Arya Naik,60,Female,Indore,Premium,2026-01-25
CUST007456,Varsha Luthra,26,Female,Pune,Regular,2025-10-12
CUST007457,Eshana Soman,35,Male,Jaipur,New,2024-01-30
CUST007458,Fariq Kashyap,27,Male,Mumbai,Regular,2024-03-06
CUST007459,Finn Sridhar,50,Male,Bengaluru,Regular,2024-01-11
CUST007460,Forum Dutt,51,Male,Mumbai,Regular,2026-08-03
CUST007461,Anvi Yogi,37,Male,Hyderabad,Regular,2025-09-02
CUST007462,Aradhana Chahal,47,Male,Delhi,Regular,2025-07-29
CUST007463,Bishakha Vyas,37,Male,Indore,Regular,2024-04-19
CUST007464,Priya Sawhney,18,Male,Chennai,Regular,2024-01-13
CUST007465,Jacob Tailor,42,Male,Jaipur,New,2024-06-18
CUST007466,Gaurika Kapur,34,Male,Mumbai,New,2023-10-19
CUST007467,Ishani Nadkarni,27,Female,Pune,New,2022-12-18
CUST007468,Rajata Mukhopadhyay,69,Male,Hyderabad,Regular,2026-06-06
CUST007469,Neha Sastry,49,Male,Jaipur,Regular,2024-11-28
CUST007470,Wazir Anand,63,Female,Indore,Regular,2026-07-18
CUST007471,Samuel Panchal,55,Male,Indore,Premium,2025-10-15
CUST007472,Darsh Choudhary,43,Female,Kolkata,New,2024-05-05
CUST007473,Baljiwan Chada,55,Female,Pune,New,2025-11-19
CUST007474,Vaishnavi Dubey,59,Male,Kolkata,Regular,2023-05-24
CUST007475,Maanav Date,26,Female,Jaipur,Regular,2024-11-20
CUST007476,Tanveer Mody,46,Male,Bengaluru,Regular,2025-12-10
CUST007477,Varsha Raj,22,Male,Delhi,New,2024-05-27
CUST007478,Zinal Kumar,52,Male,Hyderabad,Regular,2024-07-06
CUST007479,Fitan Toor,35,Male,Delhi,Regular,2022-10-20
CUST007480,Abhiram Jani,35,Male,Ahmedabad,Regular,2023-06-30
CUST007481,Abdul Bora,62,Female,Bengaluru,Regular,2026-03-23
CUST007482,Theodore Sarna,43,Male,Bengaluru,Premium,2025-11-02
CUST007483,Kavya Vyas,27,Female,Indore,Regular,2024-05-10
CUST007484,Vedika Chawla,39,Male,Pune,Regular,2026-08-10
CUST007485,Eta Lal,53,Male,Bengaluru,New,2023-10-26
CUST007486,Amol Pai,56,Male,Pune,Regular,2023-09-13
CUST007487,Maya Baria,23,Male,Chennai,Regular,2025-04-10
CUST007488,Vedhika Loke,45,Other,Chennai,Regular,2026-08-14
CUST007489,Lakshit Tandon,19,Male,Kolkata,Regular,2023-03-28
CUST007490,Gaurangi Jhaveri,33,Male,Kolkata,Premium,2024-05-03
CUST007491,Dev Chhabra,51,Other,Delhi,Premium,2025-03-16
CUST007492,Ikshita Rege,67,Male,Bengaluru,Regular,2024-07-19
CUST007493,Yachana Patla,46,Male,Chennai,Regular,2025-10-18
CUST007494,Onkar Chada,65,Male,Pune,Premium,2026-05-26
CUST007495,Ekani Kalla,68,Male,Kolkata,New,2025-01-10
CUST007496,Anmol Tank,38,Male,Chennai,New,2024-08-03
CUST007497,Ekaja Dewan,61,Female,Jaipur,Regular,2023-01-14
CUST007498,Libni Gopal,57,Female,Bengaluru,Regular,2024-06-06
CUST007499,Teerth Prabhakar,50,Male,Kolkata,Regular,2024-05-07
CUST007500,Yauvani Loke,60,Male,Bengaluru,New,2023-11-20
CUST007501,Aarnav Sehgal,40,Male,Hyderabad,Regular,2025-01-16
CUST007502,Vasana Oza,59,Female,Hyderabad,Regular,2023-01-03
CUST007503,Yamini Bhattacharyya,23,Male,Delhi,New,2024-08-06
CUST007504,Kavya Prabhakar,33,Male,Chennai,Regular,2022-12-13
CUST007505,Aradhana Mistry,29,Male,Kolkata,Regular,2023-01-25
CUST007506,Noah Nori,48,Male,Indore,Regular,2023-07-15
CUST007507,Pushti Majumdar,68,Male,Delhi,New,2025-04-18
CUST007508,Zinal Konda,25,Male,Indore,Regular,2024-11-09
CUST007509,Vamakshi Magar,38,Male,Mumbai,Regular,2024-07-12
CUST007510,Radha Palla,44,Female,Kolkata,Regular,2024-04-09
CUST007511,Balhaar Srivastava,29,Female,Bengaluru,Regular,2022-09-27
CUST007512,Eshana Mitter,56,Male,Mumbai,Regular,2025-09-28
CUST007513,Shivansh Mohan,21,Female,Pune,New,2023-08-09
CUST007514,Urishilla Tailor,25,Male,Indore,Regular,2023-02-03
CUST007515,Nirja Ghosh,46,Female,Bengaluru,Regular,2023-04-04
CUST007516,Amaira Bhagat,27,Female,Pune,New,2024-09-23
CUST007517,Wridesh Misra,18,Female,Ahmedabad,Regular,2026-05-03
CUST007518,Hiral Kade,69,Female,Hyderabad,Regular,2024-03-10
CUST007519,Unnati Dash,52,Male,Indore,New,2022-11-16
CUST007520,Imaran Dasgupta,54,Female,Hyderabad,Premium,2024-01-28
CUST007521,Turvi Sha,49,Male,Bengaluru,Regular,2026-04-24
CUST007522,Bhavna Lall,64,Male,Mumbai,Regular,2023-09-06
CUST007523,Adweta Yadav,46,Female,Bengaluru,Regular,2024-09-18
CUST007524,Oscar Pandey,52,Other,Kolkata,Regular,2024-03-18
CUST007525,Xiti Nayar,60,Female,Kolkata,Regular,2024-05-13
CUST007526,Hemang Kapoor,47,Female,Pune,New,2024-02-12
CUST007527,Vinaya More,60,Female,Mumbai,Regular,2023-01-23
CUST007528,Falguni Prasad,41,Male,Hyderabad,Regular,2024-08-24
CUST007529,Dipta Doshi,47,Male,Ahmedabad,New,2023-09-02
CUST007530,Jeevika Pradhan,44,Female,Indore,Regular,2024-02-22
CUST007531,Hemangini Sunder,31,Female,Jaipur,Premium,2025-11-01
CUST007532,Vinaya Pathak,33,Male,Hyderabad,Regular,2026-08-09
CUST007533,Nilima Rau,18,Female,Mumbai,New,2022-11-05
CUST007534,Adweta Dalal,54,Female,Ahmedabad,Regular,2025-12-17
CUST007535,Nirja Ganesh,60,Male,Hyderabad,Regular,2023-09-03
CUST007536,Chasmum Sawhney,68,Male,Delhi,New,2022-08-31
CUST007537,Andrew Shroff,20,Female,Ahmedabad,Regular,2023-02-03
CUST007538,Nandini Saxena,41,Male,Mumbai,Regular,2025-05-09
CUST007539,Aachal Tailor,29,Male,Hyderabad,Regular,2025-07-03
CUST007540,Yatan Mannan,45,Male,Pune,Premium,2023-03-10
CUST007541,Ekaja Oak,47,Male,Ahmedabad,New,2022-11-01
CUST007542,Xalak Mander,51,Female,Ahmedabad,Premium,2024-03-30
CUST007543,Balhaar Das,30,Male,Mumbai,Regular,2024-08-14
CUST007544,Rayaan Rama,67,Female,Pune,Regular,2023-02-01
CUST007545,Faras Sharma,55,Female,Mumbai,Premium,2024-02-20
CUST007546,Balveer Cheema,41,Female,Ahmedabad,New,2024-07-09
CUST007547,Leela Sharma,38,Female,Delhi,Regular,2025-02-03
CUST007548,Bahadurjit Suresh,44,Female,Jaipur,Regular,2024-12-19
CUST007549,Pranav Wadhwa,59,Female,Delhi,Regular,2023-12-27
CUST007550,Guneet Rao,47,Male,Kolkata,Regular,2026-07-03
CUST007551,Imaran Patla,33,Male,Hyderabad,New,2025-02-12
CUST007552,Panini Saxena,59,Female,Kolkata,Premium,2024-05-14
CUST007553,Ira Hora,44,Male,Ahmedabad,Regular,2026-01-08
CUST007554,Vidhi Khatri,24,Male,Kolkata,Regular,2024-03-22
CUST007555,Nikita Bath,32,Male,Delhi,Regular,2024-09-26
CUST007556,Suhani Dave,43,Female,Pune,Regular,2023-03-23
CUST007557,Anamika Chada,61,Other,Kolkata,Regular,2023-07-26
CUST007558,Hemani Chhabra,45,Female,Chennai,Regular,2025-11-11
CUST007559,Abhimanyu Borde,51,Male,Ahmedabad,Regular,2023-10-25
CUST007560,Champak Sidhu,46,Female,Ahmedabad,Regular,2026-07-13
CUST007561,Nitesh Tailor,43,Female,Delhi,Regular,2025-05-11
CUST007562,Utkarsh Sankaran,46,Male,Kolkata,Regular,2024-05-19
CUST007563,Dipta Srinivasan,64,Female,Mumbai,Regular,2025-09-08
CUST007564,Riya Bhatnagar,69,Female,Mumbai,Regular,2025-08-11
CUST007565,Zinal Bains,53,Female,Indore,New,2023-06-29
CUST007566,Charan Shan,34,Male,Ahmedabad,Regular,2025-07-10
CUST007567,Januja Sarkar,43,Female,Bengaluru,Regular,2026-03-31
CUST007568,Mitesh Ramakrishnan,44,Female,Delhi,Premium,2026-03-01
CUST007569,Yochana Ghosh,48,Female,Bengaluru,Regular,2026-04-10
CUST007570,Pratyush Sagar,30,Female,Hyderabad,Regular,2023-09-01
CUST007571,Aishani Bir,46,Female,Chennai,Regular,2023-04-05
CUST007572,Pushti Chawla,42,Female,Kolkata,Regular,2023-01-13
CUST007573,Kabir Hayre,45,Male,Ahmedabad,Premium,2026-01-17
CUST007574,Faqid Lalla,68,Female,Hyderabad,Premium,2025-04-28
CUST007575,Ekantika Dutt,44,Male,Ahmedabad,New,2026-01-30
CUST007576,Fitan Chokshi,52,Male,Delhi,Premium,2025-02-23
CUST007577,Manan Nath,23,Female,Pune,Premium,2026-02-07
CUST007578,Meera Nagar,46,Female,Ahmedabad,New,2024-07-30
CUST007579,Anjali Purohit,39,Male,Bengaluru,Premium,2026-07-19
CUST007580,Tanish Golla,32,Female,Indore,New,2024-04-02
CUST007581,Ati Mangat,21,Female,Kolkata,Regular,2026-08-04
CUST007582,Imaran Verma,53,Male,Chennai,Premium,2023-01-27
CUST007583,Frederick Kala,40,Male,Indore,Regular,2024-04-13
CUST007584,Raghav Vaidya,35,Female,Kolkata,Regular,2022-09-26
CUST007585,Maanas Bhardwaj,18,Male,Hyderabad,Regular,2023-07-15
CUST007586,Tarak Saxena,31,Male,Mumbai,Regular,2026-03-22
CUST007587,Yochana Mitra,32,Female,Hyderabad,Regular,2025-12-23
CUST007588,Ati Taneja,47,Male,Indore,Regular,2026-08-26
CUST007589,Abha Raja,29,Male,Hyderabad,Regular,2025-07-05
CUST007590,Noah Bala,38,Female,Mumbai,New,2022-12-22
CUST007591,Yagnesh Issac,42,Other,Delhi,Regular,2023-09-10
CUST007592,Amara Bhasin,52,Female,Mumbai,New,2026-06-26
CUST007593,Indrajit Goyal,65,Female,Bengaluru,New,2024-07-17
CUST007594,Sarthak Ramachandran,35,Male,Hyderabad,Regular,2022-09-15
CUST007595,Aarav Trivedi,43,Female,Pune,New,2024-09-15
CUST007596,Bishakha Sidhu,58,Female,Indore,Premium,2026-07-09
CUST007597,Chakradhar Anne,30,Female,Mumbai,Regular,2024-06-14
CUST007598,Radhika Chopra,65,Male,Kolkata,Premium,2024-12-20
CUST007599,Udyati Purohit,33,Female,Mumbai,Premium,2023-04-10
CUST007600,Aarnav Subramanian,65,Female,Mumbai,New,2024-06-13
CUST007601,Dominic Saha,65,Female,Hyderabad,New,2023-06-13
CUST007602,Wishi Din,30,Male,Chennai,Regular,2022-11-01
CUST007603,Zaitra Rana,21,Male,Kolkata,Regular,2025-01-16
CUST007604,Chandani Chauhan,69,Female,Ahmedabad,Regular,2024-10-15
CUST007605,Tristan Basu,30,Male,Bengaluru,Regular,2023-08-15
CUST007606,Lila Mishra,69,Male,Mumbai,Premium,2025-06-10
CUST007607,Nandini Kunda,53,Female,Hyderabad,Regular,2025-04-09
CUST007608,Unni Misra,32,Male,Pune,Regular,2023-02-14
CUST007609,Nandini Bansal,69,Female,Kolkata,New,2024-01-12
CUST007610,Anmol Ram,36,Male,Kolkata,New,2025-12-29
CUST007611,Bachittar Sur,34,Female,Indore,Regular,2025-05-27
CUST007612,Veer Misra,26,Female,Hyderabad,Regular,2023-03-20
CUST007613,Ishwar Seshadri,20,Male,Indore,Regular,2025-07-24
CUST007614,Jatin Biswas,44,Female,Bengaluru,Premium,2025-10-17
CUST007615,Harish Guha,48,Female,Indore,New,2024-05-06
CUST007616,Mahika Shetty,68,Male,Delhi,Regular,2022-09-14
CUST007617,Aradhana Gill,48,Male,Ahmedabad,New,2023-02-28
CUST007618,Yatin Bhavsar,55,Female,Bengaluru,New,2025-03-15
CUST007619,Mitali Devi,47,Female,Chennai,New,2025-12-24
CUST007620,Onveer Ratti,64,Female,Jaipur,New,2026-01-16
CUST007621,Logan Ghosh,47,Female,Hyderabad,Premium,2023-02-20
CUST007622,Aryan Uppal,40,Female,Kolkata,New,2024-08-05
CUST007623,Anya Varkey,51,Male,Bengaluru,New,2022-09-14
CUST007624,Vincent Issac,53,Male,Ahmedabad,Premium,2025-12-11
CUST007625,Vihaan Thakur,47,Male,Mumbai,Regular,2026-03-06
CUST007626,Rehaan Butala,27,Female,Indore,New,2022-09-04
CUST007627,Janaki Sen,24,Male,Indore,Regular,2023-09-04
CUST007628,Frado Srinivasan,67,Male,Delhi,New,2023-12-25
CUST007629,Zehaan Purohit,68,Female,Pune,New,2025-02-05
CUST007630,Hemani Das,42,Female,Chennai,Regular,2022-10-08
CUST007631,Finn Modi,33,Male,Pune,Regular,2022-11-10
CUST007632,Matthew Konda,27,Female,Chennai,Regular,2023-06-19
CUST007633,Ganga Pillai,48,Male,Kolkata,Regular,2024-11-03
CUST007634,Advik Kannan,41,Female,Jaipur,Regular,2024-02-06
CUST007635,Harish Tailor,25,Female,Ahmedabad,Regular,2026-08-11
CUST007636,Finn Sunder,69,Female,Pune,Regular,2025-08-19
CUST007637,Rehaan Bali,26,Male,Chennai,Premium,2024-02-16
CUST007638,Xiti Seth,43,Male,Chennai,New,2026-07-08
CUST007639,Chavvi Borah,36,Female,Bengaluru,Regular,2023-03-18
CUST007640,Lavanya Agrawal,58,Female,Pune,Premium,2024-01-23
CUST007641,Manya Kulkarni,39,Male,Indore,Premium,2024-12-16
CUST007642,Ekani Joshi,48,Female,Bengaluru,Regular,2023-09-04
CUST007643,Lekha Lad,41,Female,Delhi,Regular,2023-02-24
CUST007644,Netra Shankar,40,Female,Jaipur,Regular,2024-08-20
CUST007645,Darsh Andra,25,Male,Pune,Regular,2024-04-22
CUST007646,Udarsh Mukherjee,63,Female,Mumbai,Regular,2024-01-15
CUST007647,Viraj Buch,27,Female,Delhi,Regular,2025-05-17
CUST007648,Warjas Basu,65,Male,Bengaluru,Regular,2023-08-17
CUST007649,Peter Lalla,56,Male,Delhi,Regular,2025-02-15
CUST007650,Siya Nath,67,Male,Kolkata,Regular,2026-07-16
CUST007651,Aishani Oak,20,Female,Pune,Regular,2023-02-25
CUST007652,Chasmum Mand,44,Male,Chennai,Regular,2026-06-22
CUST007653,Chavvi Sarna,61,Male,Delhi,Premium,2025-09-28
CUST007654,Jackson Chanda,32,Female,Chennai,Regular,2024-02-15
CUST007655,Anmol Om,25,Male,Hyderabad,New,2026-04-02
CUST007656,Nicholas Sule,60,Female,Pune,Regular,2022-11-16
CUST007657,Jagvi Mistry,44,Male,Mumbai,Regular,2026-01-27
CUST007658,Odika Dalal,28,Female,Bengaluru,Regular,2023-02-08
CUST007659,Charan Sule,55,Male,Kolkata,New,2025-02-08
CUST007660,Manya Mohanty,24,Female,Indore,Premium,2026-05-28
CUST007661,Janaki Mann,45,Male,Chennai,New,2025-07-10
CUST007662,Omya Om,32,Male,Jaipur,Premium,2024-08-14
CUST007663,Yauvani Shah,40,Other,Indore,Premium,2023-04-21
CUST007664,Lila Kade,20,Male,Mumbai,New,2023-12-01
CUST007665,Amrita Bakshi,48,Female,Kolkata,Regular,2025-11-18
CUST007666,Advaith Tripathi,68,Male,Mumbai,Regular,2023-10-03
CUST007667,Ikshita Saha,43,Male,Indore,Regular,2022-09-15
CUST007668,Ladli Gopal,63,Female,Ahmedabad,New,2026-07-31
CUST007669,Ekansh Kamdar,28,Male,Kolkata,Regular,2024-11-12
CUST007670,Nimrat Soni,39,Male,Kolkata,Regular,2022-10-20
CUST007671,Ridhi Shan,44,Male,Ahmedabad,Regular,2024-07-11
CUST007672,Upadhriti Baria,48,Female,Ahmedabad,Premium,2025-11-16
CUST007673,Niharika Dhawan,53,Male,Delhi,Regular,2024-04-04
CUST007674,Watika Sidhu,66,Female,Ahmedabad,New,2025-03-01
CUST007675,Sachi Boase,61,Female,Mumbai,Regular,2025-07-04
CUST007676,Christopher Sarma,61,Female,Ahmedabad,Regular,2025-11-20
CUST007677,Ishita Dasgupta,50,Female,Delhi,New,2023-03-18
CUST007678,Orinder Grover,49,Female,Ahmedabad,Regular,2025-06-20
CUST007679,Niharika Zacharia,24,Male,Pune,Regular,2026-06-28
CUST007680,Bhavna Jaggi,68,Male,Ahmedabad,Regular,2023-05-10
CUST007681,Reyansh Khurana,43,Female,Ahmedabad,Regular,2022-11-17
CUST007682,Tanveer Karpe,29,Female,Bengaluru,Regular,2023-09-24
CUST007683,Ladli Bajaj,44,Female,Mumbai,Regular,2026-01-03
CUST007684,Ayaan Purohit,43,Male,Indore,Regular,2025-01-24
CUST007685,Utkarsh Agate,43,Male,Pune,Premium,2024-05-09
CUST007686,Kalpit Halder,64,Male,Mumbai,Regular,2024-02-09
CUST007687,Manya Naidu,42,Female,Delhi,Premium,2025-12-20
CUST007688,Dalaja Chana,49,Male,Mumbai,New,2023-03-29
CUST007689,Xavier Subramaniam,40,Male,Mumbai,New,2025-09-13
CUST007690,Bachittar Raja,32,Male,Indore,Regular,2026-04-28
CUST007691,Zehaan Wali,66,Female,Bengaluru,Premium,2026-06-05
CUST007692,Bhavna Wali,29,Male,Hyderabad,New,2024-09-10
CUST007693,Yatan Chhabra,19,Male,Hyderabad,Premium,2023-02-25
CUST007694,Aahana Ganesan,44,Female,Delhi,Regular,2024-03-13
CUST007695,Deepa Dhar,23,Female,Bengaluru,Premium,2024-11-28
CUST007696,Ekiya Kota,57,Female,Kolkata,Regular,2024-07-18
CUST007697,Chasmum Deo,37,Male,Mumbai,Regular,2024-03-18
CUST007698,Ayushman Srinivasan,61,Female,Chennai,Regular,2025-01-10
CUST007699,Sanya Ranganathan,47,Female,Jaipur,Regular,2022-10-10
CUST007700,Brijesh Karnik,27,Male,Bengaluru,Regular,2025-09-23
CUST007701,Om Das,48,Male,Delhi,Regular,2023-09-19
CUST007702,Vasana Banerjee,44,Male,Jaipur,Regular,2026-06-30
CUST007703,Eshana Rattan,22,Male,Chennai,Regular,2024-06-03
CUST007704,Karan Zacharia,24,Female,Indore,Regular,2026-02-09
CUST007705,Veda Dutta,55,Male,Delhi,Regular,2026-07-27
CUST007706,Samaksh Bose,28,Male,Ahmedabad,Regular,2023-09-23
CUST007707,Dayita Pathak,21,Male,Chennai,New,2026-01-18
CUST007708,Oscar Chowdhury,29,Female,Jaipur,Regular,2024-09-03
CUST007709,Dayita Mital,21,Male,Kolkata,Regular,2023-02-23
CUST007710,Abhiram Keer,24,Male,Ahmedabad,Regular,2023-06-27
CUST007711,Yashawini Ahuja,38,Female,Mumbai,Regular,2024-08-29
CUST007712,Anirudh Naik,30,Male,Kolkata,New,2022-12-29
CUST007713,Praneel Vyas,42,Female,Hyderabad,Regular,2024-09-24
CUST007714,Hamsini Buch,29,Female,Bengaluru,New,2023-04-19
CUST007715,Manan Dutta,41,Male,Ahmedabad,Regular,2025-10-06
CUST007716,Fitan Suresh,69,Female,Hyderabad,Regular,2024-03-11
CUST007717,Jeevika Magar,26,Male,Delhi,Regular,2022-12-10
CUST007718,Anya Wagle,42,Female,Kolkata,Regular,2024-10-11
CUST007719,Ekansh Bhakta,52,Male,Chennai,New,2026-05-09
CUST007720,Nidra Sagar,22,Female,Pune,Regular,2023-03-21
CUST007721,Ekaja Badami,51,Female,Hyderabad,Regular,2025-12-22
CUST007722,Ishani Garg,57,Male,Pune,Regular,2024-05-20
CUST007723,Zayyan Majumdar,32,Female,Kolkata,New,2023-05-21
CUST007724,Victor Rao,61,Male,Ahmedabad,Regular,2022-11-23
CUST007725,Harita Master,60,Female,Jaipur,Premium,2025-10-13
CUST007726,Saksham Arya,65,Male,Mumbai,Regular,2025-02-03
CUST007727,Yashica Tak,36,Female,Hyderabad,Regular,2023-04-06
CUST007728,Tarak Rao,44,Male,Jaipur,New,2024-12-06
CUST007729,Pooja Bawa,43,Male,Kolkata,Regular,2026-01-15
CUST007730,Aashi Nayak,58,Female,Bengaluru,Regular,2024-07-20
CUST007731,Veer Desai,48,Female,Mumbai,Regular,2024-05-13
CUST007732,Faqid Loyal,22,Male,Mumbai,Premium,2025-10-23
CUST007733,Xiti Chaudhry,33,Female,Ahmedabad,Regular,2025-04-19
CUST007734,Abhimanyu Chandran,66,Female,Kolkata,Regular,2024-03-17
CUST007735,Hredhaan Sankaran,61,Male,Bengaluru,Regular,2024-10-08
CUST007736,Kevin Bala,32,Male,Ahmedabad,New,2025-04-14
CUST007737,Inaya Borah,69,Male,Indore,New,2025-02-01
CUST007738,Chakradhar Dar,56,Male,Indore,Premium,2026-04-07
CUST007739,Ira Date,54,Male,Chennai,New,2023-09-03
CUST007740,Manthan Sengupta,68,Male,Indore,New,2026-03-28
CUST007741,Amruta Hora,50,Male,Hyderabad,Regular,2025-11-12
CUST007742,Harini Tiwari,57,Female,Jaipur,Premium,2023-05-06
CUST007743,Hemal Wason,41,Female,Mumbai,New,2026-08-24
CUST007744,Ekantika Dash,28,Female,Pune,Regular,2022-12-27
CUST007745,Siddharth Sawhney,46,Female,Jaipur,Regular,2023-01-05
CUST007746,Nitesh Bahl,24,Female,Kolkata,New,2026-07-03
CUST007747,Gaurika Sharaf,22,Male,Jaipur,Regular,2023-12-12
CUST007748,Dayita Goswami,55,Female,Bengaluru,New,2023-12-06
CUST007749,Wazir Sabharwal,38,Other,Indore,Regular,2023-05-02
CUST007750,Kalpit Pal,39,Male,Delhi,Premium,2025-03-20
CUST007751,Zansi Khanna,20,Male,Ahmedabad,Premium,2025-08-09
CUST007752,Pranav Mital,47,Male,Delhi,Premium,2025-06-08
CUST007753,Shivani Keer,58,Male,Kolkata,Regular,2025-11-21
CUST007754,Triya Srinivasan,57,Female,Delhi,Premium,2023-05-22
CUST007755,Chameli Halder,67,Male,Hyderabad,New,2025-05-11
CUST007756,Rudra Oommen,67,Female,Pune,Premium,2026-04-25
CUST007757,Turvi Venkataraman,57,Male,Jaipur,Premium,2024-10-06
CUST007758,Krisha Pathak,69,Male,Bengaluru,Regular,2024-09-07
CUST007759,Geetika Ravi,39,Female,Kolkata,Regular,2025-11-10
CUST007760,Udant Vasa,39,Female,Kolkata,Regular,2026-05-06
CUST007761,Naksh Batta,25,Male,Jaipur,Regular,2025-11-26
CUST007762,Anamika Walla,22,Male,Delhi,Regular,2025-05-30
CUST007763,Chaman Dass,47,Male,Delhi,Regular,2023-11-27
CUST007764,Omya Bedi,19,Female,Delhi,Regular,2025-04-28
CUST007765,Chandresh Mangat,65,Male,Ahmedabad,Regular,2022-09-12
CUST007766,Oni Pandya,19,Male,Pune,Regular,2024-09-17
CUST007767,Vanya Sagar,66,Male,Pune,New,2023-03-14
CUST007768,Oliver Ravi,63,Male,Chennai,Premium,2024-04-13
CUST007769,Jeremiah Pau,68,Female,Mumbai,Regular,2023-10-09
CUST007770,Bachittar Kant,24,Male,Ahmedabad,Premium,2024-05-30
CUST007771,Chatresh Chad,36,Female,Chennai,Regular,2025-09-17
CUST007772,Daniel Chaudhry,49,Male,Bengaluru,Regular,2025-07-18
CUST007773,Manbir Shukla,24,Female,Bengaluru,Regular,2023-09-08
CUST007774,Ishaan Sharma,36,Male,Jaipur,Regular,2023-06-11
CUST007775,Meghana Mukhopadhyay,22,Female,Delhi,Regular,2026-07-14
CUST007776,Aarna Swamy,41,Male,Jaipur,New,2026-05-05
CUST007777,Oviya Arya,45,Male,Bengaluru,Premium,2026-05-25
CUST007778,Dominic Vig,38,Female,Jaipur,Regular,2023-10-16
CUST007779,Udant Kalla,58,Male,Ahmedabad,Regular,2024-01-23
CUST007780,Saumya Mohan,57,Female,Indore,Regular,2023-05-10
CUST007781,Xavier Naidu,58,Female,Kolkata,Premium,2025-04-12
CUST007782,Ojasvi Srivastava,56,Female,Kolkata,Regular,2026-01-03
CUST007783,Fitan Pandit,66,Male,Ahmedabad,Regular,2023-09-20
CUST007784,Om Ganesan,51,Female,Hyderabad,Regular,2024-06-28
CUST007785,Charvi Shroff,20,Male,Bengaluru,Regular,2025-10-03
CUST007786,Neha Nair,69,Female,Delhi,Premium,2022-09-14
CUST007787,Samaksh Dhar,45,Female,Kolkata,Regular,2025-03-26
CUST007788,Baljiwan Bhakta,56,Male,Bengaluru,New,2024-06-30
CUST007789,Sudiksha Ray,65,Male,Mumbai,Regular,2022-12-11
CUST007790,Charvi Dhingra,46,Female,Delhi,Regular,2024-07-30
CUST007791,Zaid Nair,25,Female,Indore,Regular,2024-01-05
CUST007792,Charles Mander,54,Male,Delhi,Regular,2023-05-29
CUST007793,Jeet Rattan,47,Female,Pune,Regular,2025-04-16
CUST007794,Maanas Bhat,28,Female,Jaipur,Regular,2025-10-13
CUST007795,Saanvi Patla,55,Male,Hyderabad,Regular,2026-02-09
CUST007796,Umang Hegde,49,Female,Pune,New,2023-12-17
CUST007797,Mugdha Bahl,49,Male,Ahmedabad,Regular,2023-11-02
CUST007798,Simon Goswami,33,Female,Bengaluru,New,2026-01-09
CUST007799,Owen Varghese,64,Male,Bengaluru,Premium,2024-08-26
CUST007800,Gaurika Shan,50,Female,Indore,Regular,2023-07-02
CUST007801,Yasti Chaudhari,40,Male,Chennai,New,2026-06-14
CUST007802,Yatin Bahri,23,Female,Delhi,Premium,2026-08-19
CUST007803,Viraj Malhotra,49,Female,Chennai,Regular,2024-02-08
CUST007804,Sathvik Bedi,35,Female,Ahmedabad,New,2023-06-05
CUST007805,Pallavi Mukherjee,20,Female,Jaipur,Regular,2023-02-02
CUST007806,Michael Memon,21,Female,Delhi,Premium,2025-11-18
CUST007807,Zehaan Bains,22,Other,Kolkata,Regular,2025-05-09
CUST007808,Rayaan Shanker,53,Female,Hyderabad,Regular,2023-04-30
CUST007809,Wyatt Karpe,53,Male,Jaipur,Regular,2024-02-18
CUST007810,Ekiya Bora,19,Female,Pune,Premium,2024-05-11
CUST007811,Jeremiah Kothari,52,Female,Ahmedabad,New,2026-02-25
CUST007812,Eta Char,58,Male,Ahmedabad,Regular,2026-02-21
CUST007813,Vinaya Chakraborty,18,Female,Ahmedabad,Regular,2024-03-18
CUST007814,Ekta Warrior,58,Female,Pune,Regular,2026-04-24
CUST007815,Chatura Loke,41,Other,Hyderabad,New,2025-05-09
CUST007816,Anjali Doshi,34,Female,Delhi,Regular,2023-04-22
CUST007817,Harita Ramaswamy,66,Female,Hyderabad,New,2023-12-16
CUST007818,Farhan Dugar,49,Male,Bengaluru,Regular,2024-03-27
CUST007819,Gagan Deep,55,Male,Kolkata,Regular,2024-01-09
CUST007820,Yashvi Banik,63,Male,Jaipur,New,2024-09-22
CUST007821,Gavin Krish,19,Female,Ahmedabad,Regular,2026-02-26
CUST007822,Ansh Palla,31,Female,Mumbai,Regular,2025-09-13
CUST007823,Dayita Kumar,52,Female,Mumbai,Regular,2026-08-15
CUST007824,Upma Choudhary,30,Female,Ahmedabad,Regular,2024-01-28
CUST007825,Dipta Parmar,42,Male,Mumbai,Premium,2024-10-07
CUST007826,Manya Sankaran,55,Male,Pune,New,2026-01-18
CUST007827,Oscar Varma,64,Female,Delhi,Regular,2025-05-06
CUST007828,Arunima Rout,25,Female,Indore,Premium,2023-09-15
CUST007829,Qushi Dara,48,Male,Chennai,Regular,2025-10-29
CUST007830,Krish Borde,41,Male,Delhi,Premium,2025-07-06
CUST007831,Rachana Khanna,20,Female,Pune,New,2024-01-01
CUST007832,Aditya Acharya,36,Male,Indore,Regular,2024-08-09
CUST007833,Elijah Munshi,54,Male,Hyderabad,Regular,2022-11-01
CUST007834,Mitesh Bhakta,62,Male,Indore,Regular,2023-12-30
CUST007835,Xiti Parmer,51,Female,Jaipur,Regular,2025-07-01
CUST007836,Sanaya Sharma,31,Male,Hyderabad,Regular,2026-05-22
CUST007837,Damini Gupta,45,Other,Delhi,Regular,2025-07-29
CUST007838,Pahal Bajwa,42,Female,Hyderabad,Regular,2026-07-17
CUST007839,Baljiwan Chopra,68,Female,Hyderabad,Regular,2022-11-05
CUST007840,Bhavani Sahni,28,Female,Kolkata,Regular,2025-10-10
CUST007841,Chandresh Kalita,54,Female,Chennai,Regular,2025-03-17
CUST007842,Vedika Varghese,46,Female,Pune,New,2024-11-20
CUST007843,Sarthak Barad,30,Male,Mumbai,Regular,2023-11-08
CUST007844,Ishwar Raju,62,Male,Delhi,Regular,2026-08-25
CUST007845,Ishaan Reddy,61,Male,Delhi,New,2024-10-26
CUST007846,Indira Chakrabarti,69,Male,Chennai,Premium,2024-11-25
CUST007847,Osha Bath,29,Male,Indore,New,2024-02-24
CUST007848,Lakshmi Natt,63,Male,Delhi,New,2024-05-11
CUST007849,Lajita Srinivas,38,Male,Jaipur,Regular,2023-05-29
CUST007850,Advik Srinivas,47,Male,Ahmedabad,Regular,2023-04-28
CUST007851,Naksh Agarwal,27,Female,Hyderabad,Regular,2025-09-26
CUST007852,Bina Sem,22,Female,Bengaluru,New,2023-04-25
CUST007853,Tara Kade,21,Male,Hyderabad,Regular,2024-02-26
CUST007854,Barkha Badami,47,Female,Bengaluru,Regular,2024-08-22
CUST007855,Ayush Walla,64,Female,Kolkata,Regular,2023-08-08
CUST007856,Mugdha Sawhney,56,Male,Hyderabad,Regular,2026-06-02
CUST007857,Harshil Kumer,53,Male,Indore,New,2024-02-18
CUST007858,Samarth Sabharwal,54,Female,Chennai,Premium,2024-08-14
CUST007859,Abha Ram,62,Female,Ahmedabad,Regular,2024-09-13
CUST007860,Balendra Saran,60,Male,Mumbai,Regular,2024-04-08
CUST007861,Shivani Pradhan,57,Female,Pune,Premium,2022-12-13
CUST007862,Vyanjana Chaudhuri,60,Male,Delhi,Premium,2023-01-06
CUST007863,Daksha Pandya,25,Female,Kolkata,New,2024-06-28
CUST007864,Indali Pau,42,Male,Kolkata,Regular,2026-02-24
CUST007865,Sarthak Mitter,43,Female,Ahmedabad,Regular,2023-09-19
CUST007866,Yahvi Bava,36,Male,Hyderabad,Regular,2026-07-22
CUST007867,Shaurya Din,52,Female,Bengaluru,New,2022-09-23
CUST007868,Krish Palla,32,Male,Delhi,Regular,2024-11-28
CUST007869,Priya Narula,58,Male,Bengaluru,Regular,2025-11-19
CUST007870,Wriddhish Singh,19,Male,Chennai,Regular,2025-08-25
CUST007871,Vasatika Khurana,39,Female,Ahmedabad,Regular,2022-09-26
CUST007872,Hardik Radhakrishnan,31,Female,Hyderabad,Regular,2024-10-06
CUST007873,Hritik Dyal,46,Male,Delhi,New,2026-03-25
CUST007874,Hritik Prabhu,67,Male,Delhi,New,2023-11-11
CUST007875,Mitesh Arora,69,Male,Delhi,Regular,2026-04-13
CUST007876,Maanas Lala,62,Other,Indore,Regular,2025-06-26
CUST007877,Lakshit Prasad,41,Male,Chennai,Regular,2026-02-19
CUST007878,Geetika Nagi,58,Female,Bengaluru,New,2022-10-04
CUST007879,Hema Merchant,62,Female,Kolkata,New,2025-03-02
CUST007880,Yashica Bansal,61,Male,Kolkata,Regular,2025-06-28
CUST007881,Warhi Ratti,19,Male,Mumbai,Premium,2025-05-05
CUST007882,Warjas Venkatesh,68,Male,Chennai,Regular,2024-10-29
CUST007883,Krishna Mukherjee,54,Female,Hyderabad,Regular,2024-04-06
CUST007884,Manya Kala,58,Male,Jaipur,Regular,2022-09-18
CUST007885,Baghyawati Kothari,19,Female,Mumbai,Regular,2024-11-23
CUST007886,Daniel Bala,29,Female,Hyderabad,New,2022-10-14
CUST007887,Bishakha Kapoor,26,Female,Chennai,Regular,2023-12-28
CUST007888,Damyanti Kara,63,Male,Mumbai,Regular,2022-09-25
CUST007889,Arunima Cherian,57,Male,Mumbai,New,2024-07-08
CUST007890,Dipta Madan,21,Female,Chennai,New,2024-06-01
CUST007891,Michael Vala,42,Male,Indore,Regular,2025-04-16
CUST007892,Robert Parmer,37,Female,Bengaluru,New,2023-01-30
CUST007893,Naksh Dhillon,42,Female,Indore,New,2024-02-03
CUST007894,Sneha Narang,34,Female,Kolkata,New,2025-05-06
CUST007895,Daksh Agrawal,21,Female,Ahmedabad,Regular,2023-05-13
CUST007896,Zaid Barad,67,Male,Hyderabad,Regular,2023-03-18
CUST007897,Bhavini Barad,20,Female,Delhi,Regular,2024-03-29
CUST007898,Upadhriti Seth,64,Male,Chennai,Regular,2026-04-15
CUST007899,Qarin Parsa,33,Male,Hyderabad,Regular,2022-12-29
CUST007900,Zilmil Bassi,21,Male,Hyderabad,Regular,2026-03-04
CUST007901,Harsh Varty,35,Female,Hyderabad,Regular,2026-04-11
CUST007902,Yashica Arora,40,Female,Indore,Regular,2024-02-03
CUST007903,Nitara Rau,31,Female,Bengaluru,New,2024-06-29
CUST007904,Ishwar Gole,67,Female,Hyderabad,Regular,2023-08-01
CUST007905,Vinaya Vyas,65,Female,Ahmedabad,Regular,2025-01-04
CUST007906,Anya Sunder,28,Female,Bengaluru,New,2025-05-11
CUST007907,Lakshmi Hari,28,Male,Mumbai,Regular,2024-06-05
CUST007908,Eta Dey,52,Female,Ahmedabad,Premium,2024-09-02
CUST007909,Ekantika Manda,65,Female,Pune,Regular,2023-12-12
CUST007910,Nachiket Aurora,36,Male,Mumbai,Regular,2023-04-10
CUST007911,Aashi Dixit,63,Male,Hyderabad,New,2023-09-23
CUST007912,Rayaan Bobal,21,Female,Indore,Regular,2023-09-12
CUST007913,Wahab Shere,65,Male,Bengaluru,New,2022-12-26
CUST007914,Jeevika Barman,20,Female,Jaipur,Regular,2023-08-15
CUST007915,Imaran Walia,38,Female,Indore,New,2022-10-17
CUST007916,Lajita Rai,47,Male,Pune,New,2025-05-05
CUST007917,Adya Dara,59,Female,Delhi,New,2025-03-24
CUST007918,Nilima Ahuja,58,Male,Indore,New,2024-04-15
CUST007919,Aryan Lalla,50,Female,Indore,Regular,2024-08-03
CUST007920,Yachana Dash,34,Male,Kolkata,Premium,2026-03-11
CUST007921,Jeremiah Murty,31,Female,Indore,Regular,2026-04-05
CUST007922,Luke Modi,45,Male,Indore,Regular,2025-09-30
CUST007923,Nimrat Kakar,45,Female,Pune,Regular,2023-11-21
CUST007924,Chakradev Kannan,29,Male,Kolkata,Regular,2023-10-09
CUST007925,Avni Chander,41,Male,Mumbai,Regular,2023-07-02
CUST007926,Zaitra Chawla,47,Male,Jaipur,New,2023-02-17
CUST007927,Devika Andra,36,Male,Kolkata,Regular,2024-02-10
CUST007928,Vincent Dugar,43,Female,Bengaluru,Regular,2023-12-31
CUST007929,Sai Agate,27,Male,Jaipur,Regular,2023-12-23
CUST007930,Shravya Barad,68,Female,Kolkata,Regular,2024-10-17
CUST007931,Oeshi Agarwal,69,Male,Indore,New,2025-02-03
CUST007932,Champak Raju,68,Male,Mumbai,Regular,2024-08-02
CUST007933,Chaman Thakur,24,Male,Kolkata,New,2024-08-10
CUST007934,Ekapad Bains,39,Male,Pune,Regular,2023-07-02
CUST007935,Adweta Pandya,60,Female,Kolkata,Regular,2025-11-26
CUST007936,Anita Murty,62,Female,Pune,Regular,2024-09-03
CUST007937,Michael Shankar,63,Female,Kolkata,New,2024-01-20
CUST007938,Amruta Bhagat,51,Male,Kolkata,Premium,2024-08-04
CUST007939,Avi Kapadia,37,Female,Ahmedabad,New,2023-07-28
CUST007940,Alka Kuruvilla,25,Female,Mumbai,Regular,2025-04-15
CUST007941,Aarush Karpe,25,Other,Mumbai,Regular,2023-09-16
CUST007942,Veer Ramaswamy,69,Female,Pune,Premium,2025-11-02
CUST007943,Gaurav Grewal,66,Other,Jaipur,Regular,2026-02-16
CUST007944,Charita Bobal,50,Male,Bengaluru,Regular,2022-09-04
CUST007945,Anay Kapur,23,Male,Mumbai,Regular,2023-05-16
CUST007946,Shravya Panchal,31,Female,Indore,Regular,2023-08-27
CUST007947,Chakradev Pall,55,Female,Chennai,Regular,2024-09-26
CUST007948,Wyatt Chahal,30,Male,Pune,Regular,2025-07-28
CUST007949,Finn Bala,54,Male,Delhi,Regular,2024-12-05
CUST007950,Gaurangi Merchant,34,Female,Mumbai,Regular,2024-05-22
CUST007951,Noah Nagy,47,Male,Kolkata,Premium,2023-08-14
CUST007952,Baljiwan Rama,40,Male,Delhi,New,2026-08-14
CUST007953,Ansh Bhat,34,Male,Mumbai,Regular,2023-11-08
CUST007954,Bina Verma,44,Female,Ahmedabad,Regular,2024-05-11
CUST007955,Charita Radhakrishnan,65,Male,Jaipur,Regular,2025-12-14
CUST007956,Yashoda Krishnan,28,Female,Kolkata,New,2024-11-08
CUST007957,Unni Arora,25,Male,Pune,Premium,2026-06-24
CUST007958,Nidra Chhabra,49,Female,Kolkata,Premium,2022-10-07
CUST007959,Tamanna Sidhu,51,Female,Chennai,Regular,2022-09-04
CUST007960,Sai Sunder,18,Male,Hyderabad,Regular,2025-11-29
CUST007961,Vasana Munshi,65,Female,Chennai,Regular,2025-02-05
CUST007962,Rudra Jaggi,42,Male,Mumbai,Regular,2026-02-16
CUST007963,Sachi Wable,43,Male,Ahmedabad,Premium,2023-02-05
CUST007964,Ethan Sathe,48,Male,Pune,Regular,2023-02-10
CUST007965,Charles Bansal,47,Male,Pune,Regular,2023-11-03
CUST007966,Onkar Chander,57,Male,Ahmedabad,New,2023-10-19
CUST007967,Chaaya Chadha,20,Male,Mumbai,Regular,2026-02-07
CUST007968,Gaurika Sampath,38,Female,Jaipur,Regular,2024-07-24
CUST007969,Utkarsh Kata,61,Female,Pune,New,2023-08-26
CUST007970,Niharika Oommen,41,Female,Pune,Premium,2024-04-01
CUST007971,Veer Chopra,69,Other,Ahmedabad,New,2024-09-12
CUST007972,Siddharth Kaur,26,Male,Bengaluru,New,2024-03-10
CUST007973,Aarav Bhakta,60,Female,Kolkata,Regular,2023-12-25
CUST007974,Leena Raval,56,Male,Chennai,New,2024-02-20
CUST007975,Libni Choudhury,52,Male,Kolkata,Premium,2025-10-21
CUST007976,Tanmayi Keer,22,Female,Indore,Regular,2023-02-06
CUST007977,Tarak Mitter,57,Female,Jaipur,Premium,2025-11-26
CUST007978,Mohammed Mahajan,24,Male,Pune,Premium,2024-10-23
CUST007979,Max Hayre,50,Male,Kolkata,Regular,2026-01-11
CUST007980,Krisha Narayan,27,Female,Delhi,Regular,2025-06-21
CUST007981,Mitesh Srinivas,55,Male,Kolkata,New,2025-06-17
CUST007982,Sudiksha Chanda,39,Male,Jaipur,Regular,2023-10-08
CUST007983,Wyatt Mahal,68,Male,Ahmedabad,Regular,2025-02-09
CUST007984,Jeet Subramaniam,26,Male,Mumbai,New,2026-07-24
CUST007985,Ria Bandi,42,Male,Kolkata,New,2024-06-27
CUST007986,Jasmit Patla,31,Female,Chennai,Premium,2025-01-13
CUST007987,Vanya Karnik,44,Male,Delhi,Regular,2026-03-02
CUST007988,Turvi Dass,31,Female,Kolkata,New,2023-02-28
CUST007989,Lipika Deshpande,49,Female,Chennai,Regular,2024-02-06
CUST007990,Maya Guha,26,Female,Chennai,Premium,2026-08-19
CUST007991,Adya Ramaswamy,25,Male,Ahmedabad,Premium,2023-12-11
CUST007992,Sathvik Warrior,58,Male,Mumbai,Regular,2025-08-11
CUST007993,Alexander Chaudry,28,Male,Ahmedabad,New,2026-08-26
CUST007994,Falak Patel,37,Female,Chennai,Premium,2024-09-21
CUST007995,Vihaan Khanna,27,Male,Bengaluru,Regular,2023-09-22
CUST007996,Vaishnavi Chaudhary,61,Male,Delhi,Premium,2025-09-27
CUST007997,Mitali Dora,29,Female,Bengaluru,Regular,2024-03-13
CUST007998,Jonathan Bhakta,31,Female,Chennai,New,2024-01-22
CUST007999,Oscar Ramachandran,60,Male,Chennai,New,2022-11-20
CUST008000,Chanakya Buch,38,Female,Bengaluru,Regular,2025-12-28
CUST008001,Christopher Chacko,19,Other,Pune,Regular,2026-02-19
CUST008002,Panini Borah,37,Male,Delhi,Regular,2024-06-04
CUST008003,Tripti Hans,37,Male,Mumbai,Premium,2025-01-17
CUST008004,Zayyan Varkey,62,Female,Pune,Premium,2023-01-03
CUST008005,Gagan Kashyap,47,Female,Chennai,New,2022-08-30
CUST008006,Yauvani Dey,24,Female,Jaipur,Regular,2025-06-11
CUST008007,Chavvi Prashad,31,Female,Jaipur,Regular,2026-03-13
CUST008008,Nidhi Sridhar,38,Female,Hyderabad,Regular,2023-03-15
CUST008009,Tejas Borah,18,Male,Ahmedabad,Regular,2022-12-02
CUST008010,Adweta Wadhwa,48,Male,Jaipur,Regular,2023-03-10
CUST008011,Unnati Konda,69,Male,Indore,Regular,2025-04-30
CUST008012,Janani Nadig,18,Male,Jaipur,Regular,2025-09-27
CUST008013,Ekaraj Devi,50,Female,Kolkata,New,2023-03-13
CUST008014,Laban Dey,63,Male,Kolkata,Regular,2022-09-30
CUST008015,Tanay Bumb,44,Female,Hyderabad,Regular,2024-11-23
CUST008016,Bhavna Dara,39,Female,Pune,Regular,2024-09-13
CUST008017,Dev Kapoor,44,Female,Jaipur,Regular,2026-03-07
CUST008018,Nachiket Gupta,27,Male,Jaipur,Regular,2024-06-01
CUST008019,Jackson Sarin,57,Female,Mumbai,Premium,2025-03-29
CUST008020,Pallavi Toor,60,Male,Hyderabad,Premium,2023-06-19
CUST008021,Dominic Sachdev,50,Male,Mumbai,New,2026-04-06
CUST008022,Radha Mahal,67,Female,Delhi,Regular,2022-09-21
CUST008023,Manan Kar,39,Female,Hyderabad,Regular,2025-12-25
CUST008024,Vedant Gola,46,Female,Jaipur,Premium,2024-02-13
CUST008025,Manthan Ratti,45,Male,Pune,New,2026-01-30
CUST008026,Harsh Gill,42,Female,Mumbai,New,2024-04-11
CUST008027,Triya Lad,65,Female,Ahmedabad,Regular,2025-03-25
CUST008028,Noah Grewal,49,Female,Mumbai,Regular,2023-12-28
CUST008029,Oeshi Kurian,67,Female,Pune,Premium,2023-10-04
CUST008030,Zinal Mallick,54,Female,Kolkata,Regular,2025-11-21
CUST008031,Pushti Saran,57,Male,Chennai,New,2024-10-25
CUST008032,Jack Borde,65,Male,Delhi,New,2023-12-22
CUST008033,Timothy Batra,28,Female,Bengaluru,New,2024-06-20
CUST008034,Arjun Venkatesh,34,Male,Hyderabad,New,2022-10-06
CUST008035,Xalak Srinivas,35,Female,Ahmedabad,Regular,2023-01-08
CUST008036,Edhitha Pall,27,Female,Hyderabad,Regular,2025-03-08
CUST008037,Lipika Ganesan,25,Female,Ahmedabad,New,2025-12-22
CUST008038,Varenya Ben,23,Female,Bengaluru,Premium,2023-05-22
CUST008039,Guneet Doshi,22,Male,Hyderabad,Premium,2022-09-22
CUST008040,Madhavi Keer,25,Female,Hyderabad,New,2024-08-24
CUST008041,Jackson Sachar,26,Female,Pune,Regular,2023-06-02
CUST008042,Megha Bajaj,32,Male,Kolkata,New,2023-07-31
CUST008043,Ranveer Naik,64,Male,Ahmedabad,Regular,2024-10-27
CUST008044,Elijah Wason,29,Female,Mumbai,New,2026-01-17
CUST008045,Parth Nagarajan,19,Female,Hyderabad,Regular,2024-02-15
CUST008046,Upadhriti Karan,33,Male,Kolkata,Premium,2025-09-22
CUST008047,Rohan Parmer,51,Female,Mumbai,New,2024-09-26
CUST008048,Hiral Bir,46,Female,Hyderabad,New,2025-01-21
CUST008049,Aachal Seth,63,Male,Pune,Regular,2023-10-21
CUST008050,Ethan Bhatt,36,Female,Chennai,New,2024-09-11
CUST008051,Mahika Shah,45,Female,Pune,New,2022-09-16
CUST008052,Pavani Divan,52,Male,Delhi,Regular,2024-03-02
CUST008053,Ubika Sankar,35,Female,Delhi,Regular,2023-02-06
CUST008054,Naveen Patla,35,Female,Kolkata,New,2025-01-08
CUST008055,Naveen Jha,52,Female,Bengaluru,New,2023-07-18
CUST008056,Akshay Basak,34,Male,Kolkata,Regular,2024-03-12
CUST008057,Zaid Balay,40,Female,Kolkata,New,2025-10-26
CUST008058,Ojas Krishnan,50,Male,Bengaluru,New,2025-05-15
CUST008059,Yasti Shukla,47,Male,Hyderabad,Regular,2023-08-10
CUST008060,Indrajit Baral,49,Other,Bengaluru,Regular,2026-06-08
CUST008061,Samaksh Chacko,39,Male,Kolkata,New,2023-05-22
CUST008062,Victor Sane,58,Female,Chennai,Regular,2024-02-28
CUST008063,Ikshita Dixit,68,Male,Pune,Regular,2023-06-10
CUST008064,Urmi Deol,62,Male,Kolkata,Regular,2022-09-08
CUST008065,Saumya Bajaj,33,Male,Kolkata,New,2024-12-31
CUST008066,Lakshit Singhal,50,Female,Ahmedabad,Regular,2023-09-26
CUST008067,Rajeshri Dyal,23,Male,Pune,Regular,2024-09-28
CUST008068,Shaurya Randhawa,50,Female,Indore,Regular,2024-01-17
CUST008069,Naksh Narang,59,Male,Bengaluru,Regular,2024-02-29
CUST008070,Gavin Bahl,51,Female,Chennai,New,2022-09-26
CUST008071,Faris Bali,40,Female,Indore,Regular,2024-11-03
CUST008072,Chavvi Yogi,38,Female,Jaipur,Regular,2025-12-04
CUST008073,Kabir Dave,44,Male,Ahmedabad,Regular,2024-06-25
CUST008074,Sarthak Batta,38,Female,Pune,Regular,2022-09-17
CUST008075,Omya Anne,57,Female,Chennai,Premium,2024-07-30
CUST008076,Kai Khosla,68,Female,Indore,New,2024-01-11
CUST008077,Mitesh Wadhwa,47,Other,Jaipur,Premium,2023-08-22
CUST008078,Ranveer Magar,58,Female,Delhi,Regular,2025-07-24
CUST008079,Anvi Hora,55,Female,Delhi,Regular,2024-08-07
CUST008080,Samarth Contractor,32,Male,Pune,Regular,2024-07-04
CUST008081,Ayushman Choudhury,63,Female,Delhi,New,2026-05-13
CUST008082,Meghana Kant,68,Other,Indore,Regular,2023-03-09
CUST008083,Pooja Rajan,52,Female,Mumbai,New,2026-03-19
CUST008084,Dalaja Andra,37,Female,Bengaluru,Premium,2023-09-19
CUST008085,Aarav Kumar,45,Female,Ahmedabad,Premium,2024-03-31
CUST008086,Zayyan Bhatt,30,Male,Chennai,Regular,2022-09-27
CUST008087,Hardik Sarin,36,Female,Bengaluru,Regular,2024-04-27
CUST008088,Ucchal Agrawal,59,Female,Chennai,Regular,2022-10-15
CUST008089,Bina Narula,60,Female,Hyderabad,New,2025-01-02
CUST008090,Harish Narayan,65,Female,Delhi,Regular,2025-10-04
CUST008091,Vrishti Ray,66,Male,Indore,Premium,2023-12-06
CUST008092,Nitara Garde,37,Female,Bengaluru,Regular,2024-11-07
CUST008093,Kai Merchant,55,Male,Kolkata,Regular,2023-01-24
CUST008094,Jagrati Ahuja,29,Male,Kolkata,New,2024-01-04
CUST008095,Nikita Sagar,34,Male,Hyderabad,Regular,2023-01-29
CUST008096,Jason Narayan,36,Male,Kolkata,Regular,2026-03-20
CUST008097,Garima Pradhan,18,Female,Jaipur,New,2023-05-04
CUST008098,Nicholas Deol,64,Female,Mumbai,Premium,2025-06-20
CUST008099,Ekta Thakur,24,Male,Jaipur,Regular,2026-03-21
CUST008100,Tamanna Saxena,57,Female,Jaipur,Regular,2025-05-12
CUST008101,Wahab Palla,27,Male,Mumbai,Regular,2026-07-30
CUST008102,Dakshesh Mohan,38,Female,Hyderabad,New,2024-10-08
CUST008103,Owen Oak,49,Male,Pune,Regular,2025-10-31
CUST008104,Januja Batra,40,Female,Jaipur,Regular,2025-12-09
CUST008105,Gagan D’Alia,35,Female,Bengaluru,Regular,2026-07-19
CUST008106,Nathan Nair,52,Male,Jaipur,New,2024-01-07
CUST008107,Pratyush Sheth,56,Female,Bengaluru,New,2024-07-20
CUST008108,Neelima Baria,26,Male,Delhi,Regular,2023-08-07
CUST008109,Sai Majumdar,43,Male,Jaipur,Regular,2024-12-01
CUST008110,Wazir Bahri,61,Male,Kolkata,Regular,2023-09-28
CUST008111,Yashica Amble,49,Male,Jaipur,Regular,2025-08-30
CUST008112,Jacob Sankaran,19,Other,Jaipur,Regular,2022-12-11
CUST008113,Karan Gokhale,51,Female,Indore,New,2025-04-01
CUST008114,Jhalak Narasimhan,32,Female,Ahmedabad,Premium,2025-08-08
CUST008115,Janya Golla,39,Female,Bengaluru,Premium,2022-11-07
CUST008116,Ira Ray,55,Female,Delhi,Premium,2024-07-17
CUST008117,Sai Tandon,29,Female,Indore,New,2025-03-17
CUST008118,Hredhaan Guha,27,Female,Bengaluru,Regular,2025-12-30
CUST008119,Udant Badami,66,Female,Kolkata,New,2025-09-02
CUST008120,Garima Sibal,20,Male,Ahmedabad,New,2024-05-29
CUST008121,Riya Krishna,52,Male,Ahmedabad,New,2024-01-16
CUST008122,Gagan Ramachandran,59,Female,Jaipur,Regular,2022-08-29
CUST008123,Ucchal Barad,39,Male,Bengaluru,Regular,2026-01-19
CUST008124,Ijaya Ganesh,29,Female,Mumbai,Regular,2023-06-07
CUST008125,Samesh Jaggi,64,Male,Kolkata,Regular,2024-04-08
CUST008126,Darsh Amble,37,Female,Kolkata,Regular,2026-07-21
CUST008127,Anita Shanker,36,Female,Delhi,New,2024-07-01
CUST008128,Kalpit Tripathi,27,Male,Chennai,Regular,2025-05-12
CUST008129,Abhimanyu Tandon,32,Male,Delhi,Premium,2023-11-08
CUST008130,Hitesh Dada,23,Female,Chennai,Regular,2025-11-02
CUST008131,Varenya Date,61,Male,Kolkata,Regular,2024-08-22
CUST008132,Falguni Ramesh,49,Female,Kolkata,Premium,2026-08-20
CUST008133,Thomas Kakar,34,Female,Hyderabad,Regular,2024-11-15
CUST008134,Zilmil Pandit,46,Female,Bengaluru,Premium,2026-05-30
CUST008135,Yochana Pau,34,Female,Pune,Regular,2025-10-12
CUST008136,Yauvani Cheema,52,Female,Chennai,New,2024-12-24
CUST008137,Wahab Sibal,20,Male,Delhi,Regular,2024-05-05
CUST008138,Charan Anand,58,Male,Ahmedabad,Premium,2025-05-27
CUST008139,Upma Khalsa,30,Male,Jaipur,Regular,2024-10-08
CUST008140,Chameli Malhotra,28,Female,Bengaluru,Regular,2023-12-27
CUST008141,Zayyan Mukherjee,59,Female,Ahmedabad,Regular,2023-11-02
CUST008142,Caleb Seth,33,Male,Mumbai,Regular,2024-05-16
CUST008143,Pooja Deshmukh,29,Female,Pune,New,2024-04-19
CUST008144,Bhavani Kata,41,Male,Bengaluru,Regular,2023-12-04
CUST008145,Isha Chopra,25,Female,Jaipur,New,2025-08-03
CUST008146,Azaan Lad,36,Female,Hyderabad,Regular,2023-09-20
CUST008147,Yutika Kadakia,22,Male,Bengaluru,New,2026-07-29
CUST008148,Chatura Shere,50,Male,Mumbai,Premium,2026-02-10
CUST008149,Januja Toor,52,Female,Chennai,Premium,2026-04-18
CUST008150,Shravya Tripathi,34,Male,Chennai,Regular,2025-11-15
CUST008151,Watika Narayan,23,Male,Ahmedabad,New,2024-06-06
CUST008152,Kritika Sood,64,Female,Pune,Premium,2024-11-23
CUST008153,Tejas Mohan,58,Male,Ahmedabad,New,2025-07-15
CUST008154,Vrinda Kade,23,Male,Pune,Premium,2022-11-25
CUST008155,Guneet Shukla,19,Male,Ahmedabad,Regular,2024-08-21
CUST008156,Girindra Hans,63,Female,Indore,Regular,2024-01-02
CUST008157,Aarnav Swamy,54,Male,Kolkata,Regular,2024-10-25
CUST008158,Lipika Dugar,29,Female,Indore,New,2023-04-16
CUST008159,Rudra Thaker,24,Female,Ahmedabad,Regular,2024-01-10
CUST008160,Agastya Keer,55,Female,Jaipur,Regular,2026-07-03
CUST008161,Nilima Oak,65,Male,Pune,New,2023-03-18
CUST008162,Caleb Grover,49,Female,Kolkata,Premium,2023-08-12
CUST008163,Lakshit Ramaswamy,38,Male,Bengaluru,Premium,2023-12-31
CUST008164,Nathan Shanker,54,Female,Hyderabad,Premium,2023-09-02
CUST008165,Ganga Dani,36,Male,Kolkata,Premium,2023-11-14
CUST008166,Nachiket Lala,34,Male,Hyderabad,Regular,2025-03-09
CUST008167,Raghav Dey,49,Male,Indore,Regular,2023-03-15
CUST008168,Amrita Subramaniam,28,Male,Kolkata,New,2024-09-23
CUST008169,Brinda Samra,55,Female,Delhi,Premium,2026-01-10
CUST008170,Bahadurjit Kibe,19,Male,Pune,New,2025-09-05
CUST008171,Dipta Pillai,63,Other,Indore,New,2024-02-15
CUST008172,Benjamin Dixit,61,Female,Kolkata,Regular,2022-10-25
CUST008173,Nirja Comar,46,Female,Indore,Regular,2024-08-28
CUST008174,Ethan Hayer,51,Female,Hyderabad,Regular,2024-06-08
CUST008175,Alka Patel,69,Female,Ahmedabad,Regular,2025-01-20
CUST008176,Upma Ramanathan,55,Male,Mumbai,Regular,2023-02-17
CUST008177,Hritik Krish,35,Male,Pune,New,2026-08-08
CUST008178,Manbir Sridhar,26,Male,Mumbai,Regular,2025-07-15
CUST008179,Omya Nair,44,Male,Bengaluru,Regular,2022-10-14
CUST008180,Nidhi Chauhan,69,Female,Chennai,Regular,2026-07-06
CUST008181,Om Doctor,61,Female,Pune,Regular,2026-07-06
CUST008182,Avi Patla,58,Female,Delhi,Regular,2024-04-19
CUST008183,Bhanumati Saini,29,Male,Hyderabad,New,2025-01-10
CUST008184,Yuvraj Agrawal,48,Female,Pune,Regular,2026-08-23
CUST008185,Kamala Pingle,57,Female,Ahmedabad,Regular,2024-01-14
CUST008186,Gaurangi Behl,47,Male,Indore,Regular,2023-03-12
CUST008187,Simon Natarajan,31,Female,Pune,Premium,2024-06-24
CUST008188,Xalak Tara,48,Female,Mumbai,Premium,2024-09-23
CUST008189,Tarak Kata,50,Male,Chennai,Regular,2025-05-28
CUST008190,Vinaya Rout,47,Female,Delhi,New,2026-04-22
CUST008191,David Lall,60,Female,Ahmedabad,Premium,2025-07-17
CUST008192,Balendra Balakrishnan,32,Female,Pune,Premium,2024-11-13
CUST008193,Yash Ratta,28,Female,Pune,Regular,2025-01-23
CUST008194,Lucky Samra,48,Male,Ahmedabad,Regular,2026-06-11
CUST008195,Qarin Gour,66,Female,Kolkata,New,2023-04-18
CUST008196,Sachi Prasad,69,Male,Hyderabad,New,2024-02-03
CUST008197,Nandini Chawla,39,Female,Bengaluru,Regular,2024-08-09
CUST008198,Rachana Shere,49,Male,Kolkata,Regular,2022-10-04
CUST008199,Harini Chokshi,40,Female,Ahmedabad,Regular,2023-05-24
CUST008200,Daksh Johal,67,Female,Hyderabad,Regular,2025-02-21
CUST008201,Zayyan More,43,Female,Mumbai,Regular,2025-04-05
CUST008202,Tanvi Sarin,55,Male,Pune,Premium,2025-03-16
CUST008203,Nihal Contractor,64,Female,Indore,Regular,2024-04-14
CUST008204,Ethan Hari,69,Male,Mumbai,Regular,2025-07-29
CUST008205,Vihaan Bora,43,Male,Chennai,Regular,2025-10-22
CUST008206,Krishna Din,68,Female,Delhi,Regular,2023-02-19
CUST008207,Geetika Kapur,61,Male,Bengaluru,New,2022-10-06
CUST008208,Frederick Dutta,41,Female,Chennai,Regular,2023-05-25
CUST008209,Brijesh Bhakta,26,Male,Ahmedabad,Regular,2026-06-23
CUST008210,Maanav Vaidya,42,Female,Jaipur,Premium,2023-08-26
CUST008211,Sai Mammen,67,Male,Ahmedabad,Regular,2023-06-07
CUST008212,Chatura Mutti,58,Male,Mumbai,Regular,2023-11-16
CUST008213,Vritti Wason,33,Female,Mumbai,Regular,2026-06-10
CUST008214,Ojas Dhillon,51,Female,Kolkata,New,2022-12-03
CUST008215,Rishi Dora,59,Female,Chennai,Regular,2023-05-02
CUST008216,Fariq Ganesh,37,Male,Delhi,Regular,2024-06-13
CUST008217,Bishakha Kuruvilla,35,Male,Bengaluru,New,2024-06-05
CUST008218,Jasmit Thakur,55,Female,Chennai,Regular,2025-02-14
CUST008219,Laksh Madan,40,Male,Pune,Regular,2024-09-29
CUST008220,Agastya Saha,21,Female,Hyderabad,Premium,2026-02-20
CUST008221,Pooja Lanka,39,Female,Ahmedabad,New,2024-07-12
CUST008222,Aarini Oommen,27,Female,Bengaluru,Regular,2023-05-30
CUST008223,Triya Kalla,60,Female,Kolkata,Premium,2024-08-01
CUST008224,Zashil Singh,66,Female,Delhi,New,2024-10-05
CUST008225,Akshay Sathe,56,Male,Bengaluru,New,2022-09-03
CUST008226,Omaja Nadkarni,68,Male,Bengaluru,Regular,2024-09-10
CUST008227,Tara Bera,60,Male,Jaipur,Regular,2024-07-03
CUST008228,Lucky Varkey,20,Female,Pune,Regular,2024-10-13
CUST008229,Michael Mohan,18,Male,Mumbai,Regular,2023-04-26
CUST008230,Darsh Deshpande,43,Male,Pune,New,2024-11-02
CUST008231,Nandini Bobal,51,Female,Hyderabad,Regular,2025-08-31
CUST008232,Aarini Dar,29,Female,Kolkata,Premium,2024-07-08
CUST008233,Aarav Om,26,Female,Ahmedabad,Regular,2023-06-29
CUST008234,Falan Varty,27,Male,Ahmedabad,Regular,2024-06-18
CUST008235,Gaurika Ram,67,Male,Pune,New,2025-10-03
CUST008236,Yutika Anne,40,Female,Hyderabad,Regular,2026-01-14
CUST008237,Falan Ratti,52,Female,Hyderabad,Regular,2024-04-07
CUST008238,Urmi Pillai,58,Male,Delhi,Regular,2025-05-12
CUST008239,Maanas Shukla,69,Male,Delhi,New,2025-02-19
CUST008240,Jatin Ghosh,37,Female,Kolkata,New,2025-11-23
CUST008241,Kiaan Patel,29,Male,Chennai,Premium,2023-09-03
CUST008242,Anamika Chacko,25,Female,Hyderabad,Regular,2026-03-23
CUST008243,Andrew Chad,43,Female,Chennai,Regular,2025-02-10
CUST008244,Advika Bahri,68,Female,Kolkata,New,2024-11-17
CUST008245,Aarnav Dani,45,Male,Indore,Regular,2024-08-30
CUST008246,Yoshita Ratta,28,Female,Ahmedabad,Premium,2024-09-21
CUST008247,Jeevika Garde,45,Male,Delhi,New,2022-10-29
CUST008248,Unni Chauhan,26,Female,Ahmedabad,Regular,2025-09-27
CUST008249,Urishilla Mangal,69,Male,Bengaluru,Premium,2022-11-27
CUST008250,Upkaar Kar,56,Female,Bengaluru,New,2024-06-18
CUST008251,Saanvi Raghavan,40,Male,Kolkata,Premium,2024-08-01
CUST008252,Chaaya Sachar,35,Female,Pune,Regular,2023-01-05
CUST008253,Falak Bhavsar,50,Female,Indore,Regular,2023-01-18
CUST008254,Aadi Behl,42,Male,Pune,Premium,2025-07-14
CUST008255,Charan Cherian,21,Female,Ahmedabad,Regular,2024-10-08
CUST008256,Ayaan Goda,44,Male,Chennai,Regular,2022-09-16
CUST008257,Chanakya Dixit,69,Male,Chennai,Regular,2024-02-20
CUST008258,Urvashi Gade,21,Female,Hyderabad,Regular,2025-07-29
CUST008259,Parth Bali,27,Male,Jaipur,Regular,2023-01-03
CUST008260,Orinder Singhal,37,Female,Ahmedabad,New,2024-03-17
CUST008261,Amruta Sharma,32,Male,Chennai,New,2025-07-11
CUST008262,Victor Sami,32,Female,Pune,Regular,2024-01-10
CUST008263,Dayamai Kumar,29,Female,Chennai,Premium,2026-03-12
CUST008264,Hiral Dora,29,Male,Chennai,Regular,2024-04-15
CUST008265,Noah Bhalla,19,Male,Bengaluru,New,2023-11-08
CUST008266,Nidhi Mane,63,Female,Indore,Regular,2023-02-20
CUST008267,Siddharth Sastry,65,Male,Pune,Regular,2023-11-25
CUST008268,Jeevika Chander,39,Male,Ahmedabad,New,2026-06-27
CUST008269,William Shanker,43,Male,Mumbai,Premium,2026-08-24
CUST008270,Sachi Sampath,20,Male,Chennai,Regular,2026-01-16
CUST008271,Sara Raghavan,55,Male,Pune,New,2024-12-04
CUST008272,Krisha Agrawal,66,Female,Jaipur,New,2026-03-21
CUST008273,Hemal Taneja,22,Male,Pune,Regular,2025-12-02
CUST008274,Tanvi Mitra,54,Female,Ahmedabad,Regular,2025-03-16
CUST008275,Janani Verma,40,Male,Hyderabad,Regular,2023-12-05
CUST008276,Zaitra Upadhyay,48,Male,Ahmedabad,Regular,2022-12-29
CUST008277,Anjali Banerjee,38,Male,Chennai,Regular,2024-11-06
CUST008278,Siddharth Nazareth,64,Male,Ahmedabad,New,2024-10-18
CUST008279,Onveer Mander,51,Female,Kolkata,Regular,2025-10-12
CUST008280,Ishani Sawhney,59,Male,Jaipur,New,2023-09-29
CUST008281,Ganga Bala,42,Male,Ahmedabad,Regular,2025-01-22
CUST008282,Shaurya Goswami,19,Male,Ahmedabad,Regular,2023-10-04
CUST008283,Yagnesh Nadig,32,Male,Mumbai,Regular,2023-04-11
CUST008284,Ikbal Chatterjee,57,Male,Delhi,Regular,2026-06-29
CUST008285,Gautam Bhandari,35,Female,Bengaluru,Regular,2026-07-14
CUST008286,Ekavir Warrior,48,Male,Bengaluru,Regular,2023-09-21
CUST008287,Panini Vaidya,25,Female,Ahmedabad,Regular,2025-04-02
CUST008288,Tristan Gandhi,28,Female,Indore,Regular,2022-12-25
CUST008289,Ishanvi Sabharwal,33,Male,Bengaluru,Regular,2023-02-27
CUST008290,Charles Setty,64,Female,Delhi,Regular,2025-09-25
CUST008291,Anvi Wali,56,Female,Bengaluru,Regular,2022-09-10
CUST008292,Nachiket Divan,53,Female,Kolkata,New,2025-06-14
CUST008293,Alka Dubey,60,Other,Kolkata,Regular,2024-02-17
CUST008294,Krish Anand,59,Male,Chennai,Regular,2024-01-31
CUST008295,Chaman Gade,61,Female,Bengaluru,Regular,2026-02-26
CUST008296,Harsh Dhaliwal,61,Female,Bengaluru,Regular,2022-12-06
CUST008297,Upma Kumer,68,Male,Jaipur,New,2025-03-31
CUST008298,Sanya Mody,59,Female,Mumbai,New,2024-04-20
CUST008299,Chaitaly Ghosh,65,Female,Pune,Regular,2025-02-21
CUST008300,Tamanna Chawla,41,Female,Hyderabad,Regular,2024-09-15
CUST008301,Urvi Gole,53,Female,Delhi,Regular,2023-01-01
CUST008302,Qushi Brar,56,Male,Chennai,New,2024-08-09
CUST008303,Xalak Nayar,21,Other,Jaipur,New,2024-12-07
CUST008304,Anika Padmanabhan,56,Male,Mumbai,Regular,2026-01-23
CUST008305,Pratyush Sampath,55,Female,Delhi,Regular,2024-07-21
CUST008306,Yahvi Vasa,64,Female,Pune,Regular,2025-06-02
CUST008307,Triya Singhal,39,Male,Jaipur,New,2024-01-24
CUST008308,Arya Narayan,51,Male,Indore,New,2024-11-02
CUST008309,Siya Menon,49,Other,Chennai,New,2022-12-14
CUST008310,Arunima Agrawal,68,Other,Indore,Premium,2023-02-24
CUST008311,Tanay Sagar,32,Male,Delhi,Regular,2026-06-12
CUST008312,Falguni Saran,62,Female,Bengaluru,New,2023-06-07
CUST008313,Gaurangi Bhatt,48,Male,Pune,Premium,2025-08-17
CUST008314,Zayan Puri,55,Female,Mumbai,New,2026-06-20
CUST008315,Zaitra Bala,36,Other,Mumbai,New,2023-02-17
CUST008316,Arya Wable,36,Male,Pune,Regular,2023-11-16
CUST008317,Varenya Kibe,25,Male,Ahmedabad,New,2024-06-14
CUST008318,Niharika Dani,20,Female,Bengaluru,Premium,2026-07-29
CUST008319,Jagvi Rout,19,Female,Hyderabad,Regular,2025-01-06
CUST008320,Laban Deo,58,Female,Bengaluru,Regular,2025-08-22
CUST008321,David Shroff,57,Female,Delhi,Regular,2022-10-11
CUST008322,Gautami Krishnan,38,Female,Indore,Regular,2024-11-11
CUST008323,Diya Kata,30,Male,Pune,Regular,2023-02-03
CUST008324,Bakhshi Deep,22,Male,Kolkata,Premium,2025-08-30
CUST008325,Shivani Mistry,27,Female,Pune,New,2023-09-07
CUST008326,Chatresh Kala,47,Female,Kolkata,Regular,2026-03-21
CUST008327,Patrick Swamy,62,Female,Ahmedabad,Regular,2022-12-11
CUST008328,Neel Mane,46,Female,Delhi,Regular,2023-12-05
CUST008329,Indira Sahota,53,Female,Pune,Regular,2023-06-17
CUST008330,Henry De,45,Female,Ahmedabad,New,2025-04-26
CUST008331,Shaurya Atwal,49,Female,Ahmedabad,Regular,2024-09-30
CUST008332,Vinaya Zacharia,36,Female,Chennai,New,2025-11-18
CUST008333,Megha Saha,57,Male,Bengaluru,New,2022-12-27
CUST008334,Chanchal Palan,47,Male,Chennai,Regular,2025-04-22
CUST008335,Yochana Rattan,31,Male,Indore,Regular,2024-04-05
CUST008336,Irya Sant,41,Male,Pune,Regular,2024-01-17
CUST008337,Fariq Virk,41,Male,Pune,Regular,2026-08-12
CUST008338,Noah Vig,21,Male,Ahmedabad,New,2023-05-29
CUST008339,Liam Borra,30,Male,Jaipur,Premium,2026-08-25
CUST008340,Lakshmi Sant,37,Male,Delhi,Regular,2025-02-21
CUST008341,Diya Mahajan,41,Male,Indore,Premium,2024-04-26
CUST008342,Parth Yadav,21,Female,Delhi,New,2024-10-16
CUST008343,Bhavini Sen,41,Female,Hyderabad,New,2026-06-01
CUST008344,Falguni Dube,69,Female,Hyderabad,New,2022-11-06
CUST008345,Fariq Kannan,25,Female,Jaipur,New,2026-03-25
CUST008346,Triveni Chand,53,Male,Hyderabad,New,2026-01-11
CUST008347,Shaurya Dutta,39,Female,Ahmedabad,New,2026-07-25
CUST008348,Sarthak Sankaran,63,Male,Mumbai,Regular,2024-04-12
CUST008349,Chaaya Date,30,Female,Ahmedabad,New,2026-01-03
CUST008350,Vasana Ramachandran,32,Male,Indore,Regular,2023-03-28
CUST008351,Hamsini Grewal,58,Male,Mumbai,Premium,2024-08-29
CUST008352,Turvi Radhakrishnan,67,Female,Ahmedabad,New,2022-10-13
CUST008353,Mason Ahuja,18,Female,Chennai,Regular,2024-10-22
CUST008354,Saumya Kara,19,Female,Pune,Premium,2026-03-12
CUST008355,Raksha Buch,53,Male,Kolkata,Regular,2025-10-26
CUST008356,Niharika Gopal,20,Male,Ahmedabad,Regular,2025-06-28
CUST008357,Tristan Lata,39,Male,Pune,Regular,2025-05-15
CUST008358,Jyoti Srinivasan,19,Male,Indore,Regular,2023-09-10
CUST008359,Pavani Ghose,69,Female,Jaipur,Regular,2023-06-24
CUST008360,Sneha Tata,22,Female,Mumbai,New,2025-05-25
CUST008361,Daksh Kumar,43,Female,Bengaluru,Regular,2024-01-24
CUST008362,Harinakshi Wali,53,Female,Delhi,New,2024-03-04
CUST008363,Tejas Bhat,31,Female,Ahmedabad,New,2023-03-12
CUST008364,Thomas Date,21,Female,Chennai,Regular,2023-05-20
CUST008365,Sara Bajaj,26,Male,Kolkata,New,2023-12-26
CUST008366,Aachal Barman,41,Male,Chennai,New,2025-11-26
CUST008367,Garima Oommen,47,Male,Indore,Regular,2024-02-04
CUST008368,Nirja Verma,65,Male,Delhi,Regular,2025-03-23
CUST008369,Shivani Shanker,60,Male,Kolkata,Regular,2025-06-02
CUST008370,Chaaya Chawla,42,Female,Delhi,Regular,2023-02-06
CUST008371,Vansha Yogi,54,Male,Indore,Premium,2026-04-16
CUST008372,Jagvi Sama,39,Female,Chennai,Premium,2025-05-15
CUST008373,Mugdha Sharma,37,Female,Delhi,Regular,2023-08-25
CUST008374,Hemal Rai,22,Female,Delhi,Regular,2025-03-31
CUST008375,Chameli Mallick,20,Female,Jaipur,Regular,2024-11-05
CUST008376,Raagini Tata,64,Male,Jaipur,New,2025-10-31
CUST008377,Sarthak Grover,52,Male,Ahmedabad,Regular,2025-09-07
CUST008378,Ekavir Gaba,32,Male,Indore,New,2023-11-12
CUST008379,Indira Warrior,63,Male,Delhi,Regular,2024-08-20
CUST008380,Ayush Anne,29,Female,Indore,Regular,2025-06-18
CUST008381,Neel Khare,23,Male,Indore,Premium,2025-07-16
CUST008382,Dhriti Mallick,53,Other,Pune,Premium,2023-05-04
CUST008383,Anvi Balay,49,Female,Mumbai,Regular,2024-09-25
CUST008384,Arjun Naidu,50,Female,Hyderabad,New,2023-07-15
CUST008385,Frederick Dave,38,Female,Jaipur,Regular,2025-09-18
CUST008386,Umang Konda,57,Female,Chennai,Premium,2025-02-08
CUST008387,Jacob Khurana,56,Male,Indore,Regular,2025-09-22
CUST008388,Gavin Prashad,65,Male,Indore,Regular,2023-04-09
CUST008389,Yug Parekh,62,Male,Chennai,Regular,2024-06-18
CUST008390,Ekani Borra,38,Male,Mumbai,Regular,2022-10-27
CUST008391,Jackson Pau,43,Male,Pune,New,2026-02-20
CUST008392,Samuel Shankar,37,Female,Bengaluru,Regular,2023-11-07
CUST008393,Eshana Raval,42,Female,Kolkata,Regular,2024-08-10
CUST008394,Kai Sengupta,41,Female,Bengaluru,Regular,2024-09-29
CUST008395,Yasti Sharma,19,Male,Bengaluru,Regular,2022-12-17
CUST008396,Lakshmi Pau,32,Male,Bengaluru,Regular,2025-03-30
CUST008397,Jhalak Shere,38,Female,Indore,Premium,2025-08-15
CUST008398,Ira Talwar,31,Female,Indore,Regular,2024-02-09
CUST008399,Kamala Pillai,31,Male,Indore,Premium,2022-10-07
CUST008400,Ekiya Khatri,57,Female,Ahmedabad,Regular,2025-08-02
CUST008401,Krish Butala,26,Male,Kolkata,Regular,2024-07-17
CUST008402,Charita Varkey,29,Male,Ahmedabad,Regular,2024-03-17
CUST008403,Falan Kapur,51,Female,Mumbai,New,2025-04-24
CUST008404,Naveen Munshi,37,Female,Ahmedabad,Regular,2023-03-20
CUST008405,Luke Bhatia,18,Female,Delhi,Regular,2024-08-01
CUST008406,Falan Ramesh,60,Male,Kolkata,Regular,2025-06-03
CUST008407,Gopal Bhavsar,37,Female,Hyderabad,Regular,2025-04-03
CUST008408,George Mistry,44,Male,Delhi,New,2026-03-13
CUST008409,Vyanjana Merchant,26,Other,Hyderabad,Premium,2025-09-05
CUST008410,Ekaja Dixit,33,Male,Chennai,Regular,2022-11-30
CUST008411,Banjeet Deshmukh,44,Female,Chennai,Regular,2024-09-02
CUST008412,Adweta Sheth,49,Male,Delhi,Premium,2023-07-09
CUST008413,Yochana Dhaliwal,63,Male,Kolkata,Regular,2023-12-08
CUST008414,Ranbir Patil,19,Female,Pune,Regular,2025-07-25
CUST008415,Orinder Chand,38,Female,Indore,Regular,2025-12-31
CUST008416,Bhavani Mangal,35,Male,Pune,Regular,2022-09-12
CUST008417,Sai Sarin,66,Male,Indore,Regular,2023-08-26
CUST008418,Anthony Krishna,41,Female,Kolkata,Regular,2023-01-16
CUST008419,Gaurang Barad,48,Male,Pune,Regular,2024-03-12
CUST008420,Irya Sridhar,33,Other,Jaipur,Regular,2025-02-02
CUST008421,Darsh Bala,23,Female,Bengaluru,Regular,2023-11-10
CUST008422,Zayyan Chakrabarti,45,Female,Kolkata,Regular,2023-03-28
CUST008423,Mitesh Nair,68,Male,Bengaluru,New,2023-12-11
CUST008424,Abhiram Chadha,20,Other,Ahmedabad,New,2025-01-05
CUST008425,Ishaan Jani,66,Female,Chennai,Regular,2026-01-22
CUST008426,Viraj Lala,44,Female,Chennai,Regular,2026-01-24
CUST008427,Urvashi Biswas,28,Male,Hyderabad,Regular,2023-07-08
CUST008428,Rachana Goda,45,Male,Jaipur,Regular,2026-06-15
CUST008429,Prisha Sagar,42,Male,Hyderabad,Regular,2023-01-11
CUST008430,Wakeeta Khare,44,Female,Indore,Premium,2023-11-23
CUST008431,Jack Dada,31,Other,Delhi,Regular,2023-04-20
CUST008432,Noah Chadha,18,Male,Pune,New,2026-05-31
CUST008433,Yadavi Chacko,44,Female,Mumbai,Regular,2023-08-11
CUST008434,George Mann,49,Other,Chennai,New,2025-03-05
CUST008435,Bakhshi Gaba,39,Male,Pune,Regular,2025-04-15
CUST008436,Ekaraj Raghavan,40,Female,Delhi,Regular,2025-07-16
CUST008437,Chasmum Patel,55,Male,Ahmedabad,Regular,2023-05-01
CUST008438,Jackson Chokshi,28,Female,Hyderabad,Premium,2025-07-14
CUST008439,Yochana Dube,56,Male,Indore,Regular,2022-12-15
CUST008440,Rehaan Nagi,60,Male,Kolkata,Regular,2024-04-29
CUST008441,Girindra Sathe,57,Female,Mumbai,New,2023-04-21
CUST008442,Raagini Rastogi,63,Male,Pune,Regular,2024-09-26
CUST008443,Charita Biswas,58,Female,Hyderabad,Regular,2026-07-14
CUST008444,Frederick Apte,64,Male,Jaipur,Regular,2026-04-23
CUST008445,George Contractor,23,Female,Hyderabad,New,2026-06-08
CUST008446,Bina Banik,31,Female,Jaipur,Regular,2024-01-09
CUST008447,Isaac Khare,41,Male,Ahmedabad,Premium,2025-09-23
CUST008448,Nathan Bajaj,18,Male,Ahmedabad,Regular,2025-11-26
CUST008449,Anita Lall,58,Male,Delhi,Regular,2025-03-06
CUST008450,Qushi Bala,62,Male,Chennai,Regular,2024-10-02
CUST008451,Aahana Venkataraman,41,Female,Ahmedabad,Regular,2024-09-04
CUST008452,Hemani Bhardwaj,22,Female,Jaipur,Regular,2026-03-04
CUST008453,Sudiksha Palan,49,Male,Indore,Regular,2025-11-07
CUST008454,Ishita Sharaf,48,Female,Delhi,Regular,2023-04-22
CUST008455,Faqid Purohit,30,Male,Ahmedabad,Regular,2025-11-15
CUST008456,Jacob Ramesh,40,Female,Kolkata,Regular,2022-10-08
CUST008457,Widisha Thakur,60,Male,Bengaluru,Regular,2025-10-03
CUST008458,Girik Bhakta,62,Male,Bengaluru,New,2024-01-01
CUST008459,Azaan Guha,69,Female,Hyderabad,Regular,2025-11-21
CUST008460,Samesh Bhasin,46,Female,Kolkata,Regular,2024-06-18
CUST008461,Triya Bajaj,58,Female,Chennai,New,2022-09-19
CUST008462,Avni Rau,35,Female,Jaipur,Regular,2026-07-18
CUST008463,Mekhala Korpal,29,Female,Kolkata,Regular,2026-04-27
CUST008464,Yug Kamdar,24,Male,Hyderabad,Premium,2025-08-04
CUST008465,Daniel Balakrishnan,27,Male,Bengaluru,Regular,2024-10-03
CUST008466,Eesha Virk,67,Male,Indore,New,2026-02-20
CUST008467,Avi Tandon,45,Female,Hyderabad,Regular,2026-05-06
CUST008468,Anusha Bava,52,Male,Bengaluru,Regular,2025-01-14
CUST008469,Rudra Krish,51,Male,Chennai,Regular,2023-06-08
CUST008470,Chanchal Kale,32,Male,Pune,Regular,2026-04-01
CUST008471,Nidra Nazareth,18,Female,Indore,Premium,2026-06-10
CUST008472,Chaaya Mangal,53,Male,Jaipur,Regular,2026-05-29
CUST008473,Onveer Kohli,55,Female,Chennai,New,2024-08-25
CUST008474,Abdul Tailor,28,Female,Hyderabad,Regular,2023-06-14
CUST008475,Ekta Dhaliwal,64,Female,Mumbai,Regular,2025-07-29
CUST008476,Geetika Mahal,35,Male,Delhi,Regular,2024-03-04
CUST008477,Isaiah Kakar,22,Male,Kolkata,Regular,2025-04-18
CUST008478,Osha Bajwa,33,Male,Mumbai,Regular,2023-07-28
CUST008479,Zilmil Gandhi,24,Female,Delhi,Regular,2025-12-20
CUST008480,Priya Tandon,55,Female,Mumbai,Premium,2024-12-18
CUST008481,Vrinda Hayre,25,Male,Mumbai,Regular,2024-05-05
CUST008482,Maanav Khosla,48,Female,Pune,New,2024-12-02
CUST008483,Bachittar Kuruvilla,39,Female,Bengaluru,Regular,2025-08-12
CUST008484,Nisha Kumer,42,Male,Hyderabad,New,2024-07-10
CUST008485,Zilmil Mukhopadhyay,46,Female,Jaipur,Regular,2024-06-01
CUST008486,Anusha Varughese,65,Male,Ahmedabad,New,2024-06-28
CUST008487,Amaira Chaudhari,57,Male,Pune,Regular,2024-04-30
CUST008488,Vritti Chakrabarti,44,Male,Indore,Regular,2023-03-19
CUST008489,Mugdha Kari,20,Male,Pune,Regular,2023-02-09
CUST008490,Gaurangi Pai,34,Male,Pune,New,2026-06-11
CUST008491,Riya Srivastava,34,Female,Indore,Regular,2024-05-10
CUST008492,Jairaj Lad,52,Female,Mumbai,Regular,2024-03-07
CUST008493,Aayush Varghese,60,Male,Indore,Regular,2023-02-05
CUST008494,Amruta Kulkarni,18,Female,Indore,New,2026-01-21
CUST008495,Kala Sarna,59,Male,Delhi,Regular,2023-06-01
CUST008496,Devika Kala,65,Female,Pune,Regular,2025-08-25
CUST008497,Ekapad Bora,42,Male,Ahmedabad,Regular,2024-06-02
CUST008498,Jagat Chaudry,45,Female,Mumbai,Regular,2023-12-18
CUST008499,Azaan Issac,53,Female,Ahmedabad,Regular,2026-05-23
CUST008500,Faqid Chakraborty,54,Female,Indore,Regular,2024-11-08
CUST008501,Mugdha Bains,19,Female,Jaipur,Regular,2025-12-26
CUST008502,Harita Nori,50,Other,Bengaluru,New,2025-09-03
CUST008503,Ladli Panchal,19,Male,Hyderabad,Regular,2026-07-12
CUST008504,Parth Rao,61,Male,Indore,Regular,2024-10-14
CUST008505,Ladli Toor,67,Female,Chennai,Regular,2025-11-10
CUST008506,Vincent Tata,48,Male,Indore,Regular,2024-07-31
CUST008507,Amara Bala,25,Male,Chennai,New,2023-07-03
CUST008508,Anjali Murty,33,Male,Kolkata,Regular,2023-11-08
CUST008509,Irya Roy,58,Female,Delhi,Regular,2026-01-04
CUST008510,Ayush Andra,64,Female,Pune,New,2023-08-22
CUST008511,Gabriel Chanda,49,Male,Bengaluru,Regular,2025-03-19
CUST008512,Laksh Doshi,51,Other,Hyderabad,Regular,2024-10-08
CUST008513,Thomas Virk,52,Female,Delhi,Regular,2024-04-04
CUST008514,Amara Dass,36,Male,Kolkata,Regular,2025-08-05
CUST008515,Sai Johal,26,Female,Delhi,Regular,2024-04-26
CUST008516,Jhalak Bhakta,58,Female,Chennai,Premium,2025-02-16
CUST008517,Shravya Bail,23,Male,Delhi,New,2026-01-07
CUST008518,Aarna Balan,20,Female,Bengaluru,Regular,2025-12-24
CUST008519,Niharika Patel,38,Female,Jaipur,Regular,2022-10-19
CUST008520,Ekaraj Gulati,26,Female,Delhi,Regular,2024-05-29
CUST008521,Anirudh Khosla,28,Male,Mumbai,Regular,2023-10-30
CUST008522,Anita Gulati,23,Male,Kolkata,Regular,2026-05-13
CUST008523,Ubika Bandi,27,Male,Delhi,New,2022-09-22
CUST008524,Orinder Sur,19,Female,Ahmedabad,Regular,2026-08-09
CUST008525,Gautami Dash,41,Male,Pune,Regular,2023-12-15
CUST008526,Isha Kumer,31,Male,Ahmedabad,Regular,2023-11-14
CUST008527,Priya Narayan,62,Female,Kolkata,Regular,2023-11-28
CUST008528,Frado Soni,32,Female,Pune,Regular,2026-03-29
CUST008529,Radhika De,55,Male,Chennai,Regular,2024-09-04
CUST008530,Om Tella,57,Male,Mumbai,Regular,2022-09-10
CUST008531,Isaac Sachdeva,37,Other,Mumbai,Regular,2026-08-13
CUST008532,Sanya Jayaraman,50,Male,Jaipur,Premium,2023-10-23
CUST008533,Triya Mane,35,Male,Ahmedabad,Premium,2025-08-15
CUST008534,Qarin Kaur,28,Male,Kolkata,Regular,2023-12-28
CUST008535,Nimrat Kala,32,Male,Chennai,Regular,2024-12-31
CUST008536,Nicholas Sami,31,Male,Jaipur,Regular,2023-11-04
CUST008537,Gavin Batra,44,Male,Delhi,Regular,2022-11-19
CUST008538,Sai Arya,42,Female,Bengaluru,New,2024-08-20
CUST008539,Jeremiah Mander,67,Female,Pune,Regular,2025-05-13
CUST008540,Saumya Ravel,24,Male,Chennai,Premium,2022-12-23
CUST008541,Banjeet Madan,42,Male,Chennai,New,2026-05-17
CUST008542,Baghyawati Chana,25,Male,Delhi,New,2025-08-18
CUST008543,Oscar Korpal,61,Female,Mumbai,Regular,2023-12-28
CUST008544,Mason Jaggi,37,Male,Bengaluru,New,2025-05-19
CUST008545,Vasudha Gara,55,Female,Kolkata,New,2025-07-11
CUST008546,Jagrati Ravi,57,Female,Kolkata,Regular,2025-06-16
CUST008547,Jeet Joshi,37,Male,Mumbai,New,2022-11-11
CUST008548,Oeshi Nanda,30,Male,Indore,New,2024-04-07
CUST008549,Tanmayi Sodhi,29,Female,Mumbai,Regular,2023-01-24
CUST008550,Harita Vasa,26,Male,Kolkata,Regular,2025-01-15
CUST008551,Dhruv Vohra,27,Male,Bengaluru,New,2026-05-04
CUST008552,Baljiwan Vig,19,Male,Chennai,Premium,2026-01-07
CUST008553,Elijah Agate,60,Male,Chennai,Regular,2024-09-24
CUST008554,Jack Saha,41,Male,Ahmedabad,Regular,2023-03-02
CUST008555,Charita Rattan,52,Male,Chennai,Premium,2023-10-03
CUST008556,Lakshmi Bumb,27,Male,Jaipur,Premium,2023-02-05
CUST008557,Darpan Shankar,36,Male,Pune,Regular,2024-03-15
CUST008558,Orinder Mittal,26,Male,Pune,Regular,2026-05-16
CUST008559,Simon Varty,60,Male,Delhi,Regular,2026-07-23
CUST008560,Qasim Khosla,27,Female,Jaipur,New,2024-10-09
CUST008561,Brinda Tandon,45,Male,Kolkata,New,2024-08-10
CUST008562,Daksh Singh,58,Female,Delhi,New,2025-01-15
CUST008563,Manan Oak,22,Female,Pune,Regular,2023-09-09
CUST008564,Gaurika Chandran,63,Female,Delhi,Regular,2023-04-29
CUST008565,Azaan Gade,19,Male,Mumbai,Premium,2025-11-13
CUST008566,Nidra Subramanian,36,Female,Mumbai,Regular,2025-02-02
CUST008567,Nilima Ravi,66,Female,Kolkata,New,2024-05-29
CUST008568,Manbir Sani,42,Male,Pune,Premium,2024-03-11
CUST008569,Tanveer Patel,30,Male,Kolkata,Regular,2024-08-11
CUST008570,Nimrat Mohanty,50,Female,Delhi,Regular,2024-05-15
CUST008571,Ikbal Agarwal,28,Male,Delhi,Regular,2026-03-08
CUST008572,Ranbir Sodhi,67,Female,Pune,Regular,2022-09-12
CUST008573,Sanya Batra,26,Male,Mumbai,New,2026-02-08
CUST008574,Vinaya Venkatesh,52,Male,Kolkata,Regular,2025-12-17
CUST008575,Yauvani Saha,62,Female,Jaipur,Regular,2026-07-26
CUST008576,Umang Gala,33,Female,Hyderabad,Regular,2022-10-24
CUST008577,Bakhshi Varma,37,Female,Pune,New,2023-08-28
CUST008578,Yamini Madan,18,Male,Bengaluru,Regular,2025-03-08
CUST008579,Radhika Swamy,67,Female,Delhi,Regular,2025-09-24
CUST008580,Ria Rout,28,Female,Indore,Regular,2026-08-18
CUST008581,Nimrat Palan,34,Male,Mumbai,Premium,2022-11-29
CUST008582,Bhavini Luthra,38,Male,Pune,New,2026-02-10
CUST008583,Megha Nadig,21,Female,Ahmedabad,Premium,2024-07-15
CUST008584,Prisha Sinha,47,Male,Ahmedabad,New,2024-05-03
CUST008585,Anya Chakraborty,56,Male,Kolkata,Regular,2025-12-12
CUST008586,Yadavi Chauhan,43,Female,Mumbai,Regular,2024-07-22
CUST008587,Wishi Sood,69,Male,Jaipur,Premium,2025-02-10
CUST008588,Aarush Baria,49,Female,Mumbai,Regular,2023-06-26
CUST008589,Gauri Deo,19,Male,Mumbai,Regular,2025-11-13
CUST008590,Darsh Grewal,28,Male,Pune,New,2024-07-08
CUST008591,Mekhala Kara,48,Female,Delhi,Premium,2022-11-27
CUST008592,Jeremiah Ramachandran,30,Male,Delhi,Regular,2025-06-24
CUST008593,Hemani Garg,22,Male,Ahmedabad,Regular,2026-08-07
CUST008594,Saanvi Kapoor,23,Female,Ahmedabad,Regular,2023-09-08
CUST008595,Bachittar Shenoy,58,Male,Hyderabad,New,2025-11-11
CUST008596,Balveer Raj,48,Female,Kolkata,Premium,2023-08-16
CUST008597,Gabriel Sant,62,Male,Indore,New,2024-11-05
CUST008598,Manan Dixit,33,Male,Mumbai,Regular,2023-10-25
CUST008599,Mugdha Srinivas,38,Female,Bengaluru,Regular,2024-03-22
CUST008600,Jeremiah Oommen,63,Male,Bengaluru,New,2025-09-01
CUST008601,Vasatika Bakshi,68,Male,Jaipur,Premium,2022-12-03
CUST008602,Shaurya Ratta,26,Female,Indore,Premium,2025-09-25
CUST008603,Sathvik Hari,54,Female,Kolkata,Regular,2023-03-28
CUST008604,Radha Kashyap,42,Female,Indore,Premium,2023-08-01
CUST008605,Kai Doctor,34,Female,Kolkata,Regular,2024-12-03
CUST008606,Mugdha Dutta,47,Male,Indore,Regular,2025-12-12
CUST008607,Udyati Dey,38,Male,Pune,Regular,2026-06-19
CUST008608,Widisha Goda,63,Female,Ahmedabad,New,2023-06-14
CUST008609,Sarthak Chaudry,69,Female,Ahmedabad,Premium,2022-10-22
CUST008610,Veer Sinha,18,Other,Jaipur,Regular,2026-03-01
CUST008611,Abhimanyu Muni,35,Male,Hyderabad,New,2023-04-07
CUST008612,Zayan Bandi,23,Female,Hyderabad,Regular,2023-07-12
CUST008613,Advay Loke,61,Female,Kolkata,New,2023-07-01
CUST008614,Viraj Hegde,46,Female,Bengaluru,New,2025-07-24
CUST008615,Yoshita Kade,27,Female,Chennai,New,2024-12-04
CUST008616,Jeevika Rastogi,21,Male,Ahmedabad,New,2025-05-10
CUST008617,Joshua Parsa,25,Female,Chennai,Premium,2025-05-28
CUST008618,Advik Luthra,30,Female,Mumbai,New,2024-08-19
CUST008619,Ria Chaudhuri,67,Female,Pune,New,2025-03-06
CUST008620,Ishaan Sood,49,Male,Kolkata,Regular,2024-06-12
CUST008621,Amol Raju,63,Female,Indore,Regular,2023-12-01
CUST008622,Ishanvi Mohanty,33,Male,Indore,Regular,2023-12-11
CUST008623,Gopal Pillai,40,Male,Bengaluru,Regular,2024-09-27
CUST008624,Ubika Dugar,61,Female,Chennai,Regular,2024-07-04
CUST008625,Ayushman Naidu,65,Female,Mumbai,Regular,2023-07-15
CUST008626,Shravya Hora,48,Male,Jaipur,New,2025-05-31
CUST008627,Janani Jayaraman,27,Male,Bengaluru,Regular,2023-10-11
CUST008628,Tanay Barad,51,Male,Delhi,Regular,2023-08-07
CUST008629,Upadhriti Vasa,23,Male,Delhi,Regular,2026-04-29
CUST008630,Siddharth Buch,28,Male,Mumbai,Regular,2025-08-10
CUST008631,Arin Khanna,28,Female,Bengaluru,Regular,2023-05-12
CUST008632,Yashvi Prasad,25,Male,Indore,Premium,2025-11-17
CUST008633,Hemani Patil,32,Female,Kolkata,Regular,2025-12-21
CUST008634,Ayushman Datta,63,Female,Chennai,New,2024-01-26
CUST008635,Meghana Sarin,50,Male,Indore,Regular,2024-07-03
CUST008636,Balhaar Rau,54,Female,Delhi,Regular,2025-05-28
CUST008637,Udant Mishra,39,Male,Pune,Premium,2024-10-04
CUST008638,Urishilla Chander,56,Male,Ahmedabad,Regular,2026-05-12
CUST008639,Priya Koshy,50,Female,Indore,New,2023-04-07
CUST008640,Gaurav Acharya,66,Male,Delhi,New,2023-08-23
CUST008641,Qasim Mukherjee,53,Female,Kolkata,Regular,2023-04-13
CUST008642,Lakshmi Ganguly,45,Female,Jaipur,Regular,2023-04-23
CUST008643,Eshana Pandey,64,Female,Hyderabad,Premium,2025-01-24
CUST008644,Wyatt Sathe,68,Male,Pune,Regular,2023-11-30
CUST008645,Oeshi Kari,34,Male,Chennai,New,2025-03-12
CUST008646,Gayathri Mani,69,Female,Jaipur,Regular,2022-09-09
CUST008647,Ijaya Nagi,30,Male,Kolkata,Regular,2026-01-03
CUST008648,Oeshi Pathak,50,Female,Pune,Premium,2024-07-05
CUST008649,Rushil Borde,30,Female,Kolkata,Regular,2024-08-28
CUST008650,Yochana Swaminathan,47,Female,Chennai,Regular,2023-08-01
CUST008651,Chatresh Doctor,59,Male,Jaipur,Premium,2025-10-18
CUST008652,Amol Dhingra,39,Female,Mumbai,Regular,2025-10-15
CUST008653,Samar Rai,56,Male,Bengaluru,New,2025-07-07
CUST008654,Timothy Ganesh,61,Other,Kolkata,Regular,2024-02-25
CUST008655,Triya Jayaraman,38,Male,Jaipur,Regular,2025-09-20
CUST008656,Onkar Jayaraman,57,Male,Kolkata,Regular,2023-11-14
CUST008657,Amrita Kala,65,Male,Kolkata,Regular,2025-03-15
CUST008658,Pooja Raman,31,Male,Mumbai,Regular,2022-09-05
CUST008659,Jatin Bandi,62,Female,Mumbai,Premium,2025-03-23
CUST008660,Chasmum Venkataraman,58,Other,Hyderabad,Premium,2024-06-28
CUST008661,Arin Sathe,37,Female,Delhi,Regular,2023-07-17
CUST008662,Odika More,22,Male,Mumbai,Premium,2023-12-14
CUST008663,Rudra Singh,44,Male,Hyderabad,Regular,2024-11-04
CUST008664,Janani Mammen,69,Male,Jaipur,Regular,2023-01-17
CUST008665,Raagini Bhardwaj,53,Female,Bengaluru,Regular,2026-01-02
CUST008666,Rudra Tandon,42,Male,Mumbai,Premium,2023-01-26
CUST008667,Brinda Pau,57,Female,Chennai,Regular,2025-05-16
CUST008668,Akshay Mangal,43,Male,Jaipur,Regular,2024-02-23
CUST008669,Yatin Magar,20,Male,Ahmedabad,Regular,2024-06-09
CUST008670,Charita Kumer,36,Female,Hyderabad,Premium,2026-07-19
CUST008671,Tanay Kaur,31,Female,Bengaluru,Regular,2024-12-14
CUST008672,Dakshesh Nanda,39,Female,Delhi,Regular,2023-03-20
CUST008673,Garima Ramachandran,19,Male,Bengaluru,Regular,2024-07-07
CUST008674,Gagan Halder,45,Male,Indore,Regular,2024-07-16
CUST008675,Shivani Savant,24,Female,Hyderabad,Regular,2023-01-16
CUST008676,Sai Mahal,65,Male,Hyderabad,Premium,2023-09-14
CUST008677,Isha Bassi,21,Male,Indore,New,2025-03-27
CUST008678,Yashoda Nagar,62,Female,Kolkata,Regular,2025-04-16
CUST008679,Yahvi Baria,48,Female,Hyderabad,Regular,2024-05-03
CUST008680,Ekiya Bhardwaj,64,Female,Delhi,Regular,2023-04-18
CUST008681,Chakradev Vaidya,57,Female,Ahmedabad,Regular,2026-04-26
CUST008682,Avni Ramaswamy,46,Female,Chennai,Regular,2026-01-26
CUST008683,Alka Kapadia,66,Male,Kolkata,New,2023-12-05
CUST008684,Ishita Krishnamurthy,47,Female,Chennai,Premium,2024-11-26
CUST008685,Forum Goel,23,Male,Pune,Regular,2023-02-19
CUST008686,Harsh Parekh,68,Female,Pune,Premium,2024-04-24
CUST008687,Wahab Thaman,39,Male,Pune,New,2024-07-30
CUST008688,Abdul Verma,63,Female,Indore,Regular,2024-12-24
CUST008689,Shaurya Narayanan,68,Male,Bengaluru,Regular,2026-05-08
CUST008690,Oni Mannan,60,Male,Jaipur,Regular,2024-04-13
CUST008691,Aadi Mistry,42,Male,Indore,New,2025-02-26
CUST008692,Simon Sood,60,Female,Pune,Regular,2024-05-15
CUST008693,Ridhi Majumdar,55,Female,Jaipur,Regular,2024-08-11
CUST008694,Jason Bumb,32,Female,Ahmedabad,Regular,2024-06-20
CUST008695,Quincy Goel,66,Male,Pune,Regular,2023-02-24
CUST008696,Chaitanya Khanna,47,Female,Delhi,Regular,2025-10-01
CUST008697,Dhriti Panchal,54,Male,Pune,Regular,2025-01-01
CUST008698,Yadavi Boase,67,Other,Mumbai,Regular,2025-05-16
CUST008699,Brijesh Mittal,64,Male,Hyderabad,Regular,2023-03-07
CUST008700,Timothy Kale,32,Female,Chennai,Regular,2023-07-31
CUST008701,Karan Sagar,42,Female,Pune,New,2025-09-12
CUST008702,Aarav Chaudhry,45,Female,Kolkata,Regular,2026-02-14
CUST008703,Yutika Murthy,29,Male,Ahmedabad,New,2024-01-01
CUST008704,Atharv Ganesh,63,Male,Delhi,Regular,2025-02-24
CUST008705,Vasatika Hans,51,Female,Indore,Regular,2026-01-06
CUST008706,Hitesh Balasubramanian,25,Male,Ahmedabad,Regular,2022-12-13
CUST008707,Chaitaly Pandya,33,Female,Delhi,Regular,2026-04-19
CUST008708,Girindra Chanda,69,Female,Delhi,Regular,2026-07-14
CUST008709,Christopher Rajan,23,Female,Mumbai,Premium,2025-11-02
CUST008710,Chakrika D’Alia,50,Female,Pune,New,2023-06-19
CUST008711,Kashvi Bansal,23,Female,Indore,Regular,2026-05-22
CUST008712,Gayathri Dara,68,Female,Indore,Regular,2025-02-08
CUST008713,Tristan Sabharwal,26,Female,Kolkata,Regular,2024-12-02
CUST008714,Finn Thaker,30,Male,Hyderabad,Regular,2024-07-01
CUST008715,Faraj Subramanian,68,Male,Pune,Regular,2022-09-10
CUST008716,Deepa Divan,63,Female,Delhi,Regular,2025-03-14
CUST008717,Nicholas Pau,53,Male,Bengaluru,Regular,2022-09-24
CUST008718,Harrison Sami,59,Female,Pune,Regular,2023-01-06
CUST008719,Thomas Johal,18,Male,Indore,Regular,2026-02-11
CUST008720,Falan Hayer,26,Other,Indore,Regular,2023-11-06
CUST008721,Nihal Deshmukh,35,Male,Jaipur,Regular,2022-11-02
CUST008722,Benjamin Ben,61,Male,Chennai,Regular,2026-03-05
CUST008723,Vanya Bora,49,Female,Indore,Regular,2026-08-21
CUST008724,Warhi Patil,63,Female,Mumbai,Regular,2024-11-17
CUST008725,Lekha Dubey,59,Female,Jaipur,Premium,2025-09-14
CUST008726,Aadhya Zachariah,37,Female,Kolkata,Regular,2022-09-08
CUST008727,Mugdha Cherian,27,Male,Mumbai,Premium,2022-12-13
CUST008728,Oeshi Deep,52,Female,Indore,Regular,2025-09-21
CUST008729,Victor Bhargava,39,Male,Hyderabad,New,2024-04-23
CUST008730,Ethan Sanghvi,67,Male,Ahmedabad,Regular,2024-01-04
CUST008731,Girik Ganguly,61,Female,Chennai,Regular,2023-02-16
CUST008732,Raagini Bava,61,Female,Kolkata,Premium,2026-03-12
CUST008733,Finn Dara,35,Male,Ahmedabad,New,2025-06-30
CUST008734,Victor Kant,46,Male,Delhi,Regular,2023-06-28
CUST008735,Qabil Nair,49,Male,Hyderabad,Regular,2024-03-05
CUST008736,Krishna Bhargava,55,Male,Delhi,Regular,2024-06-25
CUST008737,Timothy Contractor,37,Male,Hyderabad,Regular,2026-01-08
CUST008738,Harita Sani,58,Male,Pune,Regular,2025-01-07
CUST008739,Anmol Ram,44,Male,Jaipur,New,2025-05-08
CUST008740,Nidhi Bava,44,Female,Chennai,Premium,2023-11-19
CUST008741,Azaan Padmanabhan,69,Male,Kolkata,Regular,2023-05-09
CUST008742,Dhruv Dhaliwal,50,Other,Bengaluru,Regular,2025-11-13
CUST008743,Teerth Sami,60,Male,Pune,Regular,2022-09-07
CUST008744,Nidhi Mahal,21,Male,Chennai,Regular,2025-12-16
CUST008745,Agastya Kulkarni,63,Male,Pune,Regular,2023-09-29
CUST008746,Brijesh Borra,53,Male,Pune,Regular,2025-08-07
CUST008747,Harsh Kunda,39,Male,Kolkata,New,2022-10-27
CUST008748,Anjali Sandal,65,Male,Hyderabad,Regular,2025-01-21
CUST008749,Adya Mand,36,Male,Ahmedabad,Premium,2025-01-24
CUST008750,Ayushman Raval,21,Male,Chennai,Regular,2022-09-15
CUST008751,Yachana Banerjee,38,Male,Ahmedabad,New,2024-06-02
CUST008752,Tanmayi Lala,50,Female,Kolkata,Premium,2024-02-08
CUST008753,Rachana Kannan,39,Male,Indore,Regular,2025-07-26
CUST008754,Banjeet Sur,51,Female,Pune,New,2023-10-03
CUST008755,Anusha Brar,37,Male,Pune,Premium,2023-12-15
CUST008756,Amol Mannan,27,Female,Indore,Regular,2025-04-18
CUST008757,Suhani Savant,20,Male,Kolkata,New,2026-07-09
CUST008758,Praneel Mutti,55,Male,Kolkata,Regular,2026-04-07
CUST008759,Bhavna Sha,21,Female,Jaipur,Regular,2024-05-21
CUST008760,Frederick Pai,54,Female,Indore,Regular,2023-06-28
CUST008761,Gopal Raman,33,Male,Indore,New,2026-08-25
CUST008762,Warhi Dewan,40,Female,Chennai,Regular,2024-11-20
CUST008763,Jatin Singh,39,Female,Indore,New,2023-11-27
CUST008764,Zilmil Nagarajan,57,Female,Indore,Regular,2025-02-18
CUST008765,Krish Ram,40,Male,Hyderabad,Regular,2023-03-18
CUST008766,Lipika Chad,26,Female,Ahmedabad,Regular,2023-03-04
CUST008767,Lila Devan,57,Female,Delhi,New,2025-12-05
CUST008768,Radhika Anand,64,Male,Ahmedabad,Regular,2025-12-04
CUST008769,Darika Vig,24,Male,Mumbai,Regular,2023-03-15
CUST008770,Mugdha Sachar,28,Male,Pune,Regular,2024-09-17
CUST008771,Jeet Randhawa,52,Male,Indore,New,2024-03-25
CUST008772,Nakul Tank,46,Female,Indore,New,2025-10-30
CUST008773,Chakrika Basu,33,Female,Indore,Regular,2023-05-01
CUST008774,Januja Tank,59,Female,Hyderabad,Premium,2023-03-22
CUST008775,Gabriel Divan,31,Female,Delhi,Regular,2024-01-11
CUST008776,Anusha Gola,50,Other,Kolkata,Premium,2023-07-10
CUST008777,Max Om,64,Female,Jaipur,New,2026-03-06
CUST008778,Bahadurjit Acharya,24,Male,Pune,Regular,2024-11-15
CUST008779,Dayamai Ramakrishnan,64,Female,Indore,Premium,2026-05-24
CUST008780,Sneha Gole,21,Male,Ahmedabad,Regular,2023-02-12
CUST008781,Daksh Nori,22,Female,Pune,New,2025-12-11
CUST008782,Abhiram Parsa,48,Male,Kolkata,Regular,2026-07-09
CUST008783,Ganga Issac,30,Female,Mumbai,Regular,2025-12-03
CUST008784,Raghav Dani,55,Female,Delhi,Regular,2024-11-06
CUST008785,Kamya Sachdev,62,Female,Mumbai,New,2022-09-23
CUST008786,Victor Mani,69,Male,Kolkata,Regular,2025-06-25
CUST008787,Xavier Doctor,55,Female,Chennai,Regular,2023-03-14
CUST008788,Abeer Chada,27,Male,Kolkata,Regular,2026-05-31
CUST008789,Anika Kuruvilla,51,Male,Jaipur,Regular,2026-06-10
CUST008790,Ikbal Malhotra,26,Female,Bengaluru,Regular,2026-07-10
CUST008791,Avni Balasubramanian,33,Female,Hyderabad,Regular,2026-02-03
CUST008792,Yauvani Kapadia,68,Male,Pune,New,2023-10-15
CUST008793,Udyati Subramaniam,47,Female,Pune,New,2025-03-05
CUST008794,Daksha Bath,60,Female,Ahmedabad,Regular,2025-11-15
CUST008795,Gopal Contractor,27,Female,Ahmedabad,Regular,2024-06-22
CUST008796,Vedant Chanda,52,Male,Ahmedabad,Regular,2023-08-01
CUST008797,Zansi Buch,54,Female,Indore,Regular,2024-10-17
CUST008798,Alexander Basak,28,Male,Chennai,New,2026-01-28
CUST008799,Matthew Mukhopadhyay,49,Male,Kolkata,New,2023-05-08
CUST008800,Hemangini Sheth,40,Female,Pune,Regular,2024-11-12
CUST008801,Teerth Natarajan,64,Male,Pune,Regular,2024-03-12
CUST008802,Siya Mandal,29,Male,Pune,Regular,2025-12-16
CUST008803,Joshua Sahni,65,Other,Mumbai,Regular,2023-07-26
CUST008804,Yadavi Virk,69,Male,Jaipur,Regular,2024-12-04
CUST008805,Rohan Tak,43,Male,Delhi,Regular,2026-02-28
CUST008806,Divya Mukhopadhyay,55,Male,Delhi,Premium,2023-11-30
CUST008807,Kabir Nagy,51,Female,Kolkata,Regular,2023-07-09
CUST008808,Jackson Bir,53,Female,Indore,Regular,2026-06-25
CUST008809,Rachit Bakshi,32,Male,Ahmedabad,Premium,2024-01-25
CUST008810,Zaid Krishnamurthy,44,Female,Jaipur,Premium,2024-02-02
CUST008811,Victor Vyas,38,Male,Indore,Regular,2023-06-15
CUST008812,Nathan Amble,68,Male,Ahmedabad,New,2023-10-09
CUST008813,Mekhala Solanki,22,Female,Bengaluru,New,2024-07-04
CUST008814,Kritika Basu,59,Other,Delhi,Regular,2024-12-02
CUST008815,Warhi Mistry,63,Male,Ahmedabad,New,2024-01-09
CUST008816,Farhan Dayal,66,Male,Ahmedabad,New,2022-11-23
CUST008817,Dhriti Johal,34,Male,Indore,New,2022-12-19
CUST008818,Madhavi Parsa,34,Female,Indore,Regular,2025-03-24
CUST008819,Harshil Prabhu,21,Male,Indore,Premium,2025-12-18
CUST008820,Meghana Dave,57,Male,Mumbai,Regular,2023-01-24
CUST008821,Vasana Merchant,62,Female,Delhi,New,2025-09-07
CUST008822,Aarini Lall,22,Female,Hyderabad,Regular,2023-08-05
CUST008823,Jairaj Aurora,36,Male,Ahmedabad,New,2026-01-30
CUST008824,Finn Mall,32,Female,Hyderabad,Premium,2026-07-31
CUST008825,Ishani Dhar,26,Male,Hyderabad,Regular,2025-03-03
CUST008826,Damini Pandey,58,Female,Ahmedabad,Regular,2025-09-01
CUST008827,Devika Madan,51,Female,Pune,Regular,2026-08-15
CUST008828,Tanay Biswas,33,Female,Bengaluru,Regular,2025-03-10
CUST008829,Gunbir Das,67,Female,Delhi,New,2025-07-25
CUST008830,Utkarsh Karan,27,Female,Mumbai,Premium,2026-02-20
CUST008831,Aradhana Seshadri,21,Male,Pune,Regular,2023-05-11
CUST008832,Unni Balakrishnan,52,Female,Hyderabad,Regular,2023-01-19
CUST008833,Chakradev Jha,19,Female,Indore,New,2026-01-10
CUST008834,Upkaar Menon,68,Male,Delhi,Regular,2023-12-10
CUST008835,Janya Parekh,36,Female,Jaipur,Premium,2026-02-13
CUST008836,Ekapad Wali,61,Male,Hyderabad,New,2024-11-19
CUST008837,Vamakshi Vala,54,Male,Hyderabad,New,2024-05-16
CUST008838,Kalpit D’Alia,24,Male,Kolkata,Regular,2024-03-20
CUST008839,Xalak Kumer,21,Male,Ahmedabad,Regular,2023-08-01
CUST008840,Rajeshri Kanda,66,Other,Hyderabad,Regular,2024-11-05
CUST008841,Vritti Mani,30,Female,Indore,Premium,2025-02-20
CUST008842,Shivansh Kala,64,Female,Chennai,New,2023-02-27
CUST008843,Oliver Grewal,60,Male,Chennai,New,2023-08-19
CUST008844,Aishani Baria,45,Male,Kolkata,Regular,2026-08-11
CUST008845,Akshay Mann,37,Male,Bengaluru,Regular,2024-07-28
CUST008846,Jacob Muni,18,Male,Jaipur,Regular,2025-10-08
CUST008847,Meghana Sheth,37,Male,Hyderabad,Regular,2023-12-23
CUST008848,Urishilla Taneja,40,Male,Jaipur,New,2023-09-30
CUST008849,Tripti Badami,21,Female,Hyderabad,Regular,2023-08-07
CUST008850,Lekha Roy,22,Female,Ahmedabad,New,2026-04-25
CUST008851,Neelima Arora,66,Male,Indore,Regular,2022-09-03
CUST008852,Krishna Dewan,40,Male,Kolkata,New,2023-05-07
CUST008853,Jai Golla,41,Male,Delhi,New,2026-01-03
CUST008854,Jai Kala,56,Male,Kolkata,Premium,2026-04-23
CUST008855,Nitesh Srivastava,50,Other,Ahmedabad,Premium,2025-01-08
CUST008856,Ria Deol,20,Female,Pune,Regular,2024-06-21
CUST008857,Tanveer Jha,64,Male,Pune,New,2023-07-01
CUST008858,Chandani Parsa,43,Female,Jaipur,Regular,2025-05-25
CUST008859,Ojas Bansal,33,Female,Chennai,Premium,2026-06-27
CUST008860,Nandini Ranganathan,38,Male,Chennai,Regular,2022-10-18
CUST008861,Indira Kata,43,Male,Bengaluru,Regular,2023-01-22
CUST008862,Samaksh Krishnan,53,Male,Kolkata,Regular,2025-06-09
CUST008863,Samesh Oak,33,Male,Mumbai,New,2024-11-15
CUST008864,Gavin Chowdhury,29,Other,Pune,Regular,2024-11-15
CUST008865,Rachita Panchal,21,Male,Kolkata,New,2023-01-28
CUST008866,Advika Golla,65,Male,Chennai,Regular,2023-02-28
CUST008867,Lopa Keer,22,Male,Kolkata,New,2024-08-24
CUST008868,Urvi Bahl,45,Female,Chennai,Regular,2023-12-18
CUST008869,Krisha Krishnan,63,Female,Ahmedabad,Premium,2025-04-27
CUST008870,Fiyaz Roy,65,Female,Pune,Regular,2025-09-30
CUST008871,Inaya Pathak,26,Male,Pune,Regular,2025-10-18
CUST008872,Aarna Ganesan,54,Male,Bengaluru,Regular,2022-12-20
CUST008873,Xalak Hora,24,Male,Jaipur,Premium,2026-07-30
CUST008874,Sathvik Rout,42,Female,Indore,Regular,2023-06-25
CUST008875,Gayathri Taneja,61,Male,Mumbai,Regular,2023-05-31
CUST008876,Mugdha Shenoy,39,Male,Pune,Regular,2024-06-23
CUST008877,Vamakshi Sura,31,Other,Pune,Premium,2024-03-19
CUST008878,Jalsa Sandal,23,Female,Indore,Regular,2022-12-18
CUST008879,Dayamai Chakraborty,61,Male,Bengaluru,Premium,2024-09-21
CUST008880,Elijah Pal,19,Male,Jaipur,Regular,2023-08-05
CUST008881,Chameli Gola,49,Male,Jaipur,Regular,2024-06-30
CUST008882,Kalpit Handa,41,Female,Jaipur,New,2023-07-06
CUST008883,Vrishti Ravi,52,Other,Pune,Regular,2023-02-23
CUST008884,Ayaan Bali,66,Female,Delhi,Regular,2023-01-21
CUST008885,Finn Kapur,23,Male,Chennai,Regular,2025-04-02
CUST008886,Gaurika Morar,30,Male,Indore,Regular,2024-11-22
CUST008887,Darika Mandal,63,Female,Kolkata,Regular,2023-06-09
CUST008888,Nitara Krishnamurthy,27,Male,Pune,Regular,2024-10-12
CUST008889,Falan Lal,55,Female,Ahmedabad,New,2025-02-22
CUST008890,Gagan Agate,44,Male,Pune,New,2026-05-02
CUST008891,Gunbir Rajagopalan,53,Female,Delhi,Regular,2025-12-18
CUST008892,Triveni Badami,39,Female,Mumbai,Regular,2023-12-26
CUST008893,Hema Srivastava,66,Female,Delhi,Regular,2023-08-12
CUST008894,Lakshmi Sha,50,Female,Chennai,New,2025-04-07
CUST008895,Triya Kashyap,62,Male,Delhi,Regular,2024-04-21
CUST008896,Pratyush Bansal,31,Female,Pune,New,2025-02-21
CUST008897,Jagat Bath,65,Female,Bengaluru,Premium,2026-01-24
CUST008898,Rishi Shanker,54,Female,Jaipur,Regular,2023-06-06
CUST008899,Dalaja Kapur,58,Male,Delhi,Regular,2025-07-11
CUST008900,Dakshesh Patla,31,Female,Ahmedabad,New,2024-10-27
CUST008901,Reva Dutt,35,Male,Kolkata,New,2026-06-20
CUST008902,Janani Singh,35,Male,Pune,Regular,2023-02-05
CUST008903,Janaki Sawhney,26,Male,Chennai,Regular,2025-04-15
CUST008904,Naksh Suresh,18,Male,Delhi,New,2024-08-23
CUST008905,Jagat D’Alia,69,Female,Chennai,Regular,2025-07-22
CUST008906,Darika Char,32,Male,Mumbai,Premium,2026-03-15
CUST008907,Xalak Jha,38,Other,Ahmedabad,Regular,2025-04-26
CUST008908,Odika Agrawal,20,Male,Mumbai,Premium,2026-02-18
CUST008909,Yashoda Oak,28,Male,Chennai,Premium,2024-05-21
CUST008910,Dev Banerjee,49,Male,Ahmedabad,New,2026-08-09
CUST008911,Urvi Iyer,60,Female,Mumbai,Regular,2024-02-18
CUST008912,Varenya Memon,24,Male,Kolkata,Regular,2026-03-09
CUST008913,Robert Roy,25,Male,Bengaluru,Regular,2023-10-28
CUST008914,Watika Behl,20,Female,Bengaluru,Regular,2023-05-17
CUST008915,Sai Doctor,54,Male,Pune,Regular,2024-09-28
CUST008916,Waida Samra,19,Female,Ahmedabad,Regular,2026-06-03
CUST008917,Meera Lalla,36,Female,Bengaluru,Regular,2025-10-14
CUST008918,Zarna Saxena,31,Female,Indore,Regular,2025-06-12
CUST008919,Lekha Lad,66,Male,Chennai,Regular,2026-02-21
CUST008920,Saanvi Brar,60,Female,Kolkata,Regular,2024-02-21
CUST008921,William Maharaj,37,Male,Ahmedabad,Regular,2026-04-16
CUST008922,Zayyan Nagarajan,23,Female,Pune,New,2025-05-31
CUST008923,Kai Kulkarni,26,Female,Pune,Premium,2022-10-04
CUST008924,Wyatt Savant,40,Other,Jaipur,New,2024-10-06
CUST008925,Abdul Mahajan,57,Female,Indore,New,2025-07-19
CUST008926,Divya Karan,23,Other,Bengaluru,Premium,2025-05-21
CUST008927,Gaurangi Bala,52,Female,Delhi,Regular,2023-09-01
CUST008928,Ikshita Mammen,65,Female,Delhi,New,2025-01-05
CUST008929,Vasatika Vohra,52,Male,Delhi,Regular,2022-09-09
CUST008930,Victor Wali,40,Female,Delhi,Regular,2023-07-30
CUST008931,Kamya Rau,24,Male,Chennai,New,2025-02-15
CUST008932,Rachit Dara,66,Male,Mumbai,Regular,2023-09-17
CUST008933,Ladli Mitter,26,Male,Indore,Regular,2025-10-22
CUST008934,Aradhana Balakrishnan,42,Male,Kolkata,Premium,2024-09-04
CUST008935,Tara Kadakia,21,Female,Bengaluru,New,2022-11-23
CUST008936,Gagan Pandey,27,Female,Ahmedabad,Regular,2022-08-31
CUST008937,Tejas Goda,25,Female,Hyderabad,Regular,2026-02-08
CUST008938,Ayushman Murthy,41,Male,Mumbai,New,2023-02-05
CUST008939,Lohit Reddy,69,Male,Ahmedabad,New,2024-03-11
CUST008940,Siya Sankaran,54,Female,Kolkata,Premium,2023-07-14
CUST008941,Bishakha Rana,30,Male,Ahmedabad,Regular,2024-08-23
CUST008942,Prisha Lata,49,Female,Mumbai,New,2025-08-07
CUST008943,Rachana Barad,57,Male,Chennai,Regular,2023-09-17
CUST008944,Laban Sunder,55,Male,Bengaluru,Regular,2023-06-30
CUST008945,Aishani Choudhury,63,Female,Chennai,Regular,2024-02-01
CUST008946,Chatresh Mander,48,Male,Bengaluru,Regular,2026-02-19
CUST008947,Chatresh Chakrabarti,43,Male,Ahmedabad,Premium,2022-09-30
CUST008948,Vrinda Sarin,67,Female,Delhi,Regular,2022-11-06
CUST008949,Imaran Narang,55,Male,Bengaluru,New,2023-02-23
CUST008950,Chandani Vasa,65,Male,Kolkata,New,2023-10-10
CUST008951,Vamakshi Singh,20,Female,Delhi,Regular,2023-07-09
CUST008952,Warinder Bains,31,Female,Jaipur,Premium,2024-06-22
CUST008953,Adya Krishnamurthy,44,Female,Chennai,Regular,2023-07-28
CUST008954,Sanya Prabhu,61,Female,Ahmedabad,New,2023-10-21
CUST008955,Shivansh Om,37,Male,Indore,Premium,2022-10-03
CUST008956,Qadim Rout,53,Female,Kolkata,New,2022-10-17
CUST008957,Unni Balakrishnan,25,Male,Ahmedabad,Regular,2025-09-30
CUST008958,Upma Natt,21,Female,Pune,New,2024-07-01
CUST008959,Darpan Srivastava,41,Female,Chennai,Regular,2023-01-08
CUST008960,Nathaniel Gopal,65,Female,Bengaluru,New,2023-09-04
CUST008961,Girish Kamdar,56,Male,Hyderabad,Regular,2025-01-30
CUST008962,Joshua Guha,52,Other,Mumbai,New,2024-10-01
CUST008963,Zehaan Patla,18,Male,Pune,Premium,2025-03-15
CUST008964,Harsh Johal,47,Female,Ahmedabad,Regular,2026-07-11
CUST008965,Wishi Sabharwal,67,Male,Jaipur,Regular,2026-08-20
CUST008966,Aditya Natt,34,Female,Bengaluru,Premium,2026-07-22
CUST008967,Vrishti Bhatti,25,Female,Ahmedabad,Regular,2025-11-19
CUST008968,Nidhi Patla,37,Female,Kolkata,Regular,2023-03-02
CUST008969,Prisha Loke,68,Male,Chennai,Regular,2022-10-31
CUST008970,Balendra Sha,24,Other,Pune,Regular,2024-11-25
CUST008971,Charvi Sastry,45,Female,Pune,New,2024-11-30
CUST008972,Yauvani Hayre,67,Male,Pune,New,2026-01-31
CUST008973,Vedant Kumar,39,Male,Ahmedabad,Regular,2024-11-09
CUST008974,Turvi Kala,20,Male,Kolkata,Regular,2024-07-01
CUST008975,Bhavani Amble,29,Male,Jaipur,Regular,2026-05-08
CUST008976,Adweta Dayal,47,Male,Chennai,New,2024-09-11
CUST008977,Yoshita Bhardwaj,56,Female,Hyderabad,Regular,2025-04-09
CUST008978,Ranbir Dalal,65,Male,Jaipur,New,2026-05-06
CUST008979,Yashawini Konda,32,Male,Jaipur,Regular,2026-01-10
CUST008980,Aahana Korpal,68,Female,Indore,New,2025-10-20
CUST008981,Priya Tailor,22,Other,Ahmedabad,Regular,2025-10-28
CUST008982,Yadavi Loke,59,Female,Kolkata,Premium,2023-10-08
CUST008983,Benjamin Mutti,28,Female,Bengaluru,Premium,2025-10-25
CUST008984,Arjun Iyengar,65,Female,Jaipur,Regular,2023-06-14
CUST008985,Triya Prabhu,65,Female,Indore,Premium,2024-07-05
CUST008986,Hema Dubey,46,Female,Chennai,Premium,2024-06-16
CUST008987,Jeet Pathak,43,Male,Ahmedabad,Regular,2023-05-02
CUST008988,Baljiwan De,51,Female,Delhi,New,2025-03-29
CUST008989,Lakshmi Hayre,58,Other,Jaipur,Regular,2023-08-04
CUST008990,Noah Korpal,57,Female,Indore,Regular,2024-03-07
CUST008991,Ira Lanka,62,Female,Indore,Regular,2022-09-02
CUST008992,Ayushman Sarraf,25,Female,Chennai,Premium,2025-03-13
CUST008993,Ira Maharaj,40,Female,Delhi,New,2026-01-30
CUST008994,Pranit Sheth,51,Female,Chennai,Regular,2023-07-18
CUST008995,Atharv Dalal,22,Male,Bengaluru,New,2023-04-12
CUST008996,Tanveer Chander,63,Male,Bengaluru,New,2025-01-12
CUST008997,Aayush Bains,61,Female,Mumbai,Regular,2023-11-25
CUST008998,Sai Brar,64,Male,Kolkata,Regular,2025-06-25
CUST008999,Balvan Rajagopalan,40,Female,Bengaluru,Regular,2026-08-17
CUST009000,Christopher Mitra,36,Male,Bengaluru,New,2024-11-26
CUST009001,Bachittar Khanna,21,Female,Chennai,New,2026-07-12
CUST009002,Hiral Mishra,55,Male,Pune,New,2024-11-30
CUST009003,Saumya Kalla,26,Male,Delhi,Regular,2026-07-20
CUST009004,Sachi Sunder,54,Male,Delhi,Premium,2025-03-18
CUST009005,Samarth Vora,28,Male,Bengaluru,New,2025-11-03
CUST009006,Anika Narayan,18,Male,Kolkata,New,2025-05-16
CUST009007,Warjas Vora,60,Male,Chennai,New,2026-03-10
CUST009008,Kavya Chad,52,Male,Ahmedabad,Regular,2024-12-08
CUST009009,Vedika Dhillon,63,Male,Pune,Regular,2026-04-25
CUST009010,Yutika Devi,68,Female,Chennai,Regular,2024-07-07
CUST009011,Karan Pant,37,Other,Chennai,New,2026-05-08
CUST009012,Yamini Oza,18,Male,Delhi,New,2023-06-11
CUST009013,Janya Sibal,55,Female,Ahmedabad,Regular,2025-07-28
CUST009014,Fariq Nayar,49,Female,Delhi,Regular,2026-07-05
CUST009015,Benjamin Kohli,66,Male,Ahmedabad,Regular,2022-11-20
CUST009016,Pallavi Narasimhan,68,Female,Chennai,Regular,2026-04-02
CUST009017,Adweta Thaker,18,Female,Pune,Regular,2024-08-02
CUST009018,Harshil Nigam,29,Female,Bengaluru,Regular,2022-09-21
CUST009019,Yauvani Manda,63,Female,Hyderabad,Regular,2025-02-23
CUST009020,Eshana Balasubramanian,22,Male,Ahmedabad,New,2024-10-29
CUST009021,Aadhya Mani,56,Male,Pune,Regular,2024-05-22
CUST009022,Benjamin Khanna,47,Female,Hyderabad,New,2026-07-24
CUST009023,Avi Sawhney,49,Male,Jaipur,Regular,2026-08-17
CUST009024,Jalsa Pal,30,Other,Bengaluru,Premium,2025-12-28
CUST009025,Shivansh Pillay,47,Male,Pune,Regular,2026-04-27
CUST009026,Yashoda Vaidya,58,Female,Delhi,Regular,2022-12-27
CUST009027,Yashica Desai,38,Male,Bengaluru,Regular,2025-06-25
CUST009028,Sanya Sarna,45,Female,Bengaluru,New,2025-12-16
CUST009029,Charita Sekhon,25,Male,Bengaluru,Premium,2025-12-03
CUST009030,Watika Tailor,45,Male,Kolkata,New,2023-10-24
CUST009031,Pranit Pingle,45,Female,Jaipur,Regular,2023-11-12
CUST009032,Jonathan Kalla,68,Male,Pune,New,2024-11-04
CUST009033,Manbir Mani,41,Male,Ahmedabad,Regular,2025-10-16
CUST009034,Vasudha Singhal,56,Male,Indore,Regular,2025-04-11
CUST009035,Anay Tak,56,Male,Mumbai,New,2022-12-03
CUST009036,Ganga Patla,31,Male,Chennai,New,2025-03-17
CUST009037,Dayita Saha,44,Male,Bengaluru,New,2024-08-15
CUST009038,Hitesh Sarin,62,Male,Pune,Regular,2024-06-21
CUST009039,Rudra Om,21,Male,Hyderabad,Regular,2026-01-04
CUST009040,Vrinda Dalal,57,Male,Kolkata,Regular,2023-04-25
CUST009041,Januja Kant,18,Male,Mumbai,Regular,2024-02-13
CUST009042,Om Seshadri,23,Female,Ahmedabad,Premium,2024-06-28
CUST009043,Adya Bail,23,Male,Jaipur,Regular,2024-04-03
CUST009044,Jatin Dubey,52,Male,Mumbai,Regular,2026-07-14
CUST009045,Vritti Divan,43,Female,Chennai,Regular,2025-07-19
CUST009046,Mekhala Patel,67,Female,Jaipur,Regular,2023-07-01
CUST009047,Barkha Pillai,28,Female,Indore,Premium,2023-02-20
CUST009048,Anya Chauhan,47,Female,Delhi,Regular,2024-10-08
CUST009049,Daksh Nori,51,Female,Pune,Regular,2023-11-11
CUST009050,Gayathri Khosla,23,Female,Ahmedabad,Regular,2026-01-07
CUST009051,Ira Parekh,48,Male,Ahmedabad,Regular,2025-04-21
CUST009052,Januja Saran,55,Male,Hyderabad,Regular,2026-01-24
CUST009053,Jason Samra,41,Male,Chennai,Regular,2025-01-12
CUST009054,Samar Pradhan,45,Female,Chennai,Regular,2026-01-13
CUST009055,Oeshi Sachdeva,21,Female,Indore,Regular,2024-10-27
CUST009056,Ishani Amble,64,Female,Mumbai,Premium,2023-12-10
CUST009057,Ayushman Thakkar,62,Male,Hyderabad,Premium,2024-06-07
CUST009058,Chaaya Iyer,54,Male,Hyderabad,Regular,2022-12-30
CUST009059,Gaurang Prabhakar,40,Female,Pune,Regular,2026-07-13
CUST009060,Urishilla Nagi,44,Female,Bengaluru,New,2025-11-30
CUST009061,Girik Shan,34,Male,Delhi,Regular,2025-02-19
CUST009062,Udant Raman,37,Female,Kolkata,Premium,2025-01-08
CUST009063,Chakradhar Kibe,23,Female,Mumbai,Regular,2026-05-12
CUST009064,Osha Banik,45,Female,Indore,Regular,2024-11-19
CUST009065,Aryan Chakrabarti,32,Male,Kolkata,Regular,2022-10-19
CUST009066,Kamya Hegde,59,Male,Delhi,Regular,2025-03-13
CUST009067,Girik Chokshi,27,Female,Delhi,New,2024-03-24
CUST009068,Oscar Bassi,61,Male,Bengaluru,New,2023-05-07
CUST009069,Bhavani Bava,36,Female,Chennai,Regular,2022-10-19
CUST009070,Wazir Kalla,65,Female,Ahmedabad,Regular,2026-08-28
CUST009071,Xavier Tata,50,Male,Indore,Premium,2025-02-26
CUST009072,Qasim Agate,22,Male,Pune,Regular,2025-06-28
CUST009073,Sara Venkataraman,43,Male,Indore,Premium,2023-05-19
CUST009074,Siddharth Wable,29,Female,Mumbai,Regular,2023-12-03
CUST009075,Shivani Venkatesh,31,Female,Hyderabad,Regular,2023-01-30
CUST009076,Sneha Sankaran,55,Male,Delhi,Regular,2024-05-17
CUST009077,Anjali Deshmukh,63,Female,Hyderabad,Regular,2025-10-20
CUST009078,Viraj Mistry,24,Male,Jaipur,Regular,2024-11-02
CUST009079,Quincy Menon,41,Female,Ahmedabad,New,2023-06-14
CUST009080,Radhika Master,41,Female,Chennai,New,2024-09-13
CUST009081,Manthan Sachar,21,Female,Ahmedabad,New,2023-12-18
CUST009082,Ayushman Kurian,23,Other,Mumbai,New,2024-08-17
CUST009083,Ojas Talwar,21,Male,Jaipur,Regular,2025-03-16
CUST009084,Niharika Khatri,67,Male,Kolkata,Regular,2024-07-16
CUST009085,Zarna Chander,28,Male,Indore,Regular,2025-07-25
CUST009086,Sachi Mittal,45,Female,Jaipur,Regular,2023-10-26
CUST009087,Deepa Rama,59,Male,Chennai,Regular,2024-11-23
CUST009088,Gaurang Mohan,43,Male,Mumbai,Regular,2026-08-16
CUST009089,Leena Kalla,38,Male,Ahmedabad,New,2026-01-12
CUST009090,Zaid Chanda,37,Male,Hyderabad,Regular,2026-02-07
CUST009091,Ganga Sarkar,35,Male,Indore,Premium,2024-05-16
CUST009092,Maanas Hayre,40,Female,Pune,Regular,2025-04-10
CUST009093,Advaith Dua,21,Male,Hyderabad,Regular,2025-04-28
CUST009094,Advay Prashad,29,Female,Hyderabad,Regular,2023-10-19
CUST009095,Madhavi Sahota,69,Male,Indore,Regular,2025-07-01
CUST009096,Jairaj Yogi,58,Female,Indore,Regular,2023-06-07
CUST009097,Madhav Kibe,56,Female,Hyderabad,New,2025-06-27
CUST009098,Amaira Rajagopal,54,Female,Chennai,Premium,2025-01-15
CUST009099,Laksh Grewal,59,Female,Ahmedabad,Regular,2026-07-02
CUST009100,Upkaar Sibal,43,Male,Indore,Premium,2023-07-17
CUST009101,Vedika Madan,26,Female,Kolkata,Regular,2022-11-19
CUST009102,Devansh Jani,30,Female,Kolkata,Regular,2024-11-05
CUST009103,Vyanjana Mitra,35,Female,Ahmedabad,Regular,2025-08-31
CUST009104,Warhi Thaker,58,Male,Chennai,Regular,2023-09-12
CUST009105,Alka Narayan,27,Female,Mumbai,Regular,2024-01-20
CUST009106,Eshana Sengupta,34,Other,Ahmedabad,Regular,2025-06-23
CUST009107,Kamya Sharma,69,Female,Indore,Regular,2024-10-17
CUST009108,Aarnav Bhagat,56,Female,Bengaluru,Regular,2026-06-06
CUST009109,Geetika Bhavsar,50,Male,Indore,Regular,2026-04-10
CUST009110,Meghana Srinivas,35,Male,Delhi,Regular,2025-06-06
CUST009111,Advika Kumer,63,Male,Bengaluru,Regular,2025-03-20
CUST009112,Tanish Sachdeva,35,Male,Mumbai,Regular,2026-07-21
CUST009113,Noah Sibal,38,Male,Bengaluru,Premium,2022-10-24
CUST009114,Nirja Chhabra,26,Female,Indore,Premium,2023-09-29
CUST009115,Isha Hans,31,Female,Ahmedabad,Regular,2026-05-31
CUST009116,Zehaan Goel,48,Female,Chennai,Regular,2022-11-02
CUST009117,Bishakha Dora,18,Male,Bengaluru,Premium,2023-01-12
CUST009118,Saanvi Krishna,40,Male,Bengaluru,Regular,2024-08-06
CUST009119,Jyoti Devan,40,Female,Bengaluru,Regular,2022-11-15
CUST009120,Eshana Butala,19,Male,Pune,Regular,2025-05-06
CUST009121,Idika Bains,45,Female,Mumbai,Regular,2026-01-29
CUST009122,Nilima Prasad,34,Male,Pune,Regular,2025-04-29
CUST009123,Warinder Kapur,22,Male,Hyderabad,Regular,2024-01-02
CUST009124,Chandran Chahal,27,Female,Ahmedabad,Premium,2025-04-27
CUST009125,Raghav Grewal,47,Female,Hyderabad,New,2026-03-14
CUST009126,Xiti Soni,26,Female,Indore,Regular,2026-06-25
CUST009127,Nirja Jayaraman,58,Female,Ahmedabad,Regular,2023-06-14
CUST009128,Champak Mallick,58,Male,Chennai,Regular,2023-03-17
CUST009129,Samarth Char,63,Female,Indore,Premium,2022-08-31
CUST009130,Banjeet Tiwari,35,Male,Delhi,New,2025-04-11
CUST009131,Vritti Bassi,29,Female,Kolkata,Regular,2022-10-27
CUST009132,Matthew Date,23,Male,Indore,Regular,2025-03-22
CUST009133,Amara Palla,55,Female,Hyderabad,Premium,2024-08-11
CUST009134,Niharika Pathak,32,Female,Kolkata,Regular,2025-04-15
CUST009135,Gauri Deo,40,Female,Chennai,New,2024-09-01
CUST009136,Pranit Panchal,69,Female,Chennai,New,2025-04-12
CUST009137,Girish Chowdhury,20,Male,Jaipur,Regular,2026-01-25
CUST009138,Tanveer Nadig,61,Male,Jaipur,Regular,2026-07-02
CUST009139,Chaitanya Muni,61,Female,Chennai,Regular,2026-05-07
CUST009140,Veda Srinivas,38,Female,Mumbai,Regular,2025-10-08
CUST009141,Jatin Kant,35,Male,Jaipur,Regular,2022-10-30
CUST009142,Faraj Apte,61,Male,Kolkata,Regular,2025-03-10
CUST009143,Logan Chopra,19,Male,Indore,Regular,2024-05-13
CUST009144,Bhavna Nori,54,Male,Ahmedabad,Premium,2026-01-28
CUST009145,Tripti Choudhary,30,Male,Bengaluru,Premium,2023-11-10
CUST009146,William Dubey,65,Male,Hyderabad,New,2022-11-04
CUST009147,Yatan Butala,22,Male,Pune,Regular,2025-04-01
CUST009148,Sachi Manda,44,Female,Kolkata,New,2023-09-19
CUST009149,Praneel Sachdev,49,Male,Bengaluru,New,2024-06-19
CUST009150,Indali Rao,63,Female,Ahmedabad,Premium,2026-04-19
CUST009151,Parth Kant,67,Male,Pune,Regular,2023-07-07
CUST009152,Gabriel Sachdev,50,Female,Kolkata,Regular,2024-03-03
CUST009153,Yashvi Bains,32,Male,Pune,New,2024-06-09
CUST009154,Zashil Setty,45,Female,Indore,Regular,2024-01-17
CUST009155,Hamsini Doctor,21,Male,Ahmedabad,Regular,2024-06-12
CUST009156,Liam Bhagat,56,Female,Mumbai,Regular,2025-07-11
CUST009157,Nidhi Solanki,65,Female,Mumbai,New,2025-11-02
CUST009158,Maanas Sha,24,Male,Indore,Premium,2025-09-26
CUST009159,Isaiah Amble,61,Female,Bengaluru,New,2022-09-09
CUST009160,Rajeshri Sura,66,Male,Jaipur,Regular,2022-11-01
CUST009161,Aarnav Nagar,56,Male,Ahmedabad,Regular,2024-08-16
CUST009162,Ekavir Gokhale,56,Female,Jaipur,Regular,2023-01-05
CUST009163,Leela Setty,65,Male,Ahmedabad,Regular,2026-05-10
CUST009164,Pranit Khosla,25,Female,Mumbai,Regular,2024-03-17
CUST009165,Victor Kashyap,58,Male,Bengaluru,Regular,2022-09-23
CUST009166,Anjali Wagle,58,Male,Bengaluru,New,2023-11-09
CUST009167,Finn Sahota,29,Male,Ahmedabad,New,2024-01-24
CUST009168,Daksh Sathe,52,Male,Ahmedabad,Premium,2025-02-17
CUST009169,Raghav Dhillon,45,Female,Ahmedabad,Regular,2026-04-27
CUST009170,Utkarsh Balay,46,Male,Bengaluru,Regular,2023-04-15
CUST009171,Patrick Randhawa,64,Male,Ahmedabad,New,2025-07-25
CUST009172,Nitara Wadhwa,18,Male,Chennai,Regular,2025-12-29
CUST009173,Ganga Choudhry,61,Female,Kolkata,New,2025-02-04
CUST009174,Luke Banerjee,23,Female,Pune,Premium,2023-12-15
CUST009175,Dhruv Naidu,63,Male,Kolkata,Regular,2025-09-05
CUST009176,Yamini Bali,69,Female,Chennai,New,2025-12-21
CUST009177,Guneet Bedi,46,Female,Ahmedabad,Regular,2025-03-28
CUST009178,Ranveer Mane,65,Male,Jaipur,Regular,2024-04-27
CUST009179,Yug Kapur,55,Female,Bengaluru,Regular,2024-06-06
CUST009180,Wazir Ahuja,63,Other,Kolkata,Regular,2024-01-01
CUST009181,Jyoti Mittal,56,Male,Pune,Regular,2023-06-25
CUST009182,Chatresh Agate,23,Male,Pune,Regular,2025-02-11
CUST009183,Jagdish Ravi,34,Male,Mumbai,New,2025-12-08
CUST009184,Viraj Seshadri,24,Male,Mumbai,New,2026-08-11
CUST009185,Bachittar Din,60,Female,Mumbai,Regular,2023-01-24
CUST009186,Advaith Madan,47,Other,Indore,Regular,2024-07-13
CUST009187,Indrajit Gour,65,Male,Indore,Regular,2024-02-09
CUST009188,Udarsh Kala,66,Female,Mumbai,New,2026-07-28
CUST009189,George Sen,19,Male,Delhi,Regular,2025-05-22
CUST009190,Lajita Wadhwa,25,Female,Ahmedabad,Regular,2023-02-13
CUST009191,Kritika Saxena,41,Other,Jaipur,Regular,2024-04-02
CUST009192,Isha Chandra,33,Female,Delhi,Regular,2024-10-03
CUST009193,William Balasubramanian,51,Male,Delhi,Regular,2025-11-27
CUST009194,Dakshesh Palan,39,Male,Mumbai,Regular,2025-09-22
CUST009195,Fiyaz Radhakrishnan,61,Female,Pune,Premium,2025-03-28
CUST009196,Yug Borah,34,Male,Bengaluru,New,2024-09-25
CUST009197,Keya Mani,42,Female,Chennai,Regular,2025-05-24
CUST009198,Ayaan Venkataraman,45,Female,Ahmedabad,New,2025-03-21
CUST009199,Charita Bassi,50,Male,Pune,Regular,2024-04-19
CUST009200,Chaman Pant,26,Other,Mumbai,Regular,2026-03-07
CUST009201,Gaurika Jain,44,Female,Hyderabad,Premium,2026-08-14
CUST009202,Unni Bail,68,Male,Hyderabad,New,2025-06-25
CUST009203,Lavanya Pillay,32,Male,Jaipur,Regular,2022-09-08
CUST009204,Manya Gole,18,Male,Bengaluru,Premium,2026-05-10
CUST009205,Upasna Yogi,50,Female,Ahmedabad,Premium,2026-05-28
CUST009206,Pavani Din,27,Female,Chennai,New,2025-06-07
CUST009207,Shivani Choudhry,38,Female,Ahmedabad,New,2025-02-16
CUST009208,Nirja Bal,18,Female,Hyderabad,Regular,2025-11-21
CUST009209,Leela Bhattacharyya,49,Male,Ahmedabad,Regular,2023-03-05
CUST009210,Yauvani Bahri,57,Male,Bengaluru,Premium,2025-10-20
CUST009211,Avi Kannan,63,Female,Jaipur,Regular,2024-07-06
CUST009212,Ekansh Mallick,63,Male,Kolkata,Regular,2026-04-01
CUST009213,Ekalinga Sibal,53,Male,Chennai,New,2022-11-13
CUST009214,Ronith Deshpande,56,Male,Pune,Regular,2024-10-13
CUST009215,Om Wable,54,Female,Ahmedabad,New,2022-10-05
CUST009216,Triya Shroff,32,Female,Delhi,Regular,2026-02-27
CUST009217,Warhi Bawa,42,Male,Delhi,New,2023-01-07
CUST009218,Ucchal Desai,30,Other,Chennai,Regular,2025-08-16
CUST009219,Yashawini Dayal,43,Male,Jaipur,Regular,2026-05-28
CUST009220,Henry Nayak,37,Female,Indore,Regular,2024-06-22
CUST009221,Damini Saraf,42,Other,Kolkata,Premium,2022-10-11
CUST009222,Shivani Jain,27,Male,Ahmedabad,Regular,2025-05-12
CUST009223,Janaki Ramakrishnan,61,Female,Kolkata,Regular,2025-08-13
CUST009224,Oliver Dixit,34,Male,Pune,New,2022-10-25
CUST009225,Jai Jayaraman,49,Male,Delhi,Regular,2024-03-23
CUST009226,Wriddhish Sharaf,53,Female,Ahmedabad,Regular,2026-01-18
CUST009227,Owen Pandey,53,Male,Pune,Regular,2022-11-06
CUST009228,Warhi Parikh,60,Male,Bengaluru,Regular,2023-02-09
CUST009229,Unni Lata,30,Female,Pune,New,2026-05-25
CUST009230,Urvashi Gulati,42,Female,Chennai,Regular,2024-03-15
CUST009231,Kalpit Chowdhury,44,Male,Mumbai,Premium,2024-09-28
CUST009232,Adweta Upadhyay,62,Male,Indore,Regular,2024-07-26
CUST009233,Xalak Seshadri,41,Female,Indore,New,2025-03-29
CUST009234,Kashvi Nath,56,Female,Delhi,New,2025-06-10
CUST009235,Tarak Yadav,36,Female,Jaipur,Regular,2023-08-29
CUST009236,Libni Singh,37,Male,Mumbai,Regular,2025-11-08
CUST009237,Peter Panchal,23,Male,Kolkata,Regular,2023-04-10
CUST009238,Faris Iyengar,26,Female,Delhi,Premium,2022-12-02
CUST009239,Aachal Sandhu,65,Female,Mumbai,Regular,2025-05-19
CUST009240,Manthan Raj,55,Female,Bengaluru,New,2026-02-07
CUST009241,Isaac Chakraborty,18,Male,Jaipur,Regular,2025-01-28
CUST009242,Ranbir Kade,63,Female,Chennai,Regular,2024-03-25
CUST009243,Baljiwan Kala,38,Female,Pune,Regular,2025-04-29
CUST009244,Yatan Sridhar,66,Female,Kolkata,Regular,2025-01-09
CUST009245,Balveer Nagi,38,Female,Jaipur,Premium,2025-05-21
CUST009246,Kevin Varma,28,Female,Ahmedabad,New,2026-01-19
CUST009247,Kashvi Kata,53,Female,Kolkata,New,2023-08-29
CUST009248,Garima Gokhale,23,Male,Kolkata,Premium,2024-06-16
CUST009249,Chatresh Deshpande,62,Female,Mumbai,Regular,2025-03-15
CUST009250,Vritti Kulkarni,59,Female,Ahmedabad,New,2024-09-12
CUST009251,Ishaan Grewal,37,Male,Chennai,New,2025-01-12
CUST009252,Neha Hegde,24,Male,Kolkata,Regular,2023-11-23
CUST009253,Jason Seth,22,Female,Ahmedabad,New,2023-08-22
CUST009254,Joshua Devan,57,Female,Delhi,Regular,2025-02-13
CUST009255,Fitan Sastry,42,Male,Delhi,Regular,2025-05-26
CUST009256,Yashvi Sankar,48,Male,Kolkata,Premium,2024-02-01
CUST009257,Yash Malhotra,21,Male,Pune,Regular,2025-07-29
CUST009258,Kashvi Bhakta,44,Male,Chennai,New,2024-01-02
CUST009259,Vasatika Talwar,55,Female,Pune,Regular,2025-09-27
CUST009260,Farhan Shanker,34,Male,Bengaluru,New,2023-12-09
CUST009261,Ethan Dass,37,Male,Ahmedabad,Regular,2025-07-03
CUST009262,Siddharth Mittal,43,Other,Hyderabad,Regular,2025-05-20
CUST009263,Samuel Palla,23,Female,Hyderabad,New,2023-09-17
CUST009264,Ekapad Narayanan,56,Female,Ahmedabad,New,2024-10-05
CUST009265,Azad Dhaliwal,69,Male,Delhi,Regular,2026-06-26
CUST009266,Nakul Bedi,46,Female,Delhi,Premium,2025-04-16
CUST009267,Yutika Banerjee,68,Male,Delhi,Regular,2025-10-10
CUST009268,Lajita Prakash,23,Male,Delhi,Premium,2024-07-29
CUST009269,Omisha Grewal,53,Male,Indore,Regular,2026-05-30
CUST009270,Ronith Iyengar,24,Male,Delhi,Regular,2025-02-09
CUST009271,Niharika Wason,19,Male,Hyderabad,New,2024-04-06
CUST009272,Aayush Verma,42,Male,Hyderabad,Regular,2024-12-10
CUST009273,Ekta Babu,19,Female,Chennai,New,2024-05-10
CUST009274,Vedant Mahajan,40,Male,Bengaluru,Regular,2023-10-16
CUST009275,Darpan Bir,63,Male,Ahmedabad,Regular,2022-09-22
CUST009276,Madhav Sur,24,Male,Hyderabad,New,2025-12-21
CUST009277,Abha Hans,27,Male,Indore,New,2024-02-21
CUST009278,Mason Contractor,60,Female,Pune,New,2026-07-29
CUST009279,Hredhaan Vohra,40,Male,Jaipur,Regular,2026-01-22
CUST009280,Yashasvi Sagar,53,Female,Chennai,Regular,2025-04-04
CUST009281,Tanish Dugal,34,Female,Kolkata,Regular,2025-11-25
CUST009282,Kala Sen,66,Male,Delhi,Regular,2024-01-09
CUST009283,Damyanti Thakkar,30,Male,Mumbai,Premium,2026-06-08
CUST009284,Harrison Chakraborty,18,Female,Kolkata,Premium,2024-01-15
CUST009285,Baljiwan Gulati,62,Female,Hyderabad,New,2023-12-07
CUST009286,Kala Randhawa,48,Female,Kolkata,Regular,2022-11-19
CUST009287,Nisha Mangat,56,Female,Delhi,New,2026-03-28
CUST009288,Leena Grover,20,Female,Pune,Premium,2023-12-10
CUST009289,Ekiya Mander,57,Female,Chennai,New,2024-06-05
CUST009290,Aarush Gokhale,47,Female,Kolkata,New,2023-03-08
CUST009291,Harita Krishna,45,Male,Hyderabad,Regular,2026-01-11
CUST009292,Omkaar Dhawan,51,Male,Chennai,Regular,2025-06-24
CUST009293,Bhavani Agrawal,32,Male,Delhi,New,2024-09-28
CUST009294,Sai Koshy,21,Female,Chennai,Regular,2025-06-29
CUST009295,Veer Majumdar,42,Female,Delhi,Regular,2024-04-17
CUST009296,David Oak,23,Female,Jaipur,Regular,2026-03-15
CUST009297,Urmi Bawa,36,Female,Hyderabad,New,2025-09-21
CUST009298,Omisha Bedi,59,Male,Jaipur,New,2026-01-16
CUST009299,Faraj Behl,34,Other,Hyderabad,Regular,2024-07-14
CUST009300,Hritik Raman,66,Male,Indore,New,2023-06-19
CUST009301,Kiaan Borde,40,Female,Mumbai,New,2023-10-06
CUST009302,Peter Acharya,40,Male,Hyderabad,Regular,2026-07-16
CUST009303,Noah Manne,30,Female,Jaipur,Regular,2025-05-08
CUST009304,Vinaya Nigam,32,Female,Hyderabad,Premium,2024-05-10
CUST009305,Leela Varkey,41,Male,Bengaluru,Premium,2022-11-01
CUST009306,Rajata Kulkarni,31,Male,Delhi,Regular,2025-06-26
CUST009307,Gautami Madan,55,Male,Hyderabad,Regular,2023-03-06
CUST009308,Tejas Hegde,63,Male,Jaipur,Regular,2024-07-04
CUST009309,Jagvi Arora,60,Female,Ahmedabad,Premium,2023-04-04
CUST009310,Ekalinga Narasimhan,55,Female,Pune,New,2026-07-04
CUST009311,Ekaja Dada,42,Other,Mumbai,New,2024-07-11
CUST009312,Kashvi Solanki,57,Female,Bengaluru,Regular,2024-12-28
CUST009313,Daniel Narayan,26,Female,Bengaluru,Regular,2023-06-01
CUST009314,Pranav Garde,35,Other,Hyderabad,New,2023-01-09
CUST009315,Harshil Mandal,40,Male,Jaipur,Regular,2023-05-04
CUST009316,Yahvi Chowdhury,62,Female,Bengaluru,New,2023-11-22
CUST009317,Bhavani Amble,60,Female,Jaipur,Regular,2025-11-07
CUST009318,Tarak Varghese,65,Female,Chennai,Regular,2024-03-13
CUST009319,Ranveer Dara,26,Female,Chennai,New,2023-11-13
CUST009320,Nitara Nagy,59,Male,Indore,Premium,2023-04-24
CUST009321,Jai Gaba,22,Other,Indore,Regular,2026-02-24
CUST009322,Hritik Seshadri,24,Female,Chennai,New,2023-12-11
CUST009323,Max Behl,59,Male,Ahmedabad,Regular,2025-04-17
CUST009324,Damyanti Sarin,48,Male,Jaipur,Regular,2025-04-15
CUST009325,Neha Patla,27,Male,Jaipur,New,2025-04-24
CUST009326,Ethan Din,54,Male,Bengaluru,Regular,2024-08-17
CUST009327,Jeet Kota,22,Male,Pune,New,2025-06-22
CUST009328,Tanvi Narain,58,Female,Indore,Premium,2025-03-28
CUST009329,Omaja Muni,55,Female,Bengaluru,Regular,2023-10-27
CUST009330,Dhriti Halder,67,Female,Indore,Premium,2026-01-16
CUST009331,Ishaan Bal,47,Male,Delhi,Regular,2026-06-15
CUST009332,Guneet Halder,29,Male,Mumbai,New,2022-12-02
CUST009333,Laksh Kalla,40,Female,Chennai,New,2023-02-03
CUST009334,Neha Walla,65,Female,Jaipur,Regular,2025-12-03
CUST009335,Warinder Mann,32,Female,Hyderabad,Regular,2023-06-09
CUST009336,Advik Dass,45,Female,Chennai,Regular,2023-04-15
CUST009337,Megha Ghosh,21,Female,Jaipur,Regular,2024-04-30
CUST009338,Finn Kibe,65,Male,Kolkata,Regular,2025-12-23
CUST009339,Advaith Dewan,52,Male,Delhi,Premium,2023-12-28
CUST009340,Zehaan Dutt,53,Male,Delhi,Regular,2023-09-08
CUST009341,Ridhi Baral,24,Male,Chennai,Regular,2026-02-12
CUST009342,Urvi Rajan,31,Female,Delhi,Regular,2022-10-14
CUST009343,Krish Hora,56,Female,Chennai,New,2025-06-06
CUST009344,Pooja Rana,50,Female,Hyderabad,Regular,2026-07-12
CUST009345,Chasmum Ben,23,Female,Indore,Premium,2024-12-13
CUST009346,Vidhi Desai,21,Female,Jaipur,Regular,2022-12-23
CUST009347,Saumya Nigam,45,Male,Jaipur,New,2023-06-02
CUST009348,Charles Bahri,30,Male,Jaipur,Regular,2023-09-07
CUST009349,Balendra Prabhakar,41,Female,Delhi,Regular,2026-04-17
CUST009350,Anirudh Tailor,41,Male,Mumbai,Regular,2026-07-23
CUST009351,Bhanumati Shere,40,Male,Ahmedabad,Premium,2026-01-29
CUST009352,Hemangini Malhotra,31,Female,Kolkata,Regular,2023-06-09
CUST009353,Hiral Mann,66,Male,Indore,New,2026-06-04
CUST009354,Rajeshri Wali,62,Male,Indore,Regular,2025-03-06
CUST009355,Pranav Sunder,54,Other,Delhi,Premium,2026-04-01
CUST009356,Vivaan Nagar,51,Female,Jaipur,New,2025-08-19
CUST009357,Theodore Chauhan,66,Male,Bengaluru,Premium,2026-01-30
CUST009358,Yasti Halder,27,Female,Kolkata,Regular,2026-07-09
CUST009359,Rehaan Ganesan,36,Female,Mumbai,Regular,2025-12-18
CUST009360,Pooja Varty,33,Female,Kolkata,Regular,2022-10-01
CUST009361,Balveer Mahal,58,Male,Pune,Regular,2023-06-05
CUST009362,Indira Shan,25,Male,Indore,Regular,2025-12-12
CUST009363,Farhan Verma,28,Male,Kolkata,Regular,2025-04-09
CUST009364,Wahab Bobal,50,Male,Kolkata,Regular,2026-02-23
CUST009365,Pooja Grover,69,Female,Delhi,Regular,2025-07-11
CUST009366,Rayaan Nagar,44,Male,Mumbai,Premium,2023-09-20
CUST009367,Unni Bhandari,19,Female,Pune,New,2024-02-17
CUST009368,Upasna Aggarwal,65,Male,Mumbai,Regular,2024-10-06
CUST009369,Kavya Ahuja,33,Female,Kolkata,Regular,2025-09-25
CUST009370,Barkha Ratta,22,Male,Bengaluru,Regular,2023-07-02
CUST009371,Tanmayi Purohit,45,Male,Ahmedabad,Regular,2024-10-20
CUST009372,Oeshi Dass,54,Male,Kolkata,Premium,2025-12-05
CUST009373,Wazir Apte,47,Other,Chennai,Regular,2026-02-10
CUST009374,Jagrati Bora,63,Male,Ahmedabad,Regular,2025-04-03
CUST009375,Ati Parmer,68,Male,Delhi,Regular,2023-11-03
CUST009376,Nicholas Prabhakar,39,Female,Ahmedabad,Premium,2025-02-19
CUST009377,Gayathri Chaudhuri,24,Male,Jaipur,Regular,2023-06-29
CUST009378,Bakhshi Narang,31,Male,Mumbai,Regular,2025-04-06
CUST009379,Indali Menon,65,Male,Kolkata,Regular,2023-01-25
CUST009380,Sathvik Pandya,40,Female,Pune,Regular,2023-02-15
CUST009381,Atharv Roy,29,Male,Indore,Regular,2024-10-10
CUST009382,Hema Chhabra,66,Male,Kolkata,Regular,2025-07-08
CUST009383,Pushti Karnik,61,Male,Pune,New,2024-05-14
CUST009384,Advaith Nayak,20,Male,Pune,Premium,2025-10-12
CUST009385,Zayan Bhattacharyya,55,Male,Mumbai,Regular,2024-09-30
CUST009386,Watika Dhar,29,Male,Indore,Regular,2023-04-04
CUST009387,Advika Desai,26,Male,Kolkata,Regular,2024-06-11
CUST009388,Yadavi Shukla,39,Male,Jaipur,Regular,2026-05-08
CUST009389,Rushil Gera,26,Female,Ahmedabad,Regular,2023-07-31
CUST009390,Logan Varty,41,Female,Jaipur,New,2022-12-31
CUST009391,Dev Vora,39,Male,Pune,New,2026-02-16
CUST009392,Ira Mohanty,63,Female,Delhi,Regular,2025-07-12
CUST009393,Ekaja Dewan,53,Male,Hyderabad,New,2026-02-24
CUST009394,Ekavir Edwin,57,Male,Indore,Premium,2024-07-14
CUST009395,Pallavi Konda,32,Male,Hyderabad,Regular,2025-11-17
CUST009396,Teerth Bobal,67,Male,Mumbai,New,2023-01-12
CUST009397,Samesh Khare,23,Male,Bengaluru,Regular,2023-02-08
CUST009398,Yahvi Rau,24,Male,Jaipur,Regular,2023-05-07
CUST009399,Chatura Sankaran,51,Female,Ahmedabad,Regular,2025-10-09
CUST009400,Aashi Bal,20,Female,Indore,New,2022-10-09
CUST009401,Girish Upadhyay,61,Male,Indore,Regular,2026-01-24
CUST009402,Yagnesh Sahni,61,Male,Kolkata,Premium,2023-12-04
CUST009403,George Barad,62,Male,Chennai,Regular,2026-07-24
CUST009404,Kai Bir,56,Female,Chennai,Regular,2024-10-14
CUST009405,Daksha Borra,39,Female,Kolkata,New,2025-08-30
CUST009406,Arjun Chahal,66,Female,Chennai,New,2024-07-24
CUST009407,Krish Vasa,64,Male,Hyderabad,Regular,2023-10-09
CUST009408,Dev Samra,24,Male,Mumbai,New,2025-05-10
CUST009409,Sanaya Handa,57,Female,Ahmedabad,Regular,2023-06-10
CUST009410,Baghyawati Sridhar,48,Male,Jaipur,New,2026-04-28
CUST009411,Shaurya Dave,23,Female,Jaipur,Regular,2022-09-30
CUST009412,Raghav Mukhopadhyay,29,Male,Chennai,Regular,2025-06-25
CUST009413,Aadhya Kala,20,Male,Mumbai,Regular,2025-09-27
CUST009414,Damyanti Mody,32,Female,Kolkata,Regular,2023-03-18
CUST009415,Caleb Sabharwal,53,Female,Ahmedabad,Regular,2024-03-12
CUST009416,Chakradev Bail,64,Male,Jaipur,Regular,2023-11-29
CUST009417,Aarav Bhatti,69,Male,Indore,Regular,2022-09-16
CUST009418,Indrajit Iyengar,37,Male,Indore,Premium,2023-03-06
CUST009419,Gayathri Peri,22,Female,Kolkata,New,2024-01-29
CUST009420,Chavvi Deol,27,Female,Jaipur,Regular,2022-11-10
CUST009421,Manan Datta,59,Female,Indore,Regular,2025-07-18
CUST009422,Ishanvi Sampath,36,Male,Ahmedabad,Premium,2025-11-13
CUST009423,Kalpit Chada,25,Female,Delhi,Premium,2024-09-26
CUST009424,Faraj Virk,66,Male,Pune,Regular,2026-01-23
CUST009425,Sudiksha Swaminathan,42,Male,Bengaluru,Regular,2024-06-16
CUST009426,Raksha Prabhakar,69,Female,Mumbai,Premium,2026-05-03
CUST009427,Teerth Tella,61,Male,Bengaluru,Regular,2024-09-13
CUST009428,Faraj Dave,21,Male,Ahmedabad,Regular,2026-01-06
CUST009429,Frado Walia,34,Male,Kolkata,New,2025-02-05
CUST009430,Tanmayi Dyal,34,Male,Ahmedabad,Regular,2022-11-01
CUST009431,Yashawini Soni,33,Male,Ahmedabad,New,2023-08-13
CUST009432,Anvi Patel,37,Other,Chennai,New,2023-02-26
CUST009433,Eiravati Om,28,Male,Kolkata,Regular,2025-10-20
CUST009434,Yashvi Chad,54,Male,Delhi,New,2025-05-27
CUST009435,Udant Mand,34,Female,Indore,Regular,2023-02-21
CUST009436,Wishi Rau,62,Male,Kolkata,New,2025-12-20
CUST009437,Banjeet Kota,24,Female,Hyderabad,Regular,2025-04-28
CUST009438,Ijaya Sundaram,19,Female,Hyderabad,Regular,2026-01-30
CUST009439,Yashvi Narula,43,Female,Jaipur,New,2025-04-17
CUST009440,Hitesh Zacharia,56,Male,Jaipur,Premium,2025-05-15
CUST009441,William Raman,64,Male,Jaipur,Regular,2025-09-20
CUST009442,Bachittar Pathak,56,Male,Mumbai,Regular,2026-06-27
CUST009443,Damini Halder,18,Female,Bengaluru,New,2025-12-02
CUST009444,Qadim Sem,68,Male,Mumbai,Regular,2023-01-02
CUST009445,Zayan Balasubramanian,26,Male,Pune,Regular,2024-05-27
CUST009446,Zaitra Murthy,41,Female,Hyderabad,New,2026-04-06
CUST009447,Tanmayi Anand,47,Male,Hyderabad,Regular,2023-04-03
CUST009448,Upadhriti Borde,65,Female,Bengaluru,Regular,2025-12-03
CUST009449,Ronith Shanker,47,Male,Kolkata,New,2025-01-13
CUST009450,Quincy Bhakta,25,Female,Chennai,Regular,2025-07-30
CUST009451,Jagrati Pall,24,Male,Hyderabad,New,2025-09-18
CUST009452,Theodore Nagarajan,34,Female,Hyderabad,Regular,2023-10-17
CUST009453,Balendra Sengupta,62,Female,Jaipur,Regular,2025-11-19
CUST009454,Tamanna Sidhu,59,Male,Ahmedabad,Regular,2025-08-18
CUST009455,Krishna Cherian,32,Female,Indore,Premium,2025-11-25
CUST009456,Balvan Shah,34,Male,Ahmedabad,Regular,2025-12-22
CUST009457,Aditya Malhotra,23,Female,Kolkata,Premium,2022-10-01
CUST009458,Warda Bir,18,Female,Chennai,Regular,2023-03-10
CUST009459,Chakrika Rau,69,Male,Jaipur,New,2023-02-09
CUST009460,Jeevika Swamy,53,Female,Chennai,New,2024-12-10
CUST009461,Ati Chandran,44,Female,Hyderabad,Premium,2026-06-08
CUST009462,Deepa Sane,41,Female,Kolkata,Regular,2024-05-25
CUST009463,Finn Vig,47,Female,Mumbai,New,2024-06-09
CUST009464,Anjali Dixit,57,Female,Kolkata,Regular,2024-07-02
CUST009465,Brinda Mital,59,Female,Delhi,Regular,2026-02-28
CUST009466,Daniel Kuruvilla,55,Female,Jaipur,Regular,2025-01-19
CUST009467,Upma Butala,35,Female,Kolkata,Regular,2023-02-23
CUST009468,Jacob Thakkar,55,Male,Mumbai,Regular,2024-08-17
CUST009469,Akshay Kashyap,44,Male,Indore,Regular,2023-09-09
CUST009470,Eta Sheth,32,Female,Delhi,Premium,2025-12-17
CUST009471,Bhavika Memon,27,Female,Chennai,Premium,2023-08-12
CUST009472,Ubika Konda,45,Other,Pune,Premium,2023-03-26
CUST009473,Krisha Sampath,42,Male,Kolkata,Regular,2025-12-11
CUST009474,Aahana Bhasin,57,Male,Hyderabad,Regular,2025-11-13
CUST009475,Dakshesh Lal,42,Female,Bengaluru,Regular,2026-01-19
CUST009476,Yochana Chaudhuri,52,Male,Hyderabad,Regular,2026-01-27
CUST009477,Riya Tella,24,Male,Bengaluru,Regular,2026-08-18
CUST009478,Advika Raval,67,Female,Pune,Regular,2026-03-28
CUST009479,Bhanumati Sibal,38,Male,Chennai,Regular,2022-10-02
CUST009480,Jairaj Cheema,33,Female,Indore,Regular,2026-08-11
CUST009481,Daniel Chander,68,Female,Pune,Regular,2024-10-31
CUST009482,Bhavya Konda,43,Female,Hyderabad,Regular,2023-03-28
CUST009483,Fiyaz Lalla,68,Female,Jaipur,Premium,2026-07-31
CUST009484,Ladli Prabhu,30,Male,Bengaluru,Regular,2023-01-26
CUST009485,Ojas Sheth,31,Male,Pune,Premium,2024-03-21
CUST009486,Vaishnavi Bhandari,67,Male,Kolkata,New,2022-10-01
CUST009487,Anika Khurana,54,Female,Chennai,Regular,2026-07-02
CUST009488,Anika Hora,35,Male,Indore,New,2025-10-04
CUST009489,Irya Raj,59,Female,Mumbai,Premium,2026-02-01
CUST009490,Chaman Balakrishnan,62,Female,Kolkata,Regular,2026-02-11
CUST009491,Shivansh Rai,59,Male,Indore,New,2023-03-31
CUST009492,Gavin Dubey,32,Female,Ahmedabad,Regular,2023-07-14
CUST009493,Elijah Nayar,63,Male,Kolkata,Regular,2023-10-03
CUST009494,Ekalinga Comar,31,Female,Mumbai,Premium,2025-03-05
CUST009495,Laksh Bala,52,Female,Indore,New,2024-04-09
CUST009496,Vrinda Chaudry,55,Male,Kolkata,Regular,2023-09-18
CUST009497,Samar Bera,63,Male,Hyderabad,New,2025-12-28
CUST009498,Jalsa Dave,60,Male,Bengaluru,Regular,2023-05-30
CUST009499,Dayamai Lanka,37,Female,Hyderabad,New,2023-05-10
CUST009500,Raksha Konda,21,Female,Kolkata,Regular,2025-11-03
CUST009501,Ryan Lanka,25,Male,Delhi,Premium,2025-07-04
CUST009502,Diya Samra,64,Male,Bengaluru,Regular,2023-03-03
CUST009503,Nimrat Chopra,25,Male,Jaipur,Regular,2025-07-28
CUST009504,Deepa Madan,61,Male,Indore,Regular,2025-10-13
CUST009505,Odika Chada,42,Female,Mumbai,Regular,2024-12-05
CUST009506,Forum Murty,48,Female,Delhi,Regular,2023-07-20
CUST009507,Edhitha Wason,22,Male,Mumbai,New,2023-04-25
CUST009508,Joshua Pillay,29,Male,Ahmedabad,Regular,2022-11-30
CUST009509,Anamika Mukhopadhyay,48,Male,Delhi,Regular,2022-10-16
CUST009510,Rehaan Deol,42,Male,Delhi,New,2023-06-27
CUST009511,Kamala Karpe,27,Male,Delhi,Regular,2026-03-03
CUST009512,Yasti Bhalla,44,Male,Jaipur,New,2025-08-10
CUST009513,Gauri Garg,26,Male,Pune,Regular,2024-10-26
CUST009514,Gayathri Bala,36,Male,Kolkata,Regular,2026-08-06
CUST009515,Diya Bath,60,Male,Pune,New,2026-05-15
CUST009516,Yashoda Chakrabarti,41,Male,Indore,New,2025-02-24
CUST009517,Siddharth Patel,35,Male,Delhi,Regular,2023-10-05
CUST009518,Karan Parmar,54,Female,Mumbai,Premium,2023-06-05
CUST009519,Urvashi Tailor,44,Male,Chennai,Regular,2024-09-26
CUST009520,Zehaan Mangal,44,Female,Delhi,Regular,2025-12-20
CUST009521,Madhavi Lalla,19,Female,Mumbai,Regular,2026-01-13
CUST009522,Bahadurjit Mohan,36,Female,Mumbai,New,2024-06-22
CUST009523,Chatresh Bava,48,Female,Jaipur,Regular,2024-07-04
CUST009524,Libni Wali,39,Male,Ahmedabad,Regular,2026-05-17
CUST009525,Madhavi Mishra,43,Male,Delhi,Premium,2024-12-24
CUST009526,Jeremiah Shankar,37,Male,Chennai,Regular,2024-03-16
CUST009527,Sarthak Taneja,67,Male,Delhi,Regular,2024-08-16
CUST009528,Indira Mannan,24,Male,Pune,New,2025-06-08
CUST009529,Ansh Chaudhuri,66,Male,Ahmedabad,Premium,2023-04-03
CUST009530,Anthony Kumar,36,Male,Kolkata,New,2022-10-05
CUST009531,Naksh Patel,33,Female,Hyderabad,Premium,2023-09-26
CUST009532,Rudra Saran,29,Female,Delhi,New,2022-11-04
CUST009533,Radha Bhasin,35,Female,Ahmedabad,Regular,2025-02-04
CUST009534,Lohit Krishnan,51,Female,Chennai,New,2024-08-26
CUST009535,Ria Dhar,46,Male,Ahmedabad,New,2024-05-06
CUST009536,Jalsa Chawla,33,Other,Ahmedabad,New,2025-08-30
CUST009537,Chaman Jaggi,69,Female,Hyderabad,Regular,2023-03-10
CUST009538,Dakshesh Kalla,69,Female,Mumbai,Regular,2023-03-21
CUST009539,Daniel Kashyap,60,Male,Ahmedabad,Premium,2025-11-05
CUST009540,Yatin Trivedi,39,Female,Delhi,Premium,2026-08-19
CUST009541,Amara Dubey,33,Female,Jaipur,New,2024-08-12
CUST009542,Nachiket Kibe,41,Female,Bengaluru,New,2024-06-22
CUST009543,Xalak Lalla,37,Male,Delhi,New,2025-01-30
CUST009544,Adweta Nayar,68,Female,Chennai,Regular,2026-08-07
CUST009545,Irya Pandya,45,Male,Jaipur,Regular,2026-03-30
CUST009546,Yashica D’Alia,30,Male,Ahmedabad,Regular,2023-05-25
CUST009547,Reyansh Chopra,46,Female,Indore,Regular,2024-10-02
CUST009548,Maanas Sarna,49,Female,Kolkata,Regular,2025-10-05
CUST009549,Veer Deo,27,Female,Indore,Regular,2026-04-10
CUST009550,Ati Bajwa,34,Female,Chennai,Premium,2023-05-06
CUST009551,Sathvik Ramesh,23,Female,Ahmedabad,Regular,2026-04-29
CUST009552,Vamakshi Ram,39,Male,Jaipur,Regular,2023-02-04
CUST009553,Nilima Madan,39,Female,Mumbai,Regular,2025-09-05
CUST009554,Aradhana Baria,67,Female,Chennai,Regular,2023-11-04
CUST009555,Gayathri Peri,43,Male,Kolkata,New,2023-01-30
CUST009556,Nihal Purohit,41,Male,Chennai,Regular,2023-08-23
CUST009557,Jason Babu,18,Female,Kolkata,Premium,2024-02-24
CUST009558,Laban Deep,32,Female,Indore,New,2024-12-02
CUST009559,Baljiwan Sood,23,Male,Kolkata,Premium,2025-12-14
CUST009560,Hamsini Parikh,32,Male,Delhi,Regular,2023-05-19
CUST009561,Riya Salvi,57,Male,Kolkata,New,2024-09-28
CUST009562,Anjali Gopal,52,Female,Kolkata,Regular,2023-07-15
CUST009563,Eesha Lanka,30,Male,Bengaluru,Regular,2023-08-01
CUST009564,Tanmayi Hari,37,Female,Indore,Regular,2025-10-08
CUST009565,Ridhi Venkatesh,53,Female,Delhi,New,2023-07-30
CUST009566,Rachit Buch,46,Male,Indore,Regular,2026-03-02
CUST009567,Jagdish Barman,66,Male,Jaipur,Regular,2022-09-16
CUST009568,Ladli Agarwal,39,Other,Ahmedabad,New,2024-09-27
CUST009569,Noah Bir,27,Male,Kolkata,Regular,2023-10-02
CUST009570,Zayan Vig,43,Male,Mumbai,Regular,2024-04-18
CUST009571,Hemal Kalita,44,Male,Bengaluru,Regular,2026-05-18
CUST009572,Ekansh Patel,48,Female,Bengaluru,Premium,2026-07-01
CUST009573,Vamakshi Kothari,18,Male,Bengaluru,New,2023-02-18
CUST009574,Ishani Golla,38,Male,Delhi,Regular,2022-09-04
CUST009575,Dominic Setty,48,Female,Indore,New,2023-08-08
CUST009576,Janaki Behl,49,Female,Bengaluru,Regular,2024-09-06
CUST009577,Viraj Sibal,67,Female,Pune,Regular,2024-07-26
CUST009578,Henry De,62,Male,Bengaluru,New,2025-04-06
CUST009579,Reyansh Maharaj,45,Male,Pune,Regular,2023-01-09
CUST009580,Zansi Oak,20,Female,Jaipur,Regular,2022-11-17
CUST009581,Sudiksha Prakash,24,Male,Ahmedabad,New,2025-03-28
CUST009582,Manthan Sabharwal,60,Female,Delhi,Regular,2024-12-21
CUST009583,Aadi Bhargava,69,Female,Kolkata,Premium,2024-08-31
CUST009584,Orinder Bala,58,Male,Chennai,Regular,2025-01-16
CUST009585,Frederick Dugar,50,Female,Kolkata,Regular,2025-11-11
CUST009586,Arya Palan,50,Other,Kolkata,Regular,2023-06-04
CUST009587,Ekiya Sachdev,49,Male,Pune,Premium,2025-12-10
CUST009588,Karan Keer,26,Female,Ahmedabad,Premium,2023-07-20
CUST009589,Falak Varty,63,Male,Kolkata,New,2025-09-22
CUST009590,Indali Contractor,39,Female,Indore,Regular,2024-08-12
CUST009591,Sanaya Balan,51,Female,Ahmedabad,Regular,2023-07-02
CUST009592,Ronith Atwal,69,Female,Hyderabad,New,2026-02-21
CUST009593,Radha Aggarwal,51,Male,Jaipur,Regular,2026-06-05
CUST009594,Ekalinga Shroff,49,Female,Pune,Regular,2024-02-02
CUST009595,Omkaar Mammen,53,Male,Chennai,Regular,2023-03-06
CUST009596,Arjun Batta,53,Male,Ahmedabad,New,2024-07-18
CUST009597,Wakeeta Palla,60,Female,Chennai,New,2024-11-07
CUST009598,Ekta Oak,35,Male,Indore,Regular,2025-07-24
CUST009599,Abdul Nigam,29,Female,Pune,Regular,2025-02-07
CUST009600,Chavvi Nayak,28,Male,Ahmedabad,New,2022-11-03
CUST009601,Raksha Goda,28,Male,Pune,New,2026-06-29
CUST009602,Mahika Sachar,18,Female,Bengaluru,New,2025-04-21
CUST009603,Maya Dave,51,Male,Bengaluru,Regular,2024-07-20
CUST009604,Yachana Sanghvi,21,Female,Indore,Regular,2024-02-06
CUST009605,Jeet Mani,45,Female,Pune,Regular,2025-12-02
CUST009606,Balveer Morar,64,Female,Jaipur,Regular,2026-01-12
CUST009607,Anamika Naik,38,Male,Indore,Regular,2026-07-17
CUST009608,Aashi Rattan,44,Male,Delhi,Regular,2023-04-13
CUST009609,Vidhi Raju,41,Male,Chennai,Regular,2023-10-08
CUST009610,Chakrika Jaggi,33,Female,Jaipur,Regular,2026-04-23
CUST009611,Hredhaan Sandal,27,Male,Bengaluru,New,2025-12-29
CUST009612,Saumya Kunda,21,Male,Ahmedabad,New,2022-10-20
CUST009613,Oni Vaidya,19,Female,Delhi,Regular,2025-10-14
CUST009614,Divya Sekhon,18,Male,Mumbai,New,2023-10-23
CUST009615,Gabriel Bhagat,57,Female,Indore,Regular,2024-05-04
CUST009616,Tanvi Dora,26,Male,Delhi,New,2024-06-25
CUST009617,Gavin Thaman,29,Male,Jaipur,New,2024-07-24
CUST009618,Shivani Yogi,66,Female,Ahmedabad,Regular,2025-04-04
CUST009619,Tarak Sha,30,Female,Pune,Premium,2024-09-01
CUST009620,Elijah Dutta,19,Male,Kolkata,Regular,2023-11-05
CUST009621,Imaran Sankar,58,Male,Mumbai,New,2025-10-22
CUST009622,Ishani Vig,18,Male,Mumbai,Regular,2023-04-14
CUST009623,Yatin Sarna,34,Male,Hyderabad,Regular,2024-12-25
CUST009624,Anamika Sarraf,21,Male,Pune,Regular,2022-09-02
CUST009625,Balveer Subramanian,56,Male,Kolkata,Regular,2025-04-30
CUST009626,Lopa Padmanabhan,63,Female,Kolkata,Regular,2022-12-13
CUST009627,Kashvi Ramesh,43,Female,Pune,New,2026-01-01
CUST009628,Rachana Dewan,67,Male,Hyderabad,Regular,2025-11-16
CUST009629,Thomas Dutt,32,Male,Kolkata,Regular,2024-08-27
CUST009630,Hema Taneja,62,Female,Jaipur,New,2023-02-28
CUST009631,Januja Ramachandran,47,Female,Ahmedabad,New,2026-06-13
CUST009632,Qasim Bora,60,Female,Hyderabad,Regular,2023-04-25
CUST009633,Aayush Bala,20,Female,Bengaluru,Regular,2025-01-03
CUST009634,Tanvi Toor,50,Female,Pune,Regular,2026-04-29
CUST009635,Ishwar Pillai,48,Female,Hyderabad,Regular,2023-08-27
CUST009636,Dalaja Golla,23,Female,Bengaluru,Premium,2024-02-08
CUST009637,Lajita Bahri,39,Male,Chennai,Regular,2022-09-08
CUST009638,Gauri Swaminathan,22,Female,Ahmedabad,Regular,2026-02-09
CUST009639,Nikita Batra,20,Female,Hyderabad,New,2025-08-16
CUST009640,Azaan Jain,49,Other,Jaipur,Regular,2026-06-30
CUST009641,Elijah Korpal,58,Male,Delhi,Regular,2026-02-25
CUST009642,Hamsini Gulati,67,Other,Jaipur,Regular,2023-03-11
CUST009643,Radha Wason,55,Female,Mumbai,Regular,2023-10-17
CUST009644,Ridhi Bala,66,Female,Indore,Regular,2025-10-15
CUST009645,Caleb Sandhu,58,Female,Pune,New,2022-11-05
CUST009646,Wishi Magar,40,Male,Chennai,Regular,2026-08-26
CUST009647,Hardik Mall,20,Male,Chennai,Regular,2026-01-02
CUST009648,Yug Saxena,48,Female,Hyderabad,New,2022-10-16
CUST009649,Arunima Buch,42,Male,Jaipur,Regular,2025-10-05
CUST009650,Dayamai Mander,37,Female,Indore,Regular,2023-06-30
CUST009651,Raksha Butala,35,Male,Jaipur,Regular,2025-06-19
CUST009652,William Thakur,18,Male,Hyderabad,Premium,2026-07-13
CUST009653,Rajeshri Grewal,27,Male,Indore,Regular,2026-05-19
CUST009654,Ishita Sridhar,69,Female,Hyderabad,Regular,2025-09-01
CUST009655,Charvi Ahuja,30,Male,Indore,Premium,2025-10-20
CUST009656,Aadhya Prasad,24,Male,Mumbai,Regular,2026-03-15
CUST009657,Pushti Dara,29,Male,Ahmedabad,Regular,2024-11-19
CUST009658,Bina Zacharia,26,Male,Bengaluru,Regular,2025-09-27
CUST009659,Damyanti Bhavsar,35,Female,Bengaluru,New,2023-10-28
CUST009660,Vrinda Toor,21,Male,Pune,Regular,2024-03-12
CUST009661,Devansh Krishna,68,Female,Delhi,Regular,2023-02-14
CUST009662,Oscar Sahota,30,Male,Pune,Regular,2023-07-16
CUST009663,Orinder Butala,55,Female,Kolkata,Regular,2025-05-08
CUST009664,Laban Jayaraman,50,Other,Delhi,Regular,2025-09-10
CUST009665,Nathaniel Das,64,Male,Jaipur,New,2023-12-29
CUST009666,Akshay Shenoy,52,Male,Pune,Regular,2025-08-18
CUST009667,Siddharth Devi,42,Female,Chennai,Regular,2025-06-22
CUST009668,Bimala Mahajan,65,Male,Chennai,New,2024-10-31
CUST009669,Indali Saini,50,Male,Bengaluru,Regular,2024-08-02
CUST009670,Ekavir Patla,54,Female,Ahmedabad,Regular,2026-03-10
CUST009671,Indrajit Shetty,40,Male,Kolkata,Regular,2025-06-03
CUST009672,Madhavi Amble,48,Female,Bengaluru,Premium,2023-12-02
CUST009673,Omisha Kashyap,26,Female,Mumbai,Regular,2025-02-09
CUST009674,Hardik Ratti,54,Male,Jaipur,Regular,2025-07-29
CUST009675,Kamala Sarraf,64,Female,Kolkata,New,2025-06-08
CUST009676,Vyanjana Sengupta,19,Male,Indore,Premium,2025-11-08
CUST009677,Kashish Som,38,Male,Indore,Regular,2025-09-19
CUST009678,Lekha Rattan,52,Female,Chennai,Premium,2026-04-28
CUST009679,Vasana Ramesh,63,Male,Hyderabad,Regular,2022-11-09
CUST009680,Jeremiah Anand,41,Male,Chennai,Regular,2024-10-13
CUST009681,Logan Sarin,33,Other,Chennai,Regular,2023-12-24
CUST009682,Ekani Goyal,41,Male,Delhi,Premium,2022-12-16
CUST009683,Januja Bhatia,55,Female,Hyderabad,New,2023-11-18
CUST009684,Krish Thaker,67,Female,Ahmedabad,Premium,2024-09-24
CUST009685,Upadhriti Patel,67,Female,Pune,Regular,2023-12-06
CUST009686,Lucky Ganesan,53,Male,Pune,New,2022-09-05
CUST009687,Faraj Pathak,39,Male,Chennai,Regular,2025-08-08
CUST009688,Oeshi Garde,66,Male,Jaipur,New,2025-03-10
CUST009689,Vincent Vora,19,Male,Ahmedabad,Premium,2024-06-29
CUST009690,Bakhshi Bhatia,29,Male,Ahmedabad,New,2024-04-10
CUST009691,Logan Mody,45,Female,Hyderabad,Regular,2024-06-03
CUST009692,Samaksh Barad,64,Male,Hyderabad,Regular,2023-09-14
CUST009693,Gagan Kurian,26,Female,Mumbai,New,2023-09-16
CUST009694,Rishi Chakraborty,23,Female,Jaipur,Regular,2024-12-21
CUST009695,William Khurana,47,Female,Delhi,Regular,2026-02-24
CUST009696,Farhan Chopra,47,Female,Chennai,New,2026-07-30
CUST009697,Yashoda Lall,21,Female,Chennai,New,2025-07-02
CUST009698,Nandini Pandya,67,Male,Mumbai,Premium,2023-09-23
CUST009699,Hemal Virk,43,Female,Jaipur,Regular,2024-10-10
CUST009700,Kamya Deol,58,Male,Jaipur,Regular,2025-08-15
CUST009701,Ishani Dube,47,Female,Indore,Regular,2025-01-29
CUST009702,Hemang Oza,66,Male,Chennai,New,2022-12-23
CUST009703,Reyansh Sabharwal,24,Female,Pune,Regular,2025-03-31
CUST009704,Zehaan Pal,38,Female,Pune,New,2024-08-04
CUST009705,Edhitha Bora,25,Male,Hyderabad,Regular,2026-08-24
CUST009706,Ryan Thaker,55,Female,Kolkata,New,2024-08-06
CUST009707,Wyatt Narasimhan,27,Male,Mumbai,Regular,2024-02-22
CUST009708,Panini Sankaran,43,Male,Indore,Regular,2026-05-22
CUST009709,Samar Pant,22,Female,Ahmedabad,Regular,2025-09-05
CUST009710,Zashil Bir,27,Female,Delhi,Regular,2024-08-18
CUST009711,Eta Ram,55,Female,Chennai,New,2026-07-03
CUST009712,Jason Choudhry,67,Female,Bengaluru,Premium,2025-12-14
CUST009713,Kai Lalla,67,Male,Hyderabad,Premium,2026-04-27
CUST009714,Damini Singhal,69,Male,Chennai,Premium,2024-06-12
CUST009715,Rohan Ramaswamy,48,Female,Jaipur,Premium,2026-01-25
CUST009716,Laksh Sankar,62,Male,Pune,Premium,2024-11-21
CUST009717,Jackson Sundaram,49,Female,Delhi,New,2025-03-02
CUST009718,Rayaan Saraf,20,Male,Indore,Regular,2024-09-14
CUST009719,Gautam Agrawal,48,Male,Ahmedabad,Regular,2023-03-20
CUST009720,Faraj Bhardwaj,31,Male,Mumbai,Regular,2025-07-19
CUST009721,Joshua Andra,48,Male,Ahmedabad,Regular,2023-06-16
CUST009722,Nathan Chaudhuri,23,Male,Chennai,Regular,2026-07-20
CUST009723,Jeet Pau,57,Male,Bengaluru,Regular,2025-05-14
CUST009724,Benjamin Mahal,44,Male,Hyderabad,New,2026-06-25
CUST009725,Lavanya Garg,49,Male,Mumbai,Regular,2026-03-04
CUST009726,Anika Sahni,52,Other,Jaipur,Regular,2025-08-02
CUST009727,Matthew Banik,51,Male,Hyderabad,Regular,2023-01-21
CUST009728,Gayathri Sandal,27,Female,Indore,Regular,2024-05-23
CUST009729,Warinder Kala,67,Other,Indore,Premium,2025-07-17
CUST009730,Balhaar Vig,55,Female,Chennai,Premium,2023-04-27
CUST009731,Ranbir Deep,36,Female,Chennai,Regular,2024-04-15
CUST009732,Ekantika Khosla,53,Female,Jaipur,Premium,2025-07-10
CUST009733,Aradhana Atwal,65,Male,Jaipur,Regular,2023-08-29
CUST009734,Warda Murthy,64,Female,Chennai,Regular,2023-12-28
CUST009735,Dominic Mahal,44,Male,Pune,Regular,2026-06-17
CUST009736,Darsh Dhaliwal,22,Female,Chennai,Regular,2026-06-02
CUST009737,Chameli Gupta,36,Male,Mumbai,Premium,2025-11-10
CUST009738,Chandran Sura,64,Male,Bengaluru,Regular,2023-11-06
CUST009739,Akshay Kala,35,Female,Bengaluru,New,2025-10-17
CUST009740,Qarin Varma,25,Female,Delhi,Regular,2022-11-21
CUST009741,Aryan Dey,60,Male,Hyderabad,Regular,2023-10-14
CUST009742,Aayush Mittal,51,Female,Delhi,Regular,2026-08-09
CUST009743,Gabriel Bajwa,33,Female,Kolkata,Regular,2026-07-08
CUST009744,Upadhriti Sule,29,Male,Kolkata,Regular,2023-01-25
CUST009745,Warinder Narasimhan,44,Male,Indore,Regular,2025-08-24
CUST009746,Kai Suresh,63,Male,Jaipur,Regular,2024-09-04
CUST009747,Vrishti Sarin,61,Male,Pune,Regular,2024-03-01
CUST009748,Aarini Sastry,25,Male,Chennai,New,2024-05-08
CUST009749,Raksha Datta,22,Female,Chennai,Regular,2024-07-18
CUST009750,Vamakshi Kar,48,Female,Mumbai,Premium,2024-02-04
CUST009751,Dayita Chhabra,28,Male,Pune,New,2023-11-19
CUST009752,Gunbir Gole,27,Male,Pune,New,2026-07-11
CUST009753,Niharika Sangha,64,Male,Bengaluru,Regular,2023-02-09
CUST009754,Yatin Kalla,18,Female,Pune,Regular,2026-01-20
CUST009755,Amaira Gola,28,Male,Kolkata,Regular,2024-08-16
CUST009756,Liam Biswas,28,Other,Ahmedabad,Regular,2024-02-17
CUST009757,Guneet Johal,69,Male,Pune,Regular,2026-06-03
CUST009758,Tristan Krish,48,Male,Jaipur,New,2025-01-29
CUST009759,Rajeshri Dugar,65,Female,Indore,Premium,2024-09-01
CUST009760,Yamini Golla,59,Other,Hyderabad,Regular,2026-06-14
CUST009761,Sanya Solanki,19,Female,Bengaluru,Regular,2023-06-18
CUST009762,Ekaraj Deep,42,Female,Kolkata,Regular,2025-03-22
CUST009763,Timothy Sengupta,38,Male,Mumbai,Regular,2026-07-26
CUST009764,Imaran Divan,43,Male,Ahmedabad,New,2024-07-15
CUST009765,Xavier Patil,52,Male,Delhi,Premium,2023-12-31
CUST009766,Gagan Mani,44,Male,Chennai,New,2026-01-25
CUST009767,Frado Chakraborty,49,Female,Bengaluru,Regular,2024-06-13
CUST009768,Peter Bandi,68,Male,Indore,Regular,2026-03-15
CUST009769,Eshana Chakrabarti,57,Male,Bengaluru,New,2022-11-08
CUST009770,Anya Krishnamurthy,55,Female,Bengaluru,Regular,2023-06-19
CUST009771,Zayan Kale,57,Female,Indore,Regular,2024-04-29
CUST009772,Bina Krishnamurthy,43,Other,Delhi,New,2023-07-21
CUST009773,Omya Chander,53,Female,Pune,Premium,2023-09-25
CUST009774,Naksh Amble,66,Male,Delhi,Regular,2025-05-06
CUST009775,Ubika Doctor,28,Female,Ahmedabad,Regular,2023-05-12
CUST009776,Mitali Tella,55,Male,Pune,Regular,2023-09-04
CUST009777,Naksh Shenoy,62,Female,Delhi,Premium,2024-10-27
CUST009778,Yashica Sehgal,68,Female,Indore,Regular,2026-07-30
CUST009779,Vasatika Cherian,50,Female,Indore,New,2022-11-24
CUST009780,Raghav Zachariah,37,Female,Bengaluru,Regular,2025-11-07
CUST009781,Tejas Baral,23,Female,Mumbai,Regular,2022-09-20
CUST009782,Caleb Bhasin,27,Female,Indore,New,2025-06-27
CUST009783,Siddharth Dey,27,Female,Pune,Regular,2024-02-11
CUST009784,Vamakshi Sehgal,26,Male,Ahmedabad,Premium,2026-06-03
CUST009785,Bhanumati Rau,66,Male,Mumbai,Regular,2024-03-25
CUST009786,Jai Srinivas,23,Male,Bengaluru,New,2023-05-13
CUST009787,Turvi Bala,55,Male,Mumbai,New,2023-09-07
CUST009788,Anusha Sama,37,Female,Bengaluru,Regular,2025-05-15
CUST009789,Thomas Gour,64,Female,Delhi,Premium,2025-09-07
CUST009790,Kritika Pandya,42,Male,Jaipur,New,2025-06-01
CUST009791,Bhavani Bhattacharyya,66,Male,Bengaluru,Premium,2024-01-30
CUST009792,Nirja Iyer,62,Male,Indore,Regular,2024-01-28
CUST009793,Udyati Munshi,28,Male,Pune,Regular,2024-10-06
CUST009794,Dipta Bir,60,Female,Jaipur,New,2026-02-19
CUST009795,Hritik Tata,20,Male,Bengaluru,Regular,2024-05-04
CUST009796,Jagrati Patel,34,Male,Chennai,New,2026-07-17
CUST009797,Falak Sabharwal,23,Male,Ahmedabad,Regular,2022-09-17
CUST009798,Veer Kanda,57,Male,Delhi,Premium,2024-07-24
CUST009799,Mitesh Gopal,60,Female,Kolkata,New,2025-01-29
CUST009800,Anita Varty,47,Male,Hyderabad,Regular,2023-10-01
CUST009801,Gaurang Anand,68,Male,Kolkata,Regular,2025-01-21
CUST009802,Qarin Datta,27,Female,Pune,Premium,2024-01-17
CUST009803,Alka Nigam,50,Male,Indore,New,2024-02-28
CUST009804,Jyoti Hora,51,Female,Jaipur,Premium,2024-08-01
CUST009805,Victor Sundaram,58,Male,Bengaluru,Premium,2024-05-05
CUST009806,Chakradev Mahajan,51,Male,Chennai,Premium,2022-12-15
CUST009807,Maanas Sanghvi,30,Female,Ahmedabad,New,2023-12-18
CUST009808,Dakshesh Goyal,68,Male,Chennai,Regular,2025-04-16
CUST009809,Chakradhar Brahmbhatt,47,Male,Pune,Regular,2023-08-06
CUST009810,Mohammed Gola,47,Male,Bengaluru,New,2025-03-03
CUST009811,Jairaj Babu,45,Male,Kolkata,Regular,2025-04-18
CUST009812,Janaki Dixit,46,Male,Ahmedabad,Regular,2023-12-25
CUST009813,Michael Ganesan,59,Male,Jaipur,Regular,2025-03-29
CUST009814,Bachittar Chahal,23,Female,Indore,Regular,2025-09-14
CUST009815,Meera Deol,58,Female,Bengaluru,Regular,2025-01-10
CUST009816,Atharv Sharma,53,Female,Bengaluru,Premium,2026-01-30
CUST009817,Falguni Hora,50,Female,Kolkata,Premium,2025-03-23
CUST009818,Upadhriti Yohannan,64,Female,Hyderabad,New,2026-08-18
CUST009819,Chaitaly Tara,51,Female,Jaipur,New,2024-05-15
CUST009820,Arjun Bedi,66,Female,Pune,New,2024-07-09
CUST009821,Deepa Mitter,38,Male,Chennai,Regular,2024-05-10
CUST009822,Manya Purohit,44,Female,Mumbai,Regular,2025-03-29
CUST009823,Tristan Sankar,51,Female,Indore,Premium,2026-08-11
CUST009824,Dayamai Kade,68,Female,Jaipur,Regular,2024-11-10
CUST009825,Yashasvi Dutt,65,Male,Chennai,New,2026-05-25
CUST009826,Amol Wagle,26,Male,Chennai,New,2024-01-18
CUST009827,Pratyush Natt,26,Female,Delhi,Premium,2026-01-02
CUST009828,Noah Sood,38,Female,Hyderabad,New,2026-01-11
CUST009829,Krishna Rai,26,Female,Bengaluru,Regular,2025-01-23
CUST009830,Shivansh Dhar,20,Female,Jaipur,New,2024-01-19
CUST009831,Nathan Sura,33,Male,Mumbai,Regular,2023-09-13
CUST009832,Nitara Zachariah,64,Other,Hyderabad,Premium,2026-02-22
CUST009833,Urvashi Bhakta,68,Male,Pune,Regular,2025-10-02
CUST009834,Unni Goel,38,Male,Mumbai,Regular,2023-06-23
CUST009835,Zehaan Krishnamurthy,53,Male,Pune,New,2026-05-19
CUST009836,Omaja Rao,37,Male,Kolkata,New,2023-02-08
CUST009837,Ira Chaudhry,30,Male,Hyderabad,Regular,2026-08-24
CUST009838,Libni Chahal,42,Female,Ahmedabad,Regular,2024-12-25
CUST009839,Kritika Varghese,22,Female,Ahmedabad,Regular,2024-05-04
CUST009840,Yadavi Raju,56,Female,Mumbai,New,2025-11-18
CUST009841,Omkaar Magar,39,Female,Pune,Regular,2023-09-22
CUST009842,Anirudh Korpal,42,Female,Delhi,Regular,2025-07-20
CUST009843,Fiyaz Venkatesh,34,Male,Pune,Regular,2024-06-22
CUST009844,Omisha Chadha,65,Female,Ahmedabad,New,2023-08-20
CUST009845,Anjali Batta,21,Male,Pune,Regular,2026-04-10
CUST009846,Wahab Chaudhuri,45,Female,Kolkata,Regular,2024-12-21
CUST009847,Ayaan Dara,27,Male,Delhi,Regular,2024-05-03
CUST009848,Amrita Singh,39,Female,Kolkata,Premium,2024-06-12
CUST009849,Krishna Jani,27,Male,Mumbai,Regular,2024-10-04
CUST009850,Yug Agate,34,Female,Mumbai,Regular,2023-01-17
CUST009851,Nathaniel Bala,59,Male,Kolkata,Regular,2022-12-26
CUST009852,Tanveer Char,26,Male,Bengaluru,Regular,2024-10-15
CUST009853,Pranit Balasubramanian,20,Female,Indore,Regular,2022-09-07
CUST009854,Wridesh Chaudhary,39,Female,Ahmedabad,Premium,2024-03-16
CUST009855,Tarak Bora,58,Male,Delhi,Regular,2026-08-09
CUST009856,Xavier Rana,50,Female,Ahmedabad,Regular,2025-05-14
CUST009857,Ekalinga Manne,34,Male,Jaipur,Premium,2025-12-04
CUST009858,Peter Buch,65,Female,Kolkata,Premium,2023-05-16
CUST009859,Chakradev Goswami,48,Female,Indore,Premium,2023-09-12
CUST009860,Pooja Sule,63,Male,Delhi,Regular,2023-06-15
CUST009861,Isaiah Goswami,31,Male,Mumbai,Regular,2025-04-21
CUST009862,Andrew Konda,43,Female,Hyderabad,Regular,2023-01-27
CUST009863,Vedika Nagarajan,42,Female,Delhi,Regular,2024-05-09
CUST009864,Abhimanyu Ahluwalia,63,Female,Mumbai,Regular,2025-08-05
CUST009865,Fariq Sheth,37,Female,Hyderabad,Regular,2024-04-04
CUST009866,Simon Ghosh,29,Male,Kolkata,Regular,2026-08-26
CUST009867,Dayamai Wagle,41,Female,Kolkata,Premium,2023-09-03
CUST009868,Tejas Uppal,22,Female,Delhi,Regular,2026-07-12
CUST009869,Ishaan Pradhan,47,Female,Ahmedabad,Regular,2026-07-17
CUST009870,Dhriti Mane,45,Female,Hyderabad,Premium,2025-09-18
CUST009871,Daksha Saran,40,Other,Jaipur,Premium,2025-04-16
CUST009872,Ishaan Shroff,67,Other,Delhi,Regular,2025-04-28
CUST009873,Sneha Apte,19,Female,Delhi,Regular,2023-03-24
CUST009874,Lohit Walia,53,Male,Indore,Regular,2023-06-14
CUST009875,Aachal Bera,49,Male,Jaipur,New,2022-11-09
CUST009876,Zinal Andra,68,Male,Hyderabad,Regular,2026-04-27
CUST009877,Barkha Comar,50,Male,Pune,New,2023-06-02
CUST009878,Oliver Chowdhury,29,Female,Mumbai,Regular,2024-04-10
CUST009879,Aryan Prasad,53,Other,Ahmedabad,Regular,2026-04-27
CUST009880,Pranav Lanka,58,Female,Delhi,Regular,2025-08-17
CUST009881,Vivaan Dewan,36,Female,Kolkata,Regular,2025-07-25
CUST009882,Rachit Seshadri,61,Female,Pune,New,2024-04-17
CUST009883,Jalsa Divan,44,Male,Ahmedabad,Regular,2025-06-12
CUST009884,Nihal Chakrabarti,21,Male,Chennai,Regular,2023-08-06
CUST009885,Hardik Sarkar,21,Female,Indore,Regular,2024-08-23
CUST009886,Bina Gandhi,46,Male,Chennai,New,2024-11-27
CUST009887,Oliver Raju,46,Male,Pune,Regular,2024-10-04
CUST009888,Harrison Chacko,56,Female,Ahmedabad,Premium,2024-05-12
CUST009889,Yashasvi Choudhry,20,Female,Bengaluru,Regular,2023-02-20
CUST009890,Upadhriti Yadav,34,Female,Kolkata,Premium,2024-05-29
CUST009891,Abhimanyu Gola,47,Male,Pune,New,2024-01-07
CUST009892,Gauri Gulati,28,Male,Bengaluru,Regular,2024-10-24
CUST009893,Aahana Gara,55,Female,Mumbai,Regular,2024-06-30
CUST009894,Vivaan Babu,46,Female,Pune,New,2023-05-21
CUST009895,Banjeet Mistry,34,Female,Kolkata,Regular,2023-01-05
CUST009896,Hamsini Joshi,24,Male,Indore,New,2025-05-20
CUST009897,Barkha Arora,46,Female,Jaipur,Premium,2024-03-11
CUST009898,Faras Vig,28,Female,Bengaluru,Regular,2023-11-08
CUST009899,Darsh Oommen,20,Male,Indore,Regular,2022-10-10
CUST009900,Ekantika Nagarajan,23,Male,Bengaluru,Regular,2022-09-02
CUST009901,Yachana Nagarajan,58,Female,Indore,Regular,2023-05-10
CUST009902,Nitara Suri,60,Male,Pune,Regular,2024-07-22
CUST009903,Viraj Taneja,40,Male,Hyderabad,Regular,2024-10-20
CUST009904,Rajata Seth,25,Male,Kolkata,Regular,2025-04-02
CUST009905,Chandran Amble,24,Female,Delhi,Premium,2025-01-13
CUST009906,Arjun Sengupta,38,Male,Pune,Regular,2024-04-30
CUST009907,Chaitaly Baria,62,Female,Chennai,Regular,2024-02-07
CUST009908,Ekanta Narang,67,Female,Delhi,New,2025-09-17
CUST009909,Frado Tank,46,Female,Delhi,Regular,2026-07-01
CUST009910,Riya Ganesh,38,Male,Jaipur,Regular,2024-08-04
CUST009911,Xavier Devan,51,Female,Bengaluru,Regular,2024-12-28
CUST009912,Atharv Dalal,24,Female,Pune,Regular,2026-04-05
CUST009913,Kalpit Apte,25,Female,Pune,Regular,2024-03-11
CUST009914,Gautam Dugar,51,Female,Ahmedabad,Regular,2022-12-05
CUST009915,Aadhya Bala,60,Male,Ahmedabad,Regular,2024-06-22
CUST009916,Leela Walla,20,Male,Mumbai,Regular,2022-10-16
CUST009917,Balveer Patla,29,Female,Hyderabad,New,2022-10-13
CUST009918,Chavvi Barman,55,Male,Mumbai,Regular,2024-05-13
CUST009919,Devansh Bhatti,18,Female,Delhi,Regular,2025-07-11
CUST009920,Anjali Soman,58,Female,Delhi,Regular,2026-01-25
CUST009921,Gaurang Sharma,39,Female,Kolkata,Regular,2022-11-13
CUST009922,Anita Zachariah,56,Male,Hyderabad,Regular,2024-02-26
CUST009923,Rajata Uppal,59,Other,Pune,Regular,2025-01-08
CUST009924,Robert Chakraborty,58,Male,Hyderabad,Regular,2023-05-10
CUST009925,Daksh Sem,18,Female,Pune,Premium,2025-10-18
CUST009926,Darika Mishra,35,Female,Chennai,Regular,2024-12-19
CUST009927,Yatin Verma,18,Male,Kolkata,Regular,2023-03-04
CUST009928,Jeet Chaudhry,61,Female,Mumbai,Regular,2025-11-10
CUST009929,Gautami Ray,33,Other,Pune,Regular,2024-10-13
CUST009930,Ucchal Sarna,22,Male,Indore,Regular,2024-06-05
CUST009931,Hamsini Dayal,45,Male,Mumbai,Regular,2023-10-19
CUST009932,Ayush Char,23,Male,Indore,Regular,2024-09-18
CUST009933,Michael Chandra,25,Male,Ahmedabad,Regular,2024-07-27
CUST009934,Damini Narula,56,Female,Delhi,Regular,2022-12-23
CUST009935,Unnati Baria,33,Male,Hyderabad,New,2023-03-17
CUST009936,Samesh Agrawal,47,Female,Ahmedabad,New,2023-09-23
CUST009937,Victor Mody,68,Female,Chennai,Regular,2024-07-31
CUST009938,Ria Sharma,54,Male,Delhi,New,2025-06-14
CUST009939,Ekantika Gupta,46,Female,Chennai,New,2025-10-03
CUST009940,Daniel Pandit,62,Male,Ahmedabad,Regular,2025-05-13
CUST009941,Amrita Viswanathan,65,Female,Chennai,Regular,2025-01-21
CUST009942,Warinder Patel,30,Female,Hyderabad,New,2025-09-03
CUST009943,Owen Shanker,23,Female,Bengaluru,New,2023-05-22
CUST009944,Tanveer Nori,21,Female,Bengaluru,New,2025-08-21
CUST009945,Amol Gade,65,Female,Indore,Premium,2025-08-20
CUST009946,Ayushman Kibe,66,Female,Jaipur,Regular,2025-02-07
CUST009947,Pallavi Hayre,64,Female,Indore,Regular,2025-09-10
CUST009948,Leena Mangat,42,Female,Pune,New,2024-12-05
CUST009949,Amaira Deshmukh,33,Male,Kolkata,Regular,2025-07-16
CUST009950,Yuvraj Kaul,63,Male,Indore,New,2024-01-06
CUST009951,Idika Deep,31,Male,Delhi,Regular,2025-09-05
CUST009952,Faras Saha,38,Female,Hyderabad,New,2025-06-21
CUST009953,Nidhi Ganesan,38,Female,Mumbai,Regular,2026-01-05
CUST009954,Urvashi Kothari,47,Male,Mumbai,Regular,2024-01-29
CUST009955,Wahab Muni,40,Female,Chennai,Regular,2026-06-19
CUST009956,Madhavi Dugar,26,Female,Mumbai,Regular,2022-11-24
CUST009957,Nirja Samra,38,Male,Hyderabad,Regular,2023-06-27
CUST009958,Anamika Bhargava,64,Female,Bengaluru,Regular,2023-02-26
CUST009959,Kiaan Chanda,45,Female,Ahmedabad,Regular,2024-04-01
CUST009960,Rohan Kumer,63,Male,Hyderabad,Regular,2026-05-30
CUST009961,Peter Sagar,18,Male,Jaipur,Regular,2023-07-23
CUST009962,Onveer Wable,20,Male,Hyderabad,Premium,2025-01-09
CUST009963,Qabil Kalla,59,Male,Ahmedabad,Regular,2023-06-27
CUST009964,Tripti Balay,33,Female,Chennai,Regular,2023-11-12
CUST009965,Amaira Patla,50,Female,Hyderabad,New,2024-03-15
CUST009966,Damini Jani,59,Female,Mumbai,Regular,2023-10-23
CUST009967,Manan Chad,39,Male,Bengaluru,Regular,2022-12-27
CUST009968,Unni Nori,51,Male,Mumbai,Regular,2023-10-14
CUST009969,Chaaya Natarajan,47,Female,Pune,Regular,2024-09-09
CUST009970,Ojas Buch,38,Female,Delhi,New,2025-05-06
CUST009971,Praneel Mital,36,Female,Ahmedabad,New,2024-04-08
CUST009972,Yashasvi Choudhary,44,Female,Bengaluru,New,2026-06-25
CUST009973,Falan Edwin,36,Female,Delhi,Regular,2025-04-24
CUST009974,Jason Reddy,34,Male,Ahmedabad,Regular,2023-10-27
CUST009975,Oscar Krishnamurthy,53,Female,Chennai,Regular,2025-06-20
CUST009976,Bhavya Gokhale,38,Female,Ahmedabad,New,2025-02-25
CUST009977,Oscar Kulkarni,29,Male,Hyderabad,Premium,2024-07-13
CUST009978,Ekantika Kala,24,Female,Ahmedabad,Regular,2025-06-06
CUST009979,Kavya Dani,37,Male,Indore,Regular,2024-03-10
CUST009980,Aarnav Bhat,22,Male,Jaipur,Premium,2024-08-19
CUST009981,Jagdish Lal,35,Male,Ahmedabad,Premium,2024-03-23
CUST009982,Thomas Mall,18,Male,Ahmedabad,New,2024-09-12
CUST009983,Wahab Bava,19,Male,Jaipur,Regular,2024-02-07
CUST009984,Onveer Lad,58,Male,Kolkata,Regular,2024-01-14
CUST009985,Faraj Bal,39,Female,Chennai,Regular,2025-09-27
CUST009986,Logan Krishnamurthy,41,Female,Delhi,Regular,2024-05-18
CUST009987,William Sridhar,26,Female,Delhi,Regular,2024-12-07
CUST009988,Om Morar,21,Male,Indore,Regular,2023-07-14
CUST009989,Ekavir Luthra,18,Female,Jaipur,Premium,2025-05-06
CUST009990,Agastya Sandal,66,Female,Ahmedabad,Regular,2024-06-12
CUST009991,Ishaan Bala,59,Male,Ahmedabad,Regular,2024-04-06
CUST009992,Xavier Sehgal,67,Female,Delhi,Regular,2026-07-17
CUST009993,Harsh Din,35,Female,Pune,Regular,2026-01-21
CUST009994,Zilmil Swaminathan,59,Male,Jaipur,Regular,2025-03-14
CUST009995,Libni Nigam,68,Male,Indore,Regular,2022-09-11
CUST009996,Faras Lata,25,Male,Jaipur,Regular,2024-07-09
CUST009997,Inaya Andra,65,Male,Hyderabad,Premium,2023-02-04
CUST009998,Nitesh Nagar,62,Male,Bengaluru,Premium,2022-09-01
CUST009999,Rayaan Bumb,29,Female,Hyderabad,New,2024-06-04
CUST010000,Aarav Kumar,43,Male,Delhi,Premium,2025-11-24
